Traffic_ID,Date,Time,Time_24Hr,Hour,Day_Of_Week,Is_Weekend,Is_Peak_Hour,Day_Part,Car_Count,Bike_Count,Bus_Count,Truck_Count,Total_Vehicles,PCU_Score,Congestion_Index,Heavy_Vehicle_Ratio,Bus_To_Car_Ratio,Traffic_Situation,Day_Type,Rush_Hour_Category,Commercial_Vehicle_Share,Car_Volume_Percentage
1,1,12:00:00 AM,00:00:00,0,Wednesday,0,0,Night,14,0,0,34,48,116.0,0.69,0.7083,0.0,normal,Weekday,Off-Peak Hours,0.7083,29.17
2,1,12:15:00 AM,00:15:00,0,Wednesday,0,0,Night,17,5,0,23,45,88.5,0.53,0.5111,0.0,normal,Weekday,Off-Peak Hours,0.5111,37.78
3,1,12:30:00 AM,00:30:00,0,Wednesday,0,0,Night,19,1,1,18,39,76.5,0.46,0.4872,0.05,normal,Weekday,Off-Peak Hours,0.4872,48.72
4,1,12:45:00 AM,00:45:00,0,Wednesday,0,0,Night,15,5,1,12,33,56.5,0.34,0.3939,0.0625,low,Weekday,Off-Peak Hours,0.3939,45.45
5,1,1:00:00 AM,01:00:00,1,Wednesday,0,0,Night,13,2,1,26,42,95.0,0.57,0.6429,0.0714,normal,Weekday,Off-Peak Hours,0.6429,30.95
6,1,1:15:00 AM,01:15:00,1,Wednesday,0,0,Night,15,3,0,32,50,112.5,0.67,0.64,0.0,normal,Weekday,Off-Peak Hours,0.64,30.0
7,1,1:30:00 AM,01:30:00,1,Wednesday,0,0,Night,15,0,1,13,29,57.0,0.34,0.4828,0.0625,normal,Weekday,Off-Peak Hours,0.4828,51.72
8,1,1:45:00 AM,01:45:00,1,Wednesday,0,0,Night,18,5,1,12,36,59.5,0.35,0.3611,0.0526,low,Weekday,Off-Peak Hours,0.3611,50.0
9,1,2:00:00 AM,02:00:00,2,Wednesday,0,0,Night,17,1,0,29,47,104.5,0.62,0.617,0.0,normal,Weekday,Off-Peak Hours,0.617,36.17
10,1,2:15:00 AM,02:15:00,2,Wednesday,0,0,Night,10,4,0,19,33,69.0,0.41,0.5758,0.0,normal,Weekday,Off-Peak Hours,0.5758,30.3
11,1,2:30:00 AM,02:30:00,2,Wednesday,0,0,Night,15,0,0,18,33,69.0,0.41,0.5455,0.0,normal,Weekday,Off-Peak Hours,0.5455,45.45
12,1,2:45:00 AM,02:45:00,2,Wednesday,0,0,Night,11,0,0,35,46,116.0,0.69,0.7609,0.0,normal,Weekday,Off-Peak Hours,0.7609,23.91
13,1,3:00:00 AM,03:00:00,3,Wednesday,0,0,Night,20,5,1,34,60,127.5,0.76,0.5833,0.0476,normal,Weekday,Off-Peak Hours,0.5833,33.33
14,1,3:15:00 AM,03:15:00,3,Wednesday,0,0,Night,15,5,1,32,53,116.5,0.69,0.6226,0.0625,normal,Weekday,Off-Peak Hours,0.6226,28.3
15,1,3:30:00 AM,03:30:00,3,Wednesday,0,0,Night,16,4,1,37,58,132.0,0.79,0.6552,0.0588,normal,Weekday,Off-Peak Hours,0.6552,27.59
16,1,3:45:00 AM,03:45:00,3,Wednesday,0,0,Night,14,1,0,12,27,50.5,0.3,0.4444,0.0,low,Weekday,Off-Peak Hours,0.4444,51.85
17,1,4:00:00 AM,04:00:00,4,Wednesday,0,0,Night,16,4,0,18,38,72.0,0.43,0.4737,0.0,normal,Weekday,Off-Peak Hours,0.4737,42.11
18,1,4:15:00 AM,04:15:00,4,Wednesday,0,0,Night,56,21,3,0,80,75.5,0.45,0.0375,0.0526,low,Weekday,Off-Peak Hours,0.0375,70.0
19,1,4:30:00 AM,04:30:00,4,Wednesday,0,0,Night,78,11,10,18,117,167.5,1.0,0.2393,0.1266,normal,Weekday,Off-Peak Hours,0.2393,66.67
20,1,4:45:00 AM,04:45:00,4,Wednesday,0,0,Night,82,29,0,20,131,156.5,0.93,0.1527,0.0,normal,Weekday,Off-Peak Hours,0.1527,62.6
21,1,5:00:00 AM,05:00:00,5,Wednesday,0,0,Morning,102,15,2,7,126,136.5,0.81,0.0714,0.0194,normal,Weekday,Off-Peak Hours,0.0714,80.95
22,1,5:15:00 AM,05:15:00,5,Wednesday,0,0,Morning,69,14,6,18,107,148.0,0.88,0.2243,0.0857,normal,Weekday,Off-Peak Hours,0.2243,64.49
23,1,5:30:00 AM,05:30:00,5,Wednesday,0,0,Morning,87,24,6,19,136,174.0,1.04,0.1838,0.0682,normal,Weekday,Off-Peak Hours,0.1838,63.97
24,1,5:45:00 AM,05:45:00,5,Wednesday,0,0,Morning,84,16,10,5,115,137.0,0.82,0.1304,0.1176,normal,Weekday,Off-Peak Hours,0.1304,73.04
25,1,6:00:00 AM,06:00:00,6,Wednesday,0,1,Morning,109,38,34,5,186,245.0,1.46,0.2097,0.3091,heavy,Weekday,Off-Peak Hours,0.2097,58.6
26,1,6:15:00 AM,06:15:00,6,Wednesday,0,1,Morning,147,38,23,3,211,244.0,1.45,0.1232,0.1554,heavy,Weekday,Off-Peak Hours,0.1232,69.67
27,1,6:30:00 AM,06:30:00,6,Wednesday,0,1,Morning,135,19,48,5,207,303.5,1.81,0.256,0.3529,heavy,Weekday,Off-Peak Hours,0.256,65.22
28,1,6:45:00 AM,06:45:00,6,Wednesday,0,1,Morning,101,23,41,5,170,250.5,1.49,0.2706,0.402,heavy,Weekday,Off-Peak Hours,0.2706,59.41
29,1,7:00:00 AM,07:00:00,7,Wednesday,0,1,Morning,138,21,28,1,188,235.5,1.4,0.1543,0.2014,heavy,Weekday,Morning Rush (7-10 AM),0.1543,73.4
30,1,7:15:00 AM,07:15:00,7,Wednesday,0,1,Morning,136,20,32,1,189,245.0,1.46,0.1746,0.2336,heavy,Weekday,Morning Rush (7-10 AM),0.1746,71.96
31,1,7:30:00 AM,07:30:00,7,Wednesday,0,1,Morning,123,19,25,5,172,222.5,1.32,0.1744,0.2016,heavy,Weekday,Morning Rush (7-10 AM),0.1744,71.51
32,1,7:45:00 AM,07:45:00,7,Wednesday,0,1,Morning,108,30,46,5,189,276.0,1.64,0.2698,0.422,heavy,Weekday,Morning Rush (7-10 AM),0.2698,57.14
33,1,8:00:00 AM,08:00:00,8,Wednesday,0,1,Morning,128,15,43,5,191,279.5,1.66,0.2513,0.3333,heavy,Weekday,Morning Rush (7-10 AM),0.2513,67.02
34,1,8:15:00 AM,08:15:00,8,Wednesday,0,1,Morning,129,37,41,1,208,273.5,1.63,0.2019,0.3154,heavy,Weekday,Morning Rush (7-10 AM),0.2019,62.02
35,1,8:30:00 AM,08:30:00,8,Wednesday,0,1,Morning,127,18,28,3,176,229.0,1.36,0.1761,0.2188,heavy,Weekday,Morning Rush (7-10 AM),0.1761,72.16
36,1,8:45:00 AM,08:45:00,8,Wednesday,0,1,Morning,142,37,46,3,228,307.5,1.83,0.2149,0.3217,heavy,Weekday,Morning Rush (7-10 AM),0.2149,62.28
37,1,9:00:00 AM,09:00:00,9,Wednesday,0,0,Morning,149,26,46,1,222,303.0,1.8,0.2117,0.3067,heavy,Weekday,Morning Rush (7-10 AM),0.2117,67.12
38,1,9:15:00 AM,09:15:00,9,Wednesday,0,0,Morning,77,13,7,23,120,173.5,1.03,0.25,0.0897,high,Weekday,Morning Rush (7-10 AM),0.25,64.17
39,1,9:30:00 AM,09:30:00,9,Wednesday,0,0,Morning,37,16,13,29,95,171.0,1.02,0.4421,0.3421,normal,Weekday,Morning Rush (7-10 AM),0.4421,38.95
40,1,9:45:00 AM,09:45:00,9,Wednesday,0,0,Morning,79,8,16,12,115,167.0,0.99,0.2435,0.2,normal,Weekday,Morning Rush (7-10 AM),0.2435,68.7
41,1,10:00:00 AM,10:00:00,10,Wednesday,0,0,Morning,97,2,16,7,122,167.0,0.99,0.1885,0.1633,normal,Weekday,Morning Rush (7-10 AM),0.1885,79.51
42,1,10:15:00 AM,10:15:00,10,Wednesday,0,0,Morning,22,8,31,8,69,143.0,0.85,0.5652,1.3478,normal,Weekday,Morning Rush (7-10 AM),0.5652,31.88
43,1,10:30:00 AM,10:30:00,10,Wednesday,0,0,Morning,31,23,19,12,85,135.5,0.81,0.3647,0.5938,normal,Weekday,Morning Rush (7-10 AM),0.3647,36.47
44,1,10:45:00 AM,10:45:00,10,Wednesday,0,0,Morning,49,22,16,5,92,123.0,0.73,0.2283,0.32,normal,Weekday,Morning Rush (7-10 AM),0.2283,53.26
45,1,11:00:00 AM,11:00:00,11,Wednesday,0,0,Morning,32,5,3,21,61,106.5,0.63,0.3934,0.0909,normal,Weekday,Off-Peak Hours,0.3934,52.46
46,1,11:15:00 AM,11:15:00,11,Wednesday,0,0,Morning,40,6,11,28,85,160.0,0.95,0.4588,0.2683,normal,Weekday,Off-Peak Hours,0.4588,47.06
47,1,11:30:00 AM,11:30:00,11,Wednesday,0,0,Morning,42,6,10,21,79,138.0,0.82,0.3924,0.2326,normal,Weekday,Off-Peak Hours,0.3924,53.16
48,1,11:45:00 AM,11:45:00,11,Wednesday,0,0,Morning,37,9,7,25,78,137.5,0.82,0.4103,0.1842,normal,Weekday,Off-Peak Hours,0.4103,47.44
49,1,12:00:00 PM,12:00:00,12,Wednesday,0,0,Afternoon,45,5,5,24,79,134.5,0.8,0.3671,0.1087,normal,Weekday,Off-Peak Hours,0.3671,56.96
50,1,12:15:00 PM,12:15:00,12,Wednesday,0,0,Afternoon,64,10,4,28,106,165.0,0.98,0.3019,0.0615,normal,Weekday,Off-Peak Hours,0.3019,60.38
51,1,12:30:00 PM,12:30:00,12,Wednesday,0,0,Afternoon,33,8,6,23,70,124.0,0.74,0.4143,0.1765,normal,Weekday,Off-Peak Hours,0.4143,47.14
52,1,12:45:00 PM,12:45:00,12,Wednesday,0,0,Afternoon,34,6,12,27,79,154.0,0.92,0.4937,0.3429,normal,Weekday,Off-Peak Hours,0.4937,43.04
53,1,1:00:00 PM,13:00:00,13,Wednesday,0,0,Afternoon,40,9,5,20,74,119.5,0.71,0.3378,0.122,normal,Weekday,Off-Peak Hours,0.3378,54.05
54,1,1:15:00 PM,13:15:00,13,Wednesday,0,0,Afternoon,64,19,22,12,117,175.5,1.04,0.2906,0.3385,normal,Weekday,Off-Peak Hours,0.2906,54.7
55,1,1:30:00 PM,13:30:00,13,Wednesday,0,0,Afternoon,108,24,34,7,173,243.0,1.45,0.237,0.3119,heavy,Weekday,Off-Peak Hours,0.237,62.43
56,1,1:45:00 PM,13:45:00,13,Wednesday,0,0,Afternoon,108,17,33,7,165,236.5,1.41,0.2424,0.3028,high,Weekday,Off-Peak Hours,0.2424,65.45
57,1,2:00:00 PM,14:00:00,14,Wednesday,0,0,Afternoon,50,23,21,11,105,157.5,0.94,0.3048,0.4118,normal,Weekday,Off-Peak Hours,0.3048,47.62
58,1,2:15:00 PM,14:15:00,14,Wednesday,0,0,Afternoon,16,21,10,16,63,104.5,0.62,0.4127,0.5882,normal,Weekday,Off-Peak Hours,0.4127,25.4
59,1,2:30:00 PM,14:30:00,14,Wednesday,0,0,Afternoon,91,22,34,8,155,228.0,1.36,0.271,0.3696,high,Weekday,Off-Peak Hours,0.271,58.71
60,1,2:45:00 PM,14:45:00,14,Wednesday,0,0,Afternoon,89,19,37,18,163,263.5,1.57,0.3374,0.4111,high,Weekday,Off-Peak Hours,0.3374,54.6
61,1,3:00:00 PM,15:00:00,15,Wednesday,0,0,Afternoon,108,12,23,8,151,207.0,1.23,0.2053,0.211,normal,Weekday,Off-Peak Hours,0.2053,71.52
62,1,3:15:00 PM,15:15:00,15,Wednesday,0,0,Afternoon,73,29,23,7,132,177.5,1.06,0.2273,0.3108,normal,Weekday,Off-Peak Hours,0.2273,55.3
63,1,3:30:00 PM,15:30:00,15,Wednesday,0,0,Afternoon,76,28,39,14,157,249.0,1.48,0.3376,0.5065,high,Weekday,Off-Peak Hours,0.3376,48.41
64,1,3:45:00 PM,15:45:00,15,Wednesday,0,0,Afternoon,19,15,20,17,71,137.5,0.82,0.5211,1.0,normal,Weekday,Off-Peak Hours,0.5211,26.76
65,1,4:00:00 PM,16:00:00,16,Wednesday,0,1,Afternoon,102,37,48,9,196,291.5,1.74,0.2908,0.466,heavy,Weekday,Evening Rush (4-7 PM),0.2908,52.04
66,1,4:15:00 PM,16:15:00,16,Wednesday,0,1,Afternoon,115,36,41,8,200,280.0,1.67,0.245,0.3534,heavy,Weekday,Evening Rush (4-7 PM),0.245,57.5
67,1,4:30:00 PM,16:30:00,16,Wednesday,0,1,Afternoon,142,23,23,6,194,240.5,1.43,0.1495,0.1608,heavy,Weekday,Evening Rush (4-7 PM),0.1495,73.2
68,1,4:45:00 PM,16:45:00,16,Wednesday,0,1,Afternoon,134,15,29,8,186,252.5,1.5,0.1989,0.2148,heavy,Weekday,Evening Rush (4-7 PM),0.1989,72.04
69,1,5:00:00 PM,17:00:00,17,Wednesday,0,1,Evening,146,18,49,9,222,329.0,1.96,0.2613,0.3333,heavy,Weekday,Evening Rush (4-7 PM),0.2613,65.77
70,1,5:15:00 PM,17:15:00,17,Wednesday,0,1,Evening,126,24,48,9,207,309.0,1.84,0.2754,0.378,heavy,Weekday,Evening Rush (4-7 PM),0.2754,60.87
71,1,5:30:00 PM,17:30:00,17,Wednesday,0,1,Evening,138,18,27,6,189,246.0,1.46,0.1746,0.1942,heavy,Weekday,Evening Rush (4-7 PM),0.1746,73.02
72,1,5:45:00 PM,17:45:00,17,Wednesday,0,1,Evening,129,13,43,6,191,282.5,1.68,0.2565,0.3308,heavy,Weekday,Evening Rush (4-7 PM),0.2565,67.54
73,1,6:00:00 PM,18:00:00,18,Wednesday,0,1,Evening,127,35,23,10,195,243.5,1.45,0.1692,0.1797,heavy,Weekday,Evening Rush (4-7 PM),0.1692,65.13
74,1,6:15:00 PM,18:15:00,18,Wednesday,0,1,Evening,144,20,22,7,193,241.0,1.43,0.1503,0.1517,heavy,Weekday,Evening Rush (4-7 PM),0.1503,74.61
75,1,6:30:00 PM,18:30:00,18,Wednesday,0,1,Evening,117,19,31,7,174,240.5,1.43,0.2184,0.2627,heavy,Weekday,Evening Rush (4-7 PM),0.2184,67.24
76,1,6:45:00 PM,18:45:00,18,Wednesday,0,1,Evening,87,10,13,16,126,179.0,1.07,0.2302,0.1477,normal,Weekday,Evening Rush (4-7 PM),0.2302,69.05
77,1,7:00:00 PM,19:00:00,19,Wednesday,0,0,Evening,87,6,18,30,141,234.0,1.39,0.3404,0.2045,high,Weekday,Evening Rush (4-7 PM),0.3404,61.7
78,1,7:15:00 PM,19:15:00,19,Wednesday,0,0,Evening,97,18,10,24,149,208.0,1.24,0.2282,0.102,high,Weekday,Evening Rush (4-7 PM),0.2282,65.1
79,1,7:30:00 PM,19:30:00,19,Wednesday,0,0,Evening,71,21,14,12,118,159.5,0.95,0.2203,0.1944,normal,Weekday,Evening Rush (4-7 PM),0.2203,60.17
80,1,7:45:00 PM,19:45:00,19,Wednesday,0,0,Evening,96,24,18,10,148,192.0,1.14,0.1892,0.1856,normal,Weekday,Evening Rush (4-7 PM),0.1892,64.86
81,1,8:00:00 PM,20:00:00,20,Wednesday,0,0,Evening,90,7,17,31,145,237.5,1.41,0.331,0.1868,high,Weekday,Night Freight (8-11 PM),0.331,62.07
82,1,8:15:00 PM,20:15:00,20,Wednesday,0,0,Evening,74,6,12,34,126,215.0,1.28,0.3651,0.16,high,Weekday,Night Freight (8-11 PM),0.3651,58.73
83,1,8:30:00 PM,20:30:00,20,Wednesday,0,0,Evening,59,7,15,20,101,167.5,1.0,0.3465,0.25,normal,Weekday,Night Freight (8-11 PM),0.3465,58.42
84,1,8:45:00 PM,20:45:00,20,Wednesday,0,0,Evening,87,11,16,28,142,224.5,1.34,0.3099,0.1818,high,Weekday,Night Freight (8-11 PM),0.3099,61.27
85,1,9:00:00 PM,21:00:00,21,Wednesday,0,0,Evening,62,22,20,20,124,193.0,1.15,0.3226,0.3175,normal,Weekday,Night Freight (8-11 PM),0.3226,50.0
86,1,9:15:00 PM,21:15:00,21,Wednesday,0,0,Evening,71,16,14,9,110,148.0,0.88,0.2091,0.1944,low,Weekday,Night Freight (8-11 PM),0.2091,64.55
87,1,9:30:00 PM,21:30:00,21,Wednesday,0,0,Evening,98,9,15,18,140,201.5,1.2,0.2357,0.1515,normal,Weekday,Night Freight (8-11 PM),0.2357,70.0
88,1,9:45:00 PM,21:45:00,21,Wednesday,0,0,Evening,93,8,10,16,127,175.0,1.04,0.2047,0.1064,normal,Weekday,Night Freight (8-11 PM),0.2047,73.23
89,1,10:00:00 PM,22:00:00,22,Wednesday,0,0,Night,17,4,0,36,57,127.0,0.76,0.6316,0.0,normal,Weekday,Night Freight (8-11 PM),0.6316,29.82
90,1,10:15:00 PM,22:15:00,22,Wednesday,0,0,Night,16,1,1,29,47,106.5,0.63,0.6383,0.0588,normal,Weekday,Night Freight (8-11 PM),0.6383,34.04
91,1,10:30:00 PM,22:30:00,22,Wednesday,0,0,Night,15,2,0,10,27,46.0,0.27,0.3704,0.0,low,Weekday,Night Freight (8-11 PM),0.3704,55.56
92,1,10:45:00 PM,22:45:00,22,Wednesday,0,0,Night,10,3,1,23,37,83.5,0.5,0.6486,0.0909,normal,Weekday,Night Freight (8-11 PM),0.6486,27.03
93,1,11:00:00 PM,23:00:00,23,Wednesday,0,0,Night,12,4,0,31,47,107.0,0.64,0.6596,0.0,normal,Weekday,Night Freight (8-11 PM),0.6596,25.53
94,1,11:15:00 PM,23:15:00,23,Wednesday,0,0,Night,20,1,1,24,46,95.5,0.57,0.5435,0.0476,normal,Weekday,Night Freight (8-11 PM),0.5435,43.48
95,1,11:30:00 PM,23:30:00,23,Wednesday,0,0,Night,11,0,1,23,35,83.0,0.49,0.6857,0.0833,normal,Weekday,Night Freight (8-11 PM),0.6857,31.43
96,1,11:45:00 PM,23:45:00,23,Wednesday,0,0,Night,14,1,1,17,33,68.5,0.41,0.5455,0.0667,normal,Weekday,Night Freight (8-11 PM),0.5455,42.42
97,2,12:00:00 AM,00:00:00,0,Thursday,0,0,Night,12,5,1,38,56,131.5,0.78,0.6964,0.0769,normal,Weekday,Off-Peak Hours,0.6964,21.43
98,2,12:15:00 AM,00:15:00,0,Thursday,0,0,Night,15,4,1,29,49,107.0,0.64,0.6122,0.0625,normal,Weekday,Off-Peak Hours,0.6122,30.61
99,2,12:30:00 AM,00:30:00,0,Thursday,0,0,Night,12,4,0,40,56,134.0,0.8,0.7143,0.0,normal,Weekday,Off-Peak Hours,0.7143,21.43
100,2,12:45:00 AM,00:45:00,0,Thursday,0,0,Night,11,5,0,22,38,79.5,0.47,0.5789,0.0,normal,Weekday,Off-Peak Hours,0.5789,28.95
101,2,1:00:00 AM,01:00:00,1,Thursday,0,0,Night,14,5,1,21,41,82.5,0.49,0.5366,0.0667,normal,Weekday,Off-Peak Hours,0.5366,34.15
102,2,1:15:00 AM,01:15:00,1,Thursday,0,0,Night,14,3,0,39,56,132.5,0.79,0.6964,0.0,normal,Weekday,Off-Peak Hours,0.6964,25.0
103,2,1:30:00 AM,01:30:00,1,Thursday,0,0,Night,10,4,1,11,26,48.0,0.29,0.4615,0.0909,low,Weekday,Off-Peak Hours,0.4615,38.46
104,2,1:45:00 AM,01:45:00,1,Thursday,0,0,Night,11,0,0,16,27,59.0,0.35,0.5926,0.0,normal,Weekday,Off-Peak Hours,0.5926,40.74
105,2,2:00:00 AM,02:00:00,2,Thursday,0,0,Night,12,3,0,39,54,130.5,0.78,0.7222,0.0,normal,Weekday,Off-Peak Hours,0.7222,22.22
106,2,2:15:00 AM,02:15:00,2,Thursday,0,0,Night,11,0,1,36,48,122.0,0.73,0.7708,0.0833,normal,Weekday,Off-Peak Hours,0.7708,22.92
107,2,2:30:00 AM,02:30:00,2,Thursday,0,0,Night,16,2,0,35,53,122.0,0.73,0.6604,0.0,normal,Weekday,Off-Peak Hours,0.6604,30.19
108,2,2:45:00 AM,02:45:00,2,Thursday,0,0,Night,17,3,1,36,57,129.5,0.77,0.6491,0.0556,normal,Weekday,Off-Peak Hours,0.6491,29.82
109,2,3:00:00 AM,03:00:00,3,Thursday,0,0,Night,13,1,1,13,28,55.5,0.33,0.5,0.0714,normal,Weekday,Off-Peak Hours,0.5,46.43
110,2,3:15:00 AM,03:15:00,3,Thursday,0,0,Night,14,5,0,19,38,73.5,0.44,0.5,0.0,normal,Weekday,Off-Peak Hours,0.5,36.84
111,2,3:30:00 AM,03:30:00,3,Thursday,0,0,Night,17,5,1,15,38,67.5,0.4,0.4211,0.0556,normal,Weekday,Off-Peak Hours,0.4211,44.74
112,2,3:45:00 AM,03:45:00,3,Thursday,0,0,Night,19,3,0,13,35,59.5,0.35,0.3714,0.0,normal,Weekday,Off-Peak Hours,0.3714,54.29
113,2,4:00:00 AM,04:00:00,4,Thursday,0,0,Night,19,3,1,12,35,59.5,0.35,0.3714,0.05,low,Weekday,Off-Peak Hours,0.3714,54.29
114,2,4:15:00 AM,04:15:00,4,Thursday,0,0,Night,54,15,10,8,87,115.5,0.69,0.2069,0.1818,low,Weekday,Off-Peak Hours,0.2069,62.07
115,2,4:30:00 AM,04:30:00,4,Thursday,0,0,Night,107,0,1,2,110,116.0,0.69,0.0273,0.0093,low,Weekday,Off-Peak Hours,0.0273,97.27
116,2,4:45:00 AM,04:45:00,4,Thursday,0,0,Night,116,20,5,14,155,183.0,1.09,0.1226,0.0427,normal,Weekday,Off-Peak Hours,0.1226,74.84
117,2,5:00:00 AM,05:00:00,5,Thursday,0,0,Morning,78,2,4,9,93,118.0,0.7,0.1398,0.0506,low,Weekday,Off-Peak Hours,0.1398,83.87
118,2,5:15:00 AM,05:15:00,5,Thursday,0,0,Morning,111,22,0,12,145,158.0,0.94,0.0828,0.0,normal,Weekday,Off-Peak Hours,0.0828,76.55
119,2,5:30:00 AM,05:30:00,5,Thursday,0,0,Morning,85,27,7,17,136,170.5,1.02,0.1765,0.0814,normal,Weekday,Off-Peak Hours,0.1765,62.5
120,2,5:45:00 AM,05:45:00,5,Thursday,0,0,Morning,95,5,9,20,129,184.5,1.1,0.2248,0.0938,normal,Weekday,Off-Peak Hours,0.2248,73.64
121,2,6:00:00 AM,06:00:00,6,Thursday,0,1,Morning,143,33,27,1,204,243.5,1.45,0.1373,0.1875,heavy,Weekday,Off-Peak Hours,0.1373,70.1
122,2,6:15:00 AM,06:15:00,6,Thursday,0,1,Morning,133,40,37,0,210,264.0,1.57,0.1762,0.2761,heavy,Weekday,Off-Peak Hours,0.1762,63.33
123,2,6:30:00 AM,06:30:00,6,Thursday,0,1,Morning,123,37,34,4,198,255.5,1.52,0.1919,0.2742,heavy,Weekday,Off-Peak Hours,0.1919,62.12
124,2,6:45:00 AM,06:45:00,6,Thursday,0,1,Morning,133,34,36,1,204,261.0,1.55,0.1814,0.2687,heavy,Weekday,Off-Peak Hours,0.1814,65.2
125,2,7:00:00 AM,07:00:00,7,Thursday,0,1,Morning,101,20,42,4,167,249.0,1.48,0.2754,0.4118,normal,Weekday,Morning Rush (7-10 AM),0.2754,60.48
126,2,7:15:00 AM,07:15:00,7,Thursday,0,1,Morning,145,10,37,0,192,261.0,1.55,0.1927,0.2534,heavy,Weekday,Morning Rush (7-10 AM),0.1927,75.52
127,2,7:30:00 AM,07:30:00,7,Thursday,0,1,Morning,141,39,40,5,225,295.5,1.76,0.2,0.2817,heavy,Weekday,Morning Rush (7-10 AM),0.2,62.67
128,2,7:45:00 AM,07:45:00,7,Thursday,0,1,Morning,134,12,22,2,170,212.0,1.26,0.1412,0.163,heavy,Weekday,Morning Rush (7-10 AM),0.1412,78.82
129,2,8:00:00 AM,08:00:00,8,Thursday,0,1,Morning,126,10,26,4,166,221.0,1.32,0.1807,0.2047,high,Weekday,Morning Rush (7-10 AM),0.1807,75.9
130,2,8:15:00 AM,08:15:00,8,Thursday,0,1,Morning,136,22,31,0,189,240.0,1.43,0.164,0.2263,heavy,Weekday,Morning Rush (7-10 AM),0.164,71.96
131,2,8:30:00 AM,08:30:00,8,Thursday,0,1,Morning,128,26,42,4,200,279.0,1.66,0.23,0.3256,heavy,Weekday,Morning Rush (7-10 AM),0.23,64.0
132,2,8:45:00 AM,08:45:00,8,Thursday,0,1,Morning,106,12,28,4,150,208.0,1.24,0.2133,0.2617,high,Weekday,Morning Rush (7-10 AM),0.2133,70.67
133,2,9:00:00 AM,09:00:00,9,Thursday,0,0,Morning,140,27,36,2,205,267.5,1.59,0.1854,0.2553,heavy,Weekday,Morning Rush (7-10 AM),0.1854,68.29
134,2,9:15:00 AM,09:15:00,9,Thursday,0,0,Morning,40,20,37,28,125,245.0,1.46,0.52,0.9024,high,Weekday,Morning Rush (7-10 AM),0.52,32.0
135,2,9:30:00 AM,09:30:00,9,Thursday,0,0,Morning,13,25,33,12,83,160.5,0.96,0.5422,2.3571,normal,Weekday,Morning Rush (7-10 AM),0.5422,15.66
136,2,9:45:00 AM,09:45:00,9,Thursday,0,0,Morning,18,22,26,10,76,137.0,0.82,0.4737,1.3684,normal,Weekday,Morning Rush (7-10 AM),0.4737,23.68
137,2,10:00:00 AM,10:00:00,10,Thursday,0,0,Morning,59,5,36,12,112,205.5,1.22,0.4286,0.6,high,Weekday,Morning Rush (7-10 AM),0.4286,52.68
138,2,10:15:00 AM,10:15:00,10,Thursday,0,0,Morning,48,9,30,14,101,184.5,1.1,0.4356,0.6122,normal,Weekday,Morning Rush (7-10 AM),0.4356,47.52
139,2,10:30:00 AM,10:30:00,10,Thursday,0,0,Morning,77,23,14,20,134,190.5,1.13,0.2537,0.1795,normal,Weekday,Morning Rush (7-10 AM),0.2537,57.46
140,2,10:45:00 AM,10:45:00,10,Thursday,0,0,Morning,17,13,13,27,70,143.5,0.85,0.5714,0.7222,normal,Weekday,Morning Rush (7-10 AM),0.5714,24.29
141,2,11:00:00 AM,11:00:00,11,Thursday,0,0,Morning,36,5,14,25,80,155.5,0.93,0.4875,0.3784,normal,Weekday,Off-Peak Hours,0.4875,45.0
142,2,11:15:00 AM,11:15:00,11,Thursday,0,0,Morning,60,10,3,28,101,158.0,0.94,0.3069,0.0492,normal,Weekday,Off-Peak Hours,0.3069,59.41
143,2,11:30:00 AM,11:30:00,11,Thursday,0,0,Morning,34,5,4,29,72,135.5,0.81,0.4583,0.1143,normal,Weekday,Off-Peak Hours,0.4583,47.22
144,2,11:45:00 AM,11:45:00,11,Thursday,0,0,Morning,63,5,6,20,94,143.5,0.85,0.2766,0.0938,normal,Weekday,Off-Peak Hours,0.2766,67.02
145,2,12:00:00 PM,12:00:00,12,Thursday,0,0,Afternoon,48,10,13,23,94,161.0,0.96,0.383,0.2653,normal,Weekday,Off-Peak Hours,0.383,51.06
146,2,12:15:00 PM,12:15:00,12,Thursday,0,0,Afternoon,44,5,5,21,75,124.5,0.74,0.3467,0.1111,normal,Weekday,Off-Peak Hours,0.3467,58.67
147,2,12:30:00 PM,12:30:00,12,Thursday,0,0,Afternoon,62,5,14,23,104,175.5,1.04,0.3558,0.2222,normal,Weekday,Off-Peak Hours,0.3558,59.62
148,2,12:45:00 PM,12:45:00,12,Thursday,0,0,Afternoon,38,8,15,27,88,168.0,1.0,0.4773,0.3846,normal,Weekday,Off-Peak Hours,0.4773,43.18
149,2,1:00:00 PM,13:00:00,13,Thursday,0,0,Afternoon,26,6,9,29,70,143.0,0.85,0.5429,0.3333,normal,Weekday,Off-Peak Hours,0.5429,37.14
150,2,1:15:00 PM,13:15:00,13,Thursday,0,0,Afternoon,78,23,16,13,130,176.5,1.05,0.2231,0.2025,normal,Weekday,Off-Peak Hours,0.2231,60.0
151,2,1:30:00 PM,13:30:00,13,Thursday,0,0,Afternoon,116,21,22,17,176,243.5,1.45,0.2216,0.188,heavy,Weekday,Off-Peak Hours,0.2216,65.91
152,2,1:45:00 PM,13:45:00,13,Thursday,0,0,Afternoon,94,13,11,16,134,181.5,1.08,0.2015,0.1158,normal,Weekday,Off-Peak Hours,0.2015,70.15
153,2,2:00:00 PM,14:00:00,14,Thursday,0,0,Afternoon,52,19,26,10,107,169.5,1.01,0.3364,0.4906,normal,Weekday,Off-Peak Hours,0.3364,48.6
154,2,2:15:00 PM,14:15:00,14,Thursday,0,0,Afternoon,70,13,12,10,105,142.5,0.85,0.2095,0.169,low,Weekday,Off-Peak Hours,0.2095,66.67
155,2,2:30:00 PM,14:30:00,14,Thursday,0,0,Afternoon,34,17,21,14,86,147.5,0.88,0.407,0.6,normal,Weekday,Off-Peak Hours,0.407,39.53
156,2,2:45:00 PM,14:45:00,14,Thursday,0,0,Afternoon,16,18,40,6,80,163.0,0.97,0.575,2.3529,normal,Weekday,Off-Peak Hours,0.575,20.0
157,2,3:00:00 PM,15:00:00,15,Thursday,0,0,Afternoon,24,20,15,17,76,130.0,0.77,0.4211,0.6,normal,Weekday,Off-Peak Hours,0.4211,31.58
158,2,3:15:00 PM,15:15:00,15,Thursday,0,0,Afternoon,21,15,33,12,81,163.5,0.97,0.5556,1.5,normal,Weekday,Off-Peak Hours,0.5556,25.93
159,2,3:30:00 PM,15:30:00,15,Thursday,0,0,Afternoon,100,10,18,7,135,180.0,1.07,0.1852,0.1782,normal,Weekday,Off-Peak Hours,0.1852,74.07
160,2,3:45:00 PM,15:45:00,15,Thursday,0,0,Afternoon,117,22,11,5,155,176.0,1.05,0.1032,0.0932,normal,Weekday,Off-Peak Hours,0.1032,75.48
161,2,4:00:00 PM,16:00:00,16,Thursday,0,1,Afternoon,145,30,40,8,223,304.0,1.81,0.2152,0.274,normal,Weekday,Evening Rush (4-7 PM),0.2152,65.02
162,2,4:15:00 PM,16:15:00,16,Thursday,0,1,Afternoon,113,38,45,7,203,288.0,1.71,0.2562,0.3947,heavy,Weekday,Evening Rush (4-7 PM),0.2562,55.67
163,2,4:30:00 PM,16:30:00,16,Thursday,0,1,Afternoon,110,31,37,7,185,257.5,1.53,0.2378,0.3333,heavy,Weekday,Evening Rush (4-7 PM),0.2378,59.46
164,2,4:45:00 PM,16:45:00,16,Thursday,0,1,Afternoon,126,15,26,6,173,229.5,1.37,0.185,0.2047,heavy,Weekday,Evening Rush (4-7 PM),0.185,72.83
165,2,5:00:00 PM,17:00:00,17,Thursday,0,1,Evening,100,15,29,7,151,215.5,1.28,0.2384,0.2871,high,Weekday,Evening Rush (4-7 PM),0.2384,66.23
166,2,5:15:00 PM,17:15:00,17,Thursday,0,1,Evening,147,28,29,10,214,278.0,1.66,0.1822,0.1959,heavy,Weekday,Evening Rush (4-7 PM),0.1822,68.69
167,2,5:30:00 PM,17:30:00,17,Thursday,0,1,Evening,146,22,50,10,228,337.0,2.01,0.2632,0.3401,heavy,Weekday,Evening Rush (4-7 PM),0.2632,64.04
168,2,5:45:00 PM,17:45:00,17,Thursday,0,1,Evening,148,23,27,5,203,255.5,1.52,0.1576,0.1812,heavy,Weekday,Evening Rush (4-7 PM),0.1576,72.91
169,2,6:00:00 PM,18:00:00,18,Thursday,0,1,Evening,149,17,41,9,216,307.5,1.83,0.2315,0.2733,heavy,Weekday,Evening Rush (4-7 PM),0.2315,68.98
170,2,6:15:00 PM,18:15:00,18,Thursday,0,1,Evening,136,32,41,7,216,296.0,1.76,0.2222,0.2993,heavy,Weekday,Evening Rush (4-7 PM),0.2222,62.96
171,2,6:30:00 PM,18:30:00,18,Thursday,0,1,Evening,101,22,33,9,165,238.0,1.42,0.2545,0.3235,high,Weekday,Evening Rush (4-7 PM),0.2545,61.21
172,2,6:45:00 PM,18:45:00,18,Thursday,0,1,Evening,87,18,13,34,152,237.0,1.41,0.3092,0.1477,high,Weekday,Evening Rush (4-7 PM),0.3092,57.24
173,2,7:00:00 PM,19:00:00,19,Thursday,0,0,Evening,50,21,14,9,94,129.5,0.77,0.2447,0.2745,low,Weekday,Evening Rush (4-7 PM),0.2447,53.19
174,2,7:15:00 PM,19:15:00,19,Thursday,0,0,Evening,63,23,19,34,139,233.5,1.39,0.3813,0.2969,high,Weekday,Evening Rush (4-7 PM),0.3813,45.32
175,2,7:30:00 PM,19:30:00,19,Thursday,0,0,Evening,73,9,11,5,98,125.5,0.75,0.1633,0.1486,low,Weekday,Evening Rush (4-7 PM),0.1633,74.49
176,2,7:45:00 PM,19:45:00,19,Thursday,0,0,Evening,78,13,20,25,136,219.5,1.31,0.3309,0.2532,high,Weekday,Evening Rush (4-7 PM),0.3309,57.35
177,2,8:00:00 PM,20:00:00,20,Thursday,0,0,Evening,71,22,12,14,119,160.0,0.95,0.2185,0.1667,normal,Weekday,Night Freight (8-11 PM),0.2185,59.66
178,2,8:15:00 PM,20:15:00,20,Thursday,0,0,Evening,80,17,11,15,123,166.5,0.99,0.2114,0.1358,normal,Weekday,Night Freight (8-11 PM),0.2114,65.04
179,2,8:30:00 PM,20:30:00,20,Thursday,0,0,Evening,62,21,10,35,128,207.5,1.24,0.3516,0.1587,high,Weekday,Night Freight (8-11 PM),0.3516,48.44
180,2,8:45:00 PM,20:45:00,20,Thursday,0,0,Evening,100,17,16,33,166,255.5,1.52,0.2952,0.1584,high,Weekday,Night Freight (8-11 PM),0.2952,60.24
181,2,9:00:00 PM,21:00:00,21,Thursday,0,0,Evening,95,15,18,9,137,183.5,1.09,0.1971,0.1875,normal,Weekday,Night Freight (8-11 PM),0.1971,69.34
182,2,9:15:00 PM,21:15:00,21,Thursday,0,0,Evening,102,14,15,34,165,256.0,1.52,0.297,0.1456,high,Weekday,Night Freight (8-11 PM),0.297,61.82
183,2,9:30:00 PM,21:30:00,21,Thursday,0,0,Evening,68,12,15,32,127,215.0,1.28,0.3701,0.2174,high,Weekday,Night Freight (8-11 PM),0.3701,53.54
184,2,9:45:00 PM,21:45:00,21,Thursday,0,0,Evening,74,5,19,5,103,148.5,0.88,0.233,0.2533,normal,Weekday,Night Freight (8-11 PM),0.233,71.84
185,2,10:00:00 PM,22:00:00,22,Thursday,0,0,Night,15,4,1,21,41,83.0,0.49,0.5366,0.0625,normal,Weekday,Night Freight (8-11 PM),0.5366,36.59
186,2,10:15:00 PM,22:15:00,22,Thursday,0,0,Night,16,0,1,24,41,91.0,0.54,0.6098,0.0588,normal,Weekday,Night Freight (8-11 PM),0.6098,39.02
187,2,10:30:00 PM,22:30:00,22,Thursday,0,0,Night,12,0,0,12,24,48.0,0.29,0.5,0.0,low,Weekday,Night Freight (8-11 PM),0.5,50.0
188,2,10:45:00 PM,22:45:00,22,Thursday,0,0,Night,12,5,0,23,40,83.5,0.5,0.575,0.0,normal,Weekday,Night Freight (8-11 PM),0.575,30.0
189,2,11:00:00 PM,23:00:00,23,Thursday,0,0,Night,15,2,1,14,32,61.0,0.36,0.4688,0.0625,normal,Weekday,Night Freight (8-11 PM),0.4687,46.87
190,2,11:15:00 PM,23:15:00,23,Thursday,0,0,Night,10,3,0,23,36,80.5,0.48,0.6389,0.0,normal,Weekday,Night Freight (8-11 PM),0.6389,27.78
191,2,11:30:00 PM,23:30:00,23,Thursday,0,0,Night,16,2,0,35,53,122.0,0.73,0.6604,0.0,normal,Weekday,Night Freight (8-11 PM),0.6604,30.19
192,2,11:45:00 PM,23:45:00,23,Thursday,0,0,Night,13,3,0,22,38,80.5,0.48,0.5789,0.0,normal,Weekday,Night Freight (8-11 PM),0.5789,34.21
193,3,12:00:00 AM,00:00:00,0,Friday,0,0,Night,13,0,0,32,45,109.0,0.65,0.7111,0.0,normal,Weekday,Off-Peak Hours,0.7111,28.89
194,3,12:15:00 AM,00:15:00,0,Friday,0,0,Night,11,1,0,27,39,92.5,0.55,0.6923,0.0,normal,Weekday,Off-Peak Hours,0.6923,28.21
195,3,12:30:00 AM,00:30:00,0,Friday,0,0,Night,17,1,0,32,50,113.5,0.68,0.64,0.0,normal,Weekday,Off-Peak Hours,0.64,34.0
196,3,12:45:00 AM,00:45:00,0,Friday,0,0,Night,11,2,0,17,30,63.0,0.38,0.5667,0.0,normal,Weekday,Off-Peak Hours,0.5667,36.67
197,3,1:00:00 AM,01:00:00,1,Friday,0,0,Night,14,1,1,11,27,50.5,0.3,0.4444,0.0667,low,Weekday,Off-Peak Hours,0.4444,51.85
198,3,1:15:00 AM,01:15:00,1,Friday,0,0,Night,17,2,0,33,52,117.0,0.7,0.6346,0.0,normal,Weekday,Off-Peak Hours,0.6346,32.69
199,3,1:30:00 AM,01:30:00,1,Friday,0,0,Night,15,2,1,38,56,133.0,0.79,0.6964,0.0625,normal,Weekday,Off-Peak Hours,0.6964,26.79
200,3,1:45:00 AM,01:45:00,1,Friday,0,0,Night,13,4,1,24,42,90.0,0.54,0.5952,0.0714,normal,Weekday,Off-Peak Hours,0.5952,30.95
201,3,2:00:00 AM,02:00:00,2,Friday,0,0,Night,11,5,1,11,28,49.5,0.29,0.4286,0.0833,low,Weekday,Off-Peak Hours,0.4286,39.29
202,3,2:15:00 AM,02:15:00,2,Friday,0,0,Night,12,3,0,22,37,79.5,0.47,0.5946,0.0,normal,Weekday,Off-Peak Hours,0.5946,32.43
203,3,2:30:00 AM,02:30:00,2,Friday,0,0,Night,15,1,0,26,42,93.5,0.56,0.619,0.0,normal,Weekday,Off-Peak Hours,0.619,35.71
204,3,2:45:00 AM,02:45:00,2,Friday,0,0,Night,13,0,1,34,48,118.0,0.7,0.7292,0.0714,normal,Weekday,Off-Peak Hours,0.7292,27.08
205,3,3:00:00 AM,03:00:00,3,Friday,0,0,Night,17,5,0,15,37,64.5,0.38,0.4054,0.0,normal,Weekday,Off-Peak Hours,0.4054,45.95
206,3,3:15:00 AM,03:15:00,3,Friday,0,0,Night,20,3,1,26,50,102.5,0.61,0.54,0.0476,normal,Weekday,Off-Peak Hours,0.54,40.0
207,3,3:30:00 AM,03:30:00,3,Friday,0,0,Night,18,4,0,30,52,110.0,0.65,0.5769,0.0,normal,Weekday,Off-Peak Hours,0.5769,34.62
208,3,3:45:00 AM,03:45:00,3,Friday,0,0,Night,12,1,1,19,33,72.5,0.43,0.6061,0.0769,normal,Weekday,Off-Peak Hours,0.6061,36.36
209,3,4:00:00 AM,04:00:00,4,Friday,0,0,Night,20,0,0,12,32,56.0,0.33,0.375,0.0,low,Weekday,Off-Peak Hours,0.375,62.5
210,3,4:15:00 AM,04:15:00,4,Friday,0,0,Night,29,10,0,12,51,70.0,0.42,0.2353,0.0,low,Weekday,Off-Peak Hours,0.2353,56.86
211,3,4:30:00 AM,04:30:00,4,Friday,0,0,Night,39,20,1,10,70,82.0,0.49,0.1571,0.025,low,Weekday,Off-Peak Hours,0.1571,55.71
212,3,4:45:00 AM,04:45:00,4,Friday,0,0,Night,76,9,7,13,105,140.5,0.84,0.1905,0.0909,normal,Weekday,Off-Peak Hours,0.1905,72.38
213,3,5:00:00 AM,05:00:00,5,Friday,0,0,Morning,33,17,0,13,63,80.5,0.48,0.2063,0.0,normal,Weekday,Off-Peak Hours,0.2063,52.38
214,3,5:15:00 AM,05:15:00,5,Friday,0,0,Morning,64,14,1,12,91,110.0,0.65,0.1429,0.0154,low,Weekday,Off-Peak Hours,0.1429,70.33
215,3,5:30:00 AM,05:30:00,5,Friday,0,0,Morning,44,7,1,11,63,83.5,0.5,0.1905,0.0222,low,Weekday,Off-Peak Hours,0.1905,69.84
216,3,5:45:00 AM,05:45:00,5,Friday,0,0,Morning,53,8,4,15,80,114.0,0.68,0.2375,0.0741,normal,Weekday,Off-Peak Hours,0.2375,66.25
217,3,6:00:00 AM,06:00:00,6,Friday,0,1,Morning,75,6,7,13,101,138.0,0.82,0.198,0.0921,normal,Weekday,Off-Peak Hours,0.198,74.26
218,3,6:15:00 AM,06:15:00,6,Friday,0,1,Morning,60,11,4,10,85,107.5,0.64,0.1647,0.0656,low,Weekday,Off-Peak Hours,0.1647,70.59
219,3,6:30:00 AM,06:30:00,6,Friday,0,1,Morning,35,14,2,14,65,90.0,0.54,0.2462,0.0556,normal,Weekday,Off-Peak Hours,0.2462,53.85
220,3,6:45:00 AM,06:45:00,6,Friday,0,1,Morning,75,20,6,15,116,148.0,0.88,0.181,0.0789,normal,Weekday,Off-Peak Hours,0.181,64.66
221,3,7:00:00 AM,07:00:00,7,Friday,0,1,Morning,27,10,2,12,51,74.0,0.44,0.2745,0.0714,low,Weekday,Morning Rush (7-10 AM),0.2745,52.94
222,3,7:15:00 AM,07:15:00,7,Friday,0,1,Morning,61,20,7,14,102,134.0,0.8,0.2059,0.1129,normal,Weekday,Morning Rush (7-10 AM),0.2059,59.8
223,3,7:30:00 AM,07:30:00,7,Friday,0,1,Morning,72,20,5,15,112,142.0,0.85,0.1786,0.0685,normal,Weekday,Morning Rush (7-10 AM),0.1786,64.29
224,3,7:45:00 AM,07:45:00,7,Friday,0,1,Morning,43,18,6,14,81,112.0,0.67,0.2469,0.1364,normal,Weekday,Morning Rush (7-10 AM),0.2469,53.09
225,3,8:00:00 AM,08:00:00,8,Friday,0,1,Morning,54,10,4,14,82,113.0,0.67,0.2195,0.0727,normal,Weekday,Morning Rush (7-10 AM),0.2195,65.85
226,3,8:15:00 AM,08:15:00,8,Friday,0,1,Morning,30,12,1,14,57,81.0,0.48,0.2632,0.0323,normal,Weekday,Morning Rush (7-10 AM),0.2632,52.63
227,3,8:30:00 AM,08:30:00,8,Friday,0,1,Morning,72,8,6,12,98,130.0,0.77,0.1837,0.0822,low,Weekday,Morning Rush (7-10 AM),0.1837,73.47
228,3,8:45:00 AM,08:45:00,8,Friday,0,1,Morning,55,17,7,15,94,129.5,0.77,0.234,0.125,normal,Weekday,Morning Rush (7-10 AM),0.234,58.51
229,3,9:00:00 AM,09:00:00,9,Friday,0,0,Morning,36,20,0,13,69,85.0,0.51,0.1884,0.0,normal,Weekday,Morning Rush (7-10 AM),0.1884,52.17
230,3,9:15:00 AM,09:15:00,9,Friday,0,0,Morning,168,55,10,0,233,225.5,1.34,0.0429,0.0592,heavy,Weekday,Morning Rush (7-10 AM),0.0429,72.1
231,3,9:30:00 AM,09:30:00,9,Friday,0,0,Morning,135,61,28,2,226,255.5,1.52,0.1327,0.2059,heavy,Weekday,Morning Rush (7-10 AM),0.1327,59.73
232,3,9:45:00 AM,09:45:00,9,Friday,0,0,Morning,168,68,27,2,265,289.0,1.72,0.1094,0.1598,heavy,Weekday,Morning Rush (7-10 AM),0.1094,63.4
233,3,10:00:00 AM,10:00:00,10,Friday,0,0,Morning,139,44,16,1,200,212.0,1.26,0.085,0.1143,heavy,Weekday,Morning Rush (7-10 AM),0.085,69.5
234,3,10:15:00 AM,10:15:00,10,Friday,0,0,Morning,156,63,12,3,234,232.5,1.38,0.0641,0.0764,heavy,Weekday,Morning Rush (7-10 AM),0.0641,66.67
235,3,10:30:00 AM,10:30:00,10,Friday,0,0,Morning,141,51,27,3,222,256.5,1.53,0.1351,0.1901,heavy,Weekday,Morning Rush (7-10 AM),0.1351,63.51
236,3,10:45:00 AM,10:45:00,10,Friday,0,0,Morning,144,44,16,3,207,223.0,1.33,0.0918,0.1103,heavy,Weekday,Morning Rush (7-10 AM),0.0918,69.57
237,3,11:00:00 AM,11:00:00,11,Friday,0,0,Morning,132,65,23,0,220,233.5,1.39,0.1045,0.1729,heavy,Weekday,Off-Peak Hours,0.1045,60.0
238,3,11:15:00 AM,11:15:00,11,Friday,0,0,Morning,180,48,17,2,247,261.0,1.55,0.0769,0.0939,heavy,Weekday,Off-Peak Hours,0.0769,72.87
239,3,11:30:00 AM,11:30:00,11,Friday,0,0,Morning,140,67,20,4,231,245.5,1.46,0.1039,0.1418,heavy,Weekday,Off-Peak Hours,0.1039,60.61
240,3,11:45:00 AM,11:45:00,11,Friday,0,0,Morning,163,62,12,0,237,230.0,1.37,0.0506,0.0732,heavy,Weekday,Off-Peak Hours,0.0506,68.78
241,3,12:00:00 PM,12:00:00,12,Friday,0,0,Afternoon,148,70,15,0,233,228.0,1.36,0.0644,0.1007,heavy,Weekday,Off-Peak Hours,0.0644,63.52
242,3,12:15:00 PM,12:15:00,12,Friday,0,0,Afternoon,134,47,22,3,206,232.5,1.38,0.1214,0.163,heavy,Weekday,Off-Peak Hours,0.1214,65.05
243,3,12:30:00 PM,12:30:00,12,Friday,0,0,Afternoon,162,51,13,0,226,226.5,1.35,0.0575,0.0798,heavy,Weekday,Off-Peak Hours,0.0575,71.68
244,3,12:45:00 PM,12:45:00,12,Friday,0,0,Afternoon,136,49,15,1,201,208.5,1.24,0.0796,0.1095,heavy,Weekday,Off-Peak Hours,0.0796,67.66
245,3,1:00:00 PM,13:00:00,13,Friday,0,0,Afternoon,147,52,26,0,225,251.0,1.49,0.1156,0.1757,heavy,Weekday,Off-Peak Hours,0.1156,65.33
246,3,1:15:00 PM,13:15:00,13,Friday,0,0,Afternoon,174,54,25,1,254,279.0,1.66,0.1024,0.1429,heavy,Weekday,Off-Peak Hours,0.1024,68.5
247,3,1:30:00 PM,13:30:00,13,Friday,0,0,Afternoon,135,69,20,1,225,232.5,1.38,0.0933,0.1471,heavy,Weekday,Off-Peak Hours,0.0933,60.0
248,3,1:45:00 PM,13:45:00,13,Friday,0,0,Afternoon,142,55,21,1,219,235.5,1.4,0.1005,0.1469,heavy,Weekday,Off-Peak Hours,0.1005,64.84
249,3,2:00:00 PM,14:00:00,14,Friday,0,0,Afternoon,144,59,14,2,219,221.5,1.32,0.0731,0.0966,heavy,Weekday,Off-Peak Hours,0.0731,65.75
250,3,2:15:00 PM,14:15:00,14,Friday,0,0,Afternoon,180,49,17,0,246,255.5,1.52,0.0691,0.0939,heavy,Weekday,Off-Peak Hours,0.0691,73.17
251,3,2:30:00 PM,14:30:00,14,Friday,0,0,Afternoon,153,59,20,4,236,254.5,1.52,0.1017,0.1299,heavy,Weekday,Off-Peak Hours,0.1017,64.83
252,3,2:45:00 PM,14:45:00,14,Friday,0,0,Afternoon,139,43,27,3,212,250.5,1.49,0.1415,0.1929,heavy,Weekday,Off-Peak Hours,0.1415,65.57
253,3,3:00:00 PM,15:00:00,15,Friday,0,0,Afternoon,179,60,12,0,251,245.0,1.46,0.0478,0.0667,heavy,Weekday,Off-Peak Hours,0.0478,71.31
254,3,3:15:00 PM,15:15:00,15,Friday,0,0,Afternoon,76,21,6,1,104,107.5,0.64,0.0673,0.0779,low,Weekday,Off-Peak Hours,0.0673,73.08
255,3,3:30:00 PM,15:30:00,15,Friday,0,0,Afternoon,59,25,19,1,104,131.5,0.78,0.1923,0.3167,normal,Weekday,Off-Peak Hours,0.1923,56.73
256,3,3:45:00 PM,15:45:00,15,Friday,0,0,Afternoon,51,20,12,1,84,100.0,0.6,0.1548,0.2308,low,Weekday,Off-Peak Hours,0.1548,60.71
257,3,4:00:00 PM,16:00:00,16,Friday,0,1,Afternoon,78,24,19,2,123,153.0,0.91,0.1707,0.2405,normal,Weekday,Evening Rush (4-7 PM),0.1707,63.41
258,3,4:15:00 PM,16:15:00,16,Friday,0,1,Afternoon,50,24,11,0,85,95.0,0.57,0.1294,0.2157,low,Weekday,Evening Rush (4-7 PM),0.1294,58.82
259,3,4:30:00 PM,16:30:00,16,Friday,0,1,Afternoon,59,25,8,0,92,95.5,0.57,0.087,0.1333,low,Weekday,Evening Rush (4-7 PM),0.087,64.13
260,3,4:45:00 PM,16:45:00,16,Friday,0,1,Afternoon,90,21,0,0,111,100.5,0.6,0.0,0.0,low,Weekday,Evening Rush (4-7 PM),0.0,81.08
261,3,5:00:00 PM,17:00:00,17,Friday,0,1,Evening,79,26,21,2,128,161.0,0.96,0.1797,0.2625,normal,Weekday,Evening Rush (4-7 PM),0.1797,61.72
262,3,5:15:00 PM,17:15:00,17,Friday,0,1,Evening,56,21,4,1,82,81.5,0.49,0.061,0.0702,low,Weekday,Evening Rush (4-7 PM),0.061,68.29
263,3,5:30:00 PM,17:30:00,17,Friday,0,1,Evening,70,25,11,2,108,121.5,0.72,0.1204,0.1549,low,Weekday,Evening Rush (4-7 PM),0.1204,64.81
264,3,5:45:00 PM,17:45:00,17,Friday,0,1,Evening,54,27,21,2,104,136.5,0.81,0.2212,0.3818,normal,Weekday,Evening Rush (4-7 PM),0.2212,51.92
265,3,6:00:00 PM,18:00:00,18,Friday,0,1,Evening,53,22,13,2,90,109.0,0.65,0.1667,0.2407,low,Weekday,Evening Rush (4-7 PM),0.1667,58.89
266,3,6:15:00 PM,18:15:00,18,Friday,0,1,Evening,59,27,5,2,93,93.5,0.56,0.0753,0.0833,low,Weekday,Evening Rush (4-7 PM),0.0753,63.44
267,3,6:30:00 PM,18:30:00,18,Friday,0,1,Evening,63,30,21,0,114,141.0,0.84,0.1842,0.3281,normal,Weekday,Evening Rush (4-7 PM),0.1842,55.26
268,3,6:45:00 PM,18:45:00,18,Friday,0,1,Evening,87,21,16,0,124,145.5,0.87,0.129,0.1818,normal,Weekday,Evening Rush (4-7 PM),0.129,70.16
269,3,7:00:00 PM,19:00:00,19,Friday,0,0,Evening,71,26,19,1,117,144.0,0.86,0.1709,0.2639,normal,Weekday,Evening Rush (4-7 PM),0.1709,60.68
270,3,7:15:00 PM,19:15:00,19,Friday,0,0,Evening,32,5,5,13,55,88.5,0.53,0.3273,0.1515,normal,Weekday,Evening Rush (4-7 PM),0.3273,58.18
271,3,7:30:00 PM,19:30:00,19,Friday,0,0,Evening,36,6,7,2,51,66.0,0.39,0.1765,0.1892,low,Weekday,Evening Rush (4-7 PM),0.1765,70.59
272,3,7:45:00 PM,19:45:00,19,Friday,0,0,Evening,35,10,0,2,47,46.0,0.27,0.0426,0.0,low,Weekday,Evening Rush (4-7 PM),0.0426,74.47
273,3,8:00:00 PM,20:00:00,20,Friday,0,0,Evening,40,10,5,10,65,90.0,0.54,0.2308,0.122,low,Weekday,Night Freight (8-11 PM),0.2308,61.54
274,3,8:15:00 PM,20:15:00,20,Friday,0,0,Evening,44,6,1,3,54,59.0,0.35,0.0741,0.0222,low,Weekday,Night Freight (8-11 PM),0.0741,81.48
275,3,8:30:00 PM,20:30:00,20,Friday,0,0,Evening,40,6,1,3,50,55.0,0.33,0.08,0.0244,low,Weekday,Night Freight (8-11 PM),0.08,80.0
276,3,8:45:00 PM,20:45:00,20,Friday,0,0,Evening,45,2,7,7,61,88.0,0.52,0.2295,0.1522,low,Weekday,Night Freight (8-11 PM),0.2295,73.77
277,3,9:00:00 PM,21:00:00,21,Friday,0,0,Evening,44,2,6,5,57,78.0,0.46,0.193,0.1333,low,Weekday,Night Freight (8-11 PM),0.193,77.19
278,3,9:15:00 PM,21:15:00,21,Friday,0,0,Evening,33,4,4,5,46,62.0,0.37,0.1957,0.1176,low,Weekday,Night Freight (8-11 PM),0.1957,71.74
279,3,9:30:00 PM,21:30:00,21,Friday,0,0,Evening,22,5,3,13,43,72.5,0.43,0.3721,0.1304,normal,Weekday,Night Freight (8-11 PM),0.3721,51.16
280,3,9:45:00 PM,21:45:00,21,Friday,0,0,Evening,33,5,5,1,44,53.5,0.32,0.1364,0.1471,low,Weekday,Night Freight (8-11 PM),0.1364,75.0
281,3,10:00:00 PM,22:00:00,22,Friday,0,0,Night,10,0,0,29,39,97.0,0.58,0.7436,0.0,normal,Weekday,Night Freight (8-11 PM),0.7436,25.64
282,3,10:15:00 PM,22:15:00,22,Friday,0,0,Night,19,3,1,35,58,128.5,0.77,0.6207,0.05,normal,Weekday,Night Freight (8-11 PM),0.6207,32.76
283,3,10:30:00 PM,22:30:00,22,Friday,0,0,Night,10,4,0,30,44,102.0,0.61,0.6818,0.0,normal,Weekday,Night Freight (8-11 PM),0.6818,22.73
284,3,10:45:00 PM,22:45:00,22,Friday,0,0,Night,12,3,1,25,41,91.5,0.54,0.6341,0.0769,normal,Weekday,Night Freight (8-11 PM),0.6341,29.27
285,3,11:00:00 PM,23:00:00,23,Friday,0,0,Night,12,1,0,40,53,132.5,0.79,0.7547,0.0,normal,Weekday,Night Freight (8-11 PM),0.7547,22.64
286,3,11:15:00 PM,23:15:00,23,Friday,0,0,Night,20,2,0,19,41,78.0,0.46,0.4634,0.0,normal,Weekday,Night Freight (8-11 PM),0.4634,48.78
287,3,11:30:00 PM,23:30:00,23,Friday,0,0,Night,18,4,1,11,34,56.0,0.33,0.3529,0.0526,low,Weekday,Night Freight (8-11 PM),0.3529,52.94
288,3,11:45:00 PM,23:45:00,23,Friday,0,0,Night,19,1,1,37,58,133.5,0.79,0.6552,0.05,normal,Weekday,Night Freight (8-11 PM),0.6552,32.76
289,4,12:00:00 AM,00:00:00,0,Saturday,1,0,Night,13,2,0,25,40,89.0,0.53,0.625,0.0,normal,Weekend,Off-Peak Hours,0.625,32.5
290,4,12:15:00 AM,00:15:00,0,Saturday,1,0,Night,16,4,1,15,36,66.0,0.39,0.4444,0.0588,normal,Weekend,Off-Peak Hours,0.4444,44.44
291,4,12:30:00 AM,00:30:00,0,Saturday,1,0,Night,10,4,1,16,31,63.0,0.38,0.5484,0.0909,normal,Weekend,Off-Peak Hours,0.5484,32.26
292,4,12:45:00 AM,00:45:00,0,Saturday,1,0,Night,18,3,0,19,40,76.5,0.46,0.475,0.0,normal,Weekend,Off-Peak Hours,0.475,45.0
293,4,1:00:00 AM,01:00:00,1,Saturday,1,0,Night,15,5,0,10,30,47.5,0.28,0.3333,0.0,low,Weekend,Off-Peak Hours,0.3333,50.0
294,4,1:15:00 AM,01:15:00,1,Saturday,1,0,Night,14,2,1,22,39,84.0,0.5,0.5897,0.0667,normal,Weekend,Off-Peak Hours,0.5897,35.9
295,4,1:30:00 AM,01:30:00,1,Saturday,1,0,Night,15,0,0,15,30,60.0,0.36,0.5,0.0,normal,Weekend,Off-Peak Hours,0.5,50.0
296,4,1:45:00 AM,01:45:00,1,Saturday,1,0,Night,17,5,0,21,43,82.5,0.49,0.4884,0.0,normal,Weekend,Off-Peak Hours,0.4884,39.53
297,4,2:00:00 AM,02:00:00,2,Saturday,1,0,Night,14,0,1,12,27,53.0,0.32,0.4815,0.0667,low,Weekend,Off-Peak Hours,0.4815,51.85
298,4,2:15:00 AM,02:15:00,2,Saturday,1,0,Night,10,1,0,11,22,43.5,0.26,0.5,0.0,low,Weekend,Off-Peak Hours,0.5,45.45
299,4,2:30:00 AM,02:30:00,2,Saturday,1,0,Night,18,5,0,18,41,74.5,0.44,0.439,0.0,normal,Weekend,Off-Peak Hours,0.439,43.9
300,4,2:45:00 AM,02:45:00,2,Saturday,1,0,Night,12,4,0,11,27,47.0,0.28,0.4074,0.0,low,Weekend,Off-Peak Hours,0.4074,44.44
301,4,3:00:00 AM,03:00:00,3,Saturday,1,0,Night,17,0,1,30,48,110.0,0.65,0.6458,0.0556,normal,Weekend,Off-Peak Hours,0.6458,35.42
302,4,3:15:00 AM,03:15:00,3,Saturday,1,0,Night,20,1,0,28,49,104.5,0.62,0.5714,0.0,normal,Weekend,Off-Peak Hours,0.5714,40.82
303,4,3:30:00 AM,03:30:00,3,Saturday,1,0,Night,19,5,1,38,63,138.5,0.82,0.619,0.05,normal,Weekend,Off-Peak Hours,0.619,30.16
304,4,3:45:00 AM,03:45:00,3,Saturday,1,0,Night,15,0,0,36,51,123.0,0.73,0.7059,0.0,normal,Weekend,Off-Peak Hours,0.7059,29.41
305,4,4:00:00 AM,04:00:00,4,Saturday,1,0,Night,10,2,0,30,42,101.0,0.6,0.7143,0.0,normal,Weekend,Off-Peak Hours,0.7143,23.81
306,4,4:15:00 AM,04:15:00,4,Saturday,1,0,Night,74,4,4,13,95,127.0,0.76,0.1789,0.0533,normal,Weekend,Off-Peak Hours,0.1789,77.89
307,4,4:30:00 AM,04:30:00,4,Saturday,1,0,Night,96,29,6,17,148,179.5,1.07,0.1554,0.0619,normal,Weekend,Off-Peak Hours,0.1554,64.86
308,4,4:45:00 AM,04:45:00,4,Saturday,1,0,Night,109,16,6,12,143,171.0,1.02,0.1259,0.0545,normal,Weekend,Off-Peak Hours,0.1259,76.22
309,4,5:00:00 AM,05:00:00,5,Saturday,1,0,Morning,113,6,9,10,138,173.0,1.03,0.1377,0.0789,normal,Weekend,Off-Peak Hours,0.1377,81.88
310,4,5:15:00 AM,05:15:00,5,Saturday,1,0,Morning,90,24,8,20,142,186.0,1.11,0.1972,0.0879,normal,Weekend,Off-Peak Hours,0.1972,63.38
311,4,5:30:00 AM,05:30:00,5,Saturday,1,0,Morning,106,19,10,17,152,196.5,1.17,0.1776,0.0935,normal,Weekend,Off-Peak Hours,0.1776,69.74
312,4,5:45:00 AM,05:45:00,5,Saturday,1,0,Morning,96,7,6,4,113,129.5,0.77,0.0885,0.0619,normal,Weekend,Off-Peak Hours,0.0885,84.96
313,4,6:00:00 AM,06:00:00,6,Saturday,1,1,Morning,102,21,42,3,168,247.5,1.47,0.2679,0.4078,heavy,Weekend,Off-Peak Hours,0.2679,60.71
314,4,6:15:00 AM,06:15:00,6,Saturday,1,1,Morning,140,35,50,0,225,307.5,1.83,0.2222,0.3546,heavy,Weekend,Off-Peak Hours,0.2222,62.22
315,4,6:30:00 AM,06:30:00,6,Saturday,1,1,Morning,105,33,29,4,171,220.5,1.31,0.193,0.2736,heavy,Weekend,Off-Peak Hours,0.193,61.4
316,4,6:45:00 AM,06:45:00,6,Saturday,1,1,Morning,134,26,27,1,188,231.0,1.38,0.1489,0.2,heavy,Weekend,Off-Peak Hours,0.1489,71.28
317,4,7:00:00 AM,07:00:00,7,Saturday,1,1,Morning,123,35,45,1,204,278.5,1.66,0.2255,0.3629,heavy,Weekend,Morning Rush (7-10 AM),0.2255,60.29
318,4,7:15:00 AM,07:15:00,7,Saturday,1,1,Morning,128,31,26,0,185,221.5,1.32,0.1405,0.2016,heavy,Weekend,Morning Rush (7-10 AM),0.1405,69.19
319,4,7:30:00 AM,07:30:00,7,Saturday,1,1,Morning,105,32,43,0,180,250.0,1.49,0.2389,0.4057,heavy,Weekend,Morning Rush (7-10 AM),0.2389,58.33
320,4,7:45:00 AM,07:45:00,7,Saturday,1,1,Morning,137,13,31,5,186,251.5,1.5,0.1935,0.2246,heavy,Weekend,Morning Rush (7-10 AM),0.1935,73.66
321,4,8:00:00 AM,08:00:00,8,Saturday,1,1,Morning,148,37,46,2,233,310.5,1.85,0.206,0.3087,heavy,Weekend,Morning Rush (7-10 AM),0.206,63.52
322,4,8:15:00 AM,08:15:00,8,Saturday,1,1,Morning,105,14,35,2,156,223.0,1.33,0.2372,0.3302,high,Weekend,Morning Rush (7-10 AM),0.2372,67.31
323,4,8:30:00 AM,08:30:00,8,Saturday,1,1,Morning,148,17,42,5,212,297.5,1.77,0.2217,0.2819,heavy,Weekend,Morning Rush (7-10 AM),0.2217,69.81
324,4,8:45:00 AM,08:45:00,8,Saturday,1,1,Morning,116,22,30,3,171,226.0,1.35,0.193,0.2564,heavy,Weekend,Morning Rush (7-10 AM),0.193,67.84
325,4,9:00:00 AM,09:00:00,9,Saturday,1,0,Morning,143,28,46,1,218,298.0,1.77,0.2156,0.3194,heavy,Weekend,Morning Rush (7-10 AM),0.2156,65.6
326,4,9:15:00 AM,09:15:00,9,Saturday,1,0,Morning,30,24,13,13,80,120.0,0.71,0.325,0.4194,normal,Weekend,Morning Rush (7-10 AM),0.325,37.5
327,4,9:30:00 AM,09:30:00,9,Saturday,1,0,Morning,74,23,35,10,142,220.5,1.31,0.3169,0.4667,high,Weekend,Morning Rush (7-10 AM),0.3169,52.11
328,4,9:45:00 AM,09:45:00,9,Saturday,1,0,Morning,67,5,36,17,125,228.5,1.36,0.424,0.5294,high,Weekend,Morning Rush (7-10 AM),0.424,53.6
329,4,10:00:00 AM,10:00:00,10,Saturday,1,0,Morning,59,11,33,25,128,238.5,1.42,0.4531,0.55,high,Weekend,Morning Rush (7-10 AM),0.4531,46.09
330,4,10:15:00 AM,10:15:00,10,Saturday,1,0,Morning,34,21,39,16,110,209.5,1.25,0.5,1.1143,normal,Weekend,Morning Rush (7-10 AM),0.5,30.91
331,4,10:30:00 AM,10:30:00,10,Saturday,1,0,Morning,72,24,10,9,115,141.0,0.84,0.1652,0.137,normal,Weekend,Morning Rush (7-10 AM),0.1652,62.61
332,4,10:45:00 AM,10:45:00,10,Saturday,1,0,Morning,73,12,32,5,122,190.0,1.13,0.3033,0.4324,high,Weekend,Morning Rush (7-10 AM),0.3033,59.84
333,4,11:00:00 AM,11:00:00,11,Saturday,1,0,Morning,26,8,8,24,66,126.0,0.75,0.4848,0.2963,normal,Weekend,Off-Peak Hours,0.4848,39.39
334,4,11:15:00 AM,11:15:00,11,Saturday,1,0,Morning,47,5,7,28,87,154.5,0.92,0.4023,0.1458,normal,Weekend,Off-Peak Hours,0.4023,54.02
335,4,11:30:00 AM,11:30:00,11,Saturday,1,0,Morning,33,10,6,29,78,143.0,0.85,0.4487,0.1765,normal,Weekend,Off-Peak Hours,0.4487,42.31
336,4,11:45:00 AM,11:45:00,11,Saturday,1,0,Morning,39,8,13,20,80,142.0,0.85,0.4125,0.325,normal,Weekend,Off-Peak Hours,0.4125,48.75
337,4,12:00:00 PM,12:00:00,12,Saturday,1,0,Afternoon,36,5,14,22,77,146.5,0.87,0.4675,0.3784,normal,Weekend,Off-Peak Hours,0.4675,46.75
338,4,12:15:00 PM,12:15:00,12,Saturday,1,0,Afternoon,53,9,15,25,102,177.5,1.06,0.3922,0.2778,normal,Weekend,Off-Peak Hours,0.3922,51.96
339,4,12:30:00 PM,12:30:00,12,Saturday,1,0,Afternoon,37,9,10,30,86,161.5,0.96,0.4651,0.2632,normal,Weekend,Off-Peak Hours,0.4651,43.02
340,4,12:45:00 PM,12:45:00,12,Saturday,1,0,Afternoon,54,8,4,27,93,151.0,0.9,0.3333,0.0727,normal,Weekend,Off-Peak Hours,0.3333,58.06
341,4,1:00:00 PM,13:00:00,13,Saturday,1,0,Afternoon,20,8,15,26,69,147.0,0.88,0.5942,0.7143,normal,Weekend,Off-Peak Hours,0.5942,28.99
342,4,1:15:00 PM,13:15:00,13,Saturday,1,0,Afternoon,47,29,28,9,113,172.5,1.03,0.3274,0.5833,high,Weekend,Off-Peak Hours,0.3274,41.59
343,4,1:30:00 PM,13:30:00,13,Saturday,1,0,Afternoon,51,27,10,20,108,154.5,0.92,0.2778,0.1923,normal,Weekend,Off-Peak Hours,0.2778,47.22
344,4,1:45:00 PM,13:45:00,13,Saturday,1,0,Afternoon,114,11,40,20,185,299.5,1.78,0.3243,0.3478,heavy,Weekend,Off-Peak Hours,0.3243,61.62
345,4,2:00:00 PM,14:00:00,14,Saturday,1,0,Afternoon,73,13,19,9,114,163.5,0.97,0.2456,0.2568,normal,Weekend,Off-Peak Hours,0.2456,64.04
346,4,2:15:00 PM,14:15:00,14,Saturday,1,0,Afternoon,28,19,27,5,79,133.5,0.79,0.4051,0.931,normal,Weekend,Off-Peak Hours,0.4051,35.44
347,4,2:30:00 PM,14:30:00,14,Saturday,1,0,Afternoon,105,20,20,11,156,208.0,1.24,0.1987,0.1887,normal,Weekend,Off-Peak Hours,0.1987,67.31
348,4,2:45:00 PM,14:45:00,14,Saturday,1,0,Afternoon,68,24,15,14,121,167.0,0.99,0.2397,0.2174,normal,Weekend,Off-Peak Hours,0.2397,56.2
349,4,3:00:00 PM,15:00:00,15,Saturday,1,0,Afternoon,112,16,30,11,169,243.0,1.45,0.2426,0.2655,heavy,Weekend,Off-Peak Hours,0.2426,66.27
350,4,3:15:00 PM,15:15:00,15,Saturday,1,0,Afternoon,120,30,28,15,193,264.0,1.57,0.2228,0.2314,heavy,Weekend,Off-Peak Hours,0.2228,62.18
351,4,3:30:00 PM,15:30:00,15,Saturday,1,0,Afternoon,38,27,12,18,95,141.5,0.84,0.3158,0.3077,normal,Weekend,Off-Peak Hours,0.3158,40.0
352,4,3:45:00 PM,15:45:00,15,Saturday,1,0,Afternoon,94,17,14,15,140,189.5,1.13,0.2071,0.1474,normal,Weekend,Off-Peak Hours,0.2071,67.14
353,4,4:00:00 PM,16:00:00,16,Saturday,1,1,Afternoon,107,28,45,8,188,280.0,1.67,0.2819,0.4167,heavy,Weekend,Evening Rush (4-7 PM),0.2819,56.91
354,4,4:15:00 PM,16:15:00,16,Saturday,1,1,Afternoon,100,16,49,7,172,276.0,1.64,0.3256,0.4851,heavy,Weekend,Evening Rush (4-7 PM),0.3256,58.14
355,4,4:30:00 PM,16:30:00,16,Saturday,1,1,Afternoon,145,15,20,9,189,239.5,1.43,0.1534,0.137,heavy,Weekend,Evening Rush (4-7 PM),0.1534,76.72
356,4,4:45:00 PM,16:45:00,16,Saturday,1,1,Afternoon,133,17,22,8,180,231.5,1.38,0.1667,0.1642,heavy,Weekend,Evening Rush (4-7 PM),0.1667,73.89
357,4,5:00:00 PM,17:00:00,17,Saturday,1,1,Evening,117,36,41,10,204,288.0,1.71,0.25,0.3475,heavy,Weekend,Evening Rush (4-7 PM),0.25,57.35
358,4,5:15:00 PM,17:15:00,17,Saturday,1,1,Evening,113,26,26,8,173,228.0,1.36,0.1965,0.2281,heavy,Weekend,Evening Rush (4-7 PM),0.1965,65.32
359,4,5:30:00 PM,17:30:00,17,Saturday,1,1,Evening,101,20,21,9,151,201.0,1.2,0.1987,0.2059,normal,Weekend,Evening Rush (4-7 PM),0.1987,66.89
360,4,5:45:00 PM,17:45:00,17,Saturday,1,1,Evening,149,33,45,10,237,330.5,1.97,0.2321,0.3,heavy,Weekend,Evening Rush (4-7 PM),0.2321,62.87
361,4,6:00:00 PM,18:00:00,18,Saturday,1,1,Evening,134,35,26,7,202,250.5,1.49,0.1634,0.1926,heavy,Weekend,Evening Rush (4-7 PM),0.1634,66.34
362,4,6:15:00 PM,18:15:00,18,Saturday,1,1,Evening,106,11,45,9,171,273.5,1.63,0.3158,0.4206,heavy,Weekend,Evening Rush (4-7 PM),0.3158,61.99
363,4,6:30:00 PM,18:30:00,18,Saturday,1,1,Evening,121,37,34,6,198,259.5,1.54,0.202,0.2787,heavy,Weekend,Evening Rush (4-7 PM),0.202,61.11
364,4,6:45:00 PM,18:45:00,18,Saturday,1,1,Evening,97,13,11,15,136,181.5,1.08,0.1912,0.1122,normal,Weekend,Evening Rush (4-7 PM),0.1912,71.32
365,4,7:00:00 PM,19:00:00,19,Saturday,1,0,Evening,91,17,18,29,155,240.5,1.43,0.3032,0.1957,high,Weekend,Evening Rush (4-7 PM),0.3032,58.71
366,4,7:15:00 PM,19:15:00,19,Saturday,1,0,Evening,57,16,13,19,105,161.0,0.96,0.3048,0.2241,normal,Weekend,Evening Rush (4-7 PM),0.3048,54.29
367,4,7:30:00 PM,19:30:00,19,Saturday,1,0,Evening,110,10,10,20,150,205.0,1.22,0.2,0.0901,normal,Weekend,Evening Rush (4-7 PM),0.2,73.33
368,4,7:45:00 PM,19:45:00,19,Saturday,1,0,Evening,71,14,17,30,132,219.0,1.3,0.3561,0.2361,high,Weekend,Evening Rush (4-7 PM),0.3561,53.79
369,4,8:00:00 PM,20:00:00,20,Saturday,1,0,Evening,89,25,20,24,158,233.5,1.39,0.2785,0.2222,high,Weekend,Night Freight (8-11 PM),0.2785,56.33
370,4,8:15:00 PM,20:15:00,20,Saturday,1,0,Evening,87,16,15,14,132,182.0,1.08,0.2197,0.1705,normal,Weekend,Night Freight (8-11 PM),0.2197,65.91
371,4,8:30:00 PM,20:30:00,20,Saturday,1,0,Evening,106,12,16,9,143,187.0,1.11,0.1748,0.1495,normal,Weekend,Night Freight (8-11 PM),0.1748,74.13
372,4,8:45:00 PM,20:45:00,20,Saturday,1,0,Evening,78,10,19,20,127,200.0,1.19,0.3071,0.2405,normal,Weekend,Night Freight (8-11 PM),0.3071,61.42
373,4,9:00:00 PM,21:00:00,21,Saturday,1,0,Evening,61,10,16,27,114,195.0,1.16,0.3772,0.2581,high,Weekend,Night Freight (8-11 PM),0.3772,53.51
374,4,9:15:00 PM,21:15:00,21,Saturday,1,0,Evening,74,19,15,24,132,200.5,1.19,0.2955,0.2,high,Weekend,Night Freight (8-11 PM),0.2955,56.06
375,4,9:30:00 PM,21:30:00,21,Saturday,1,0,Evening,56,20,11,25,112,174.0,1.04,0.3214,0.193,high,Weekend,Night Freight (8-11 PM),0.3214,50.0
376,4,9:45:00 PM,21:45:00,21,Saturday,1,0,Evening,106,22,16,18,162,219.0,1.3,0.2099,0.1495,normal,Weekend,Night Freight (8-11 PM),0.2099,65.43
377,4,10:00:00 PM,22:00:00,22,Saturday,1,0,Night,10,1,1,12,24,49.5,0.29,0.5417,0.0909,low,Weekend,Night Freight (8-11 PM),0.5417,41.67
378,4,10:15:00 PM,22:15:00,22,Saturday,1,0,Night,12,4,1,33,50,116.0,0.69,0.68,0.0769,normal,Weekend,Night Freight (8-11 PM),0.68,24.0
379,4,10:30:00 PM,22:30:00,22,Saturday,1,0,Night,16,4,0,16,36,66.0,0.39,0.4444,0.0,normal,Weekend,Night Freight (8-11 PM),0.4444,44.44
380,4,10:45:00 PM,22:45:00,22,Saturday,1,0,Night,18,1,0,18,37,72.5,0.43,0.4865,0.0,normal,Weekend,Night Freight (8-11 PM),0.4865,48.65
381,4,11:00:00 PM,23:00:00,23,Saturday,1,0,Night,19,2,0,36,57,128.0,0.76,0.6316,0.0,normal,Weekend,Night Freight (8-11 PM),0.6316,33.33
382,4,11:15:00 PM,23:15:00,23,Saturday,1,0,Night,18,4,1,35,58,128.0,0.76,0.6207,0.0526,normal,Weekend,Night Freight (8-11 PM),0.6207,31.03
383,4,11:30:00 PM,23:30:00,23,Saturday,1,0,Night,17,0,0,31,48,110.0,0.65,0.6458,0.0,normal,Weekend,Night Freight (8-11 PM),0.6458,35.42
384,4,11:45:00 PM,23:45:00,23,Saturday,1,0,Night,18,1,0,16,35,66.5,0.4,0.4571,0.0,normal,Weekend,Night Freight (8-11 PM),0.4571,51.43
385,5,12:00:00 AM,00:00:00,0,Sunday,1,0,Night,15,4,0,37,56,128.0,0.76,0.6607,0.0,normal,Weekend,Off-Peak Hours,0.6607,26.79
386,5,12:15:00 AM,00:15:00,0,Sunday,1,0,Night,11,5,0,14,30,55.5,0.33,0.4667,0.0,normal,Weekend,Off-Peak Hours,0.4667,36.67
387,5,12:30:00 AM,00:30:00,0,Sunday,1,0,Night,11,5,0,22,38,79.5,0.47,0.5789,0.0,normal,Weekend,Off-Peak Hours,0.5789,28.95
388,5,12:45:00 AM,00:45:00,0,Sunday,1,0,Night,12,2,1,37,52,127.0,0.76,0.7308,0.0769,normal,Weekend,Off-Peak Hours,0.7308,23.08
389,5,1:00:00 AM,01:00:00,1,Sunday,1,0,Night,18,1,1,34,54,123.5,0.74,0.6481,0.0526,normal,Weekend,Off-Peak Hours,0.6481,33.33
390,5,1:15:00 AM,01:15:00,1,Sunday,1,0,Night,19,1,0,11,31,52.5,0.31,0.3548,0.0,low,Weekend,Off-Peak Hours,0.3548,61.29
391,5,1:30:00 AM,01:30:00,1,Sunday,1,0,Night,11,4,1,26,42,94.0,0.56,0.6429,0.0833,normal,Weekend,Off-Peak Hours,0.6429,26.19
392,5,1:45:00 AM,01:45:00,1,Sunday,1,0,Night,18,3,0,28,49,103.5,0.62,0.5714,0.0,normal,Weekend,Off-Peak Hours,0.5714,36.73
393,5,2:00:00 AM,02:00:00,2,Sunday,1,0,Night,12,4,1,37,54,128.0,0.76,0.7037,0.0769,normal,Weekend,Off-Peak Hours,0.7037,22.22
394,5,2:15:00 AM,02:15:00,2,Sunday,1,0,Night,11,1,1,29,42,101.5,0.6,0.7143,0.0833,normal,Weekend,Off-Peak Hours,0.7143,26.19
395,5,2:30:00 AM,02:30:00,2,Sunday,1,0,Night,19,5,1,29,54,111.5,0.66,0.5556,0.05,normal,Weekend,Off-Peak Hours,0.5556,35.19
396,5,2:45:00 AM,02:45:00,2,Sunday,1,0,Night,18,4,0,11,33,53.0,0.32,0.3333,0.0,low,Weekend,Off-Peak Hours,0.3333,54.55
397,5,3:00:00 AM,03:00:00,3,Sunday,1,0,Night,16,4,0,29,49,105.0,0.63,0.5918,0.0,normal,Weekend,Off-Peak Hours,0.5918,32.65
398,5,3:15:00 AM,03:15:00,3,Sunday,1,0,Night,19,4,1,33,57,123.0,0.73,0.5965,0.05,normal,Weekend,Off-Peak Hours,0.5965,33.33
399,5,3:30:00 AM,03:30:00,3,Sunday,1,0,Night,15,3,1,12,31,55.5,0.33,0.4194,0.0625,low,Weekend,Off-Peak Hours,0.4194,48.39
400,5,3:45:00 AM,03:45:00,3,Sunday,1,0,Night,16,4,1,28,49,105.0,0.63,0.5918,0.0588,normal,Weekend,Off-Peak Hours,0.5918,32.65
401,5,4:00:00 AM,04:00:00,4,Sunday,1,0,Night,11,4,0,20,35,73.0,0.43,0.5714,0.0,normal,Weekend,Off-Peak Hours,0.5714,31.43
402,5,4:15:00 AM,04:15:00,4,Sunday,1,0,Night,93,4,1,16,114,146.0,0.87,0.1491,0.0106,normal,Weekend,Off-Peak Hours,0.1491,81.58
403,5,4:30:00 AM,04:30:00,4,Sunday,1,0,Night,114,12,7,18,151,195.0,1.16,0.1656,0.0609,normal,Weekend,Off-Peak Hours,0.1656,75.5
404,5,4:45:00 AM,04:45:00,4,Sunday,1,0,Night,56,7,5,20,88,134.5,0.8,0.2841,0.0877,normal,Weekend,Off-Peak Hours,0.2841,63.64
405,5,5:00:00 AM,05:00:00,5,Sunday,1,0,Morning,92,23,3,19,137,169.5,1.01,0.1606,0.0323,normal,Weekend,Off-Peak Hours,0.1606,67.15
406,5,5:15:00 AM,05:15:00,5,Sunday,1,0,Morning,99,6,6,7,118,141.0,0.84,0.1102,0.06,normal,Weekend,Off-Peak Hours,0.1102,83.9
407,5,5:30:00 AM,05:30:00,5,Sunday,1,0,Morning,108,14,6,9,137,160.0,0.95,0.1095,0.055,normal,Weekend,Off-Peak Hours,0.1095,78.83
408,5,5:45:00 AM,05:45:00,5,Sunday,1,0,Morning,66,20,2,16,104,130.0,0.77,0.1731,0.0299,normal,Weekend,Off-Peak Hours,0.1731,63.46
409,5,6:00:00 AM,06:00:00,6,Sunday,1,1,Morning,147,26,44,5,222,307.0,1.83,0.2207,0.2973,heavy,Weekend,Off-Peak Hours,0.2207,66.22
410,5,6:15:00 AM,06:15:00,6,Sunday,1,1,Morning,139,27,29,1,196,242.5,1.44,0.1531,0.2071,heavy,Weekend,Off-Peak Hours,0.1531,70.92
411,5,6:30:00 AM,06:30:00,6,Sunday,1,1,Morning,119,31,36,5,191,257.5,1.53,0.2147,0.3,heavy,Weekend,Off-Peak Hours,0.2147,62.3
412,5,6:45:00 AM,06:45:00,6,Sunday,1,1,Morning,114,30,21,2,167,198.0,1.18,0.1377,0.1826,normal,Weekend,Off-Peak Hours,0.1377,68.26
413,5,7:00:00 AM,07:00:00,7,Sunday,1,1,Morning,103,27,21,4,155,191.5,1.14,0.1613,0.2019,normal,Weekend,Morning Rush (7-10 AM),0.1613,66.45
414,5,7:15:00 AM,07:15:00,7,Sunday,1,1,Morning,105,17,29,4,155,212.5,1.27,0.2129,0.2736,high,Weekend,Morning Rush (7-10 AM),0.2129,67.74
415,5,7:30:00 AM,07:30:00,7,Sunday,1,1,Morning,124,29,41,1,195,264.5,1.57,0.2154,0.328,heavy,Weekend,Morning Rush (7-10 AM),0.2154,63.59
416,5,7:45:00 AM,07:45:00,7,Sunday,1,1,Morning,118,19,34,1,172,232.5,1.38,0.2035,0.2857,heavy,Weekend,Morning Rush (7-10 AM),0.2035,68.6
417,5,8:00:00 AM,08:00:00,8,Sunday,1,1,Morning,101,37,32,0,170,215.5,1.28,0.1882,0.3137,heavy,Weekend,Morning Rush (7-10 AM),0.1882,59.41
418,5,8:15:00 AM,08:15:00,8,Sunday,1,1,Morning,109,11,48,1,169,261.5,1.56,0.2899,0.4364,heavy,Weekend,Morning Rush (7-10 AM),0.2899,64.5
419,5,8:30:00 AM,08:30:00,8,Sunday,1,1,Morning,143,12,23,3,181,227.0,1.35,0.1436,0.1597,heavy,Weekend,Morning Rush (7-10 AM),0.1436,79.01
420,5,8:45:00 AM,08:45:00,8,Sunday,1,1,Morning,143,40,30,0,213,253.0,1.51,0.1408,0.2083,heavy,Weekend,Morning Rush (7-10 AM),0.1408,67.14
421,5,9:00:00 AM,09:00:00,9,Sunday,1,0,Morning,128,16,34,0,178,238.0,1.42,0.191,0.2636,heavy,Weekend,Morning Rush (7-10 AM),0.191,71.91
422,5,9:15:00 AM,09:15:00,9,Sunday,1,0,Morning,14,25,14,16,69,116.5,0.69,0.4348,0.9333,normal,Weekend,Morning Rush (7-10 AM),0.4348,20.29
423,5,9:30:00 AM,09:30:00,9,Sunday,1,0,Morning,99,10,11,15,135,182.0,1.08,0.1926,0.11,normal,Weekend,Morning Rush (7-10 AM),0.1926,73.33
424,5,9:45:00 AM,09:45:00,9,Sunday,1,0,Morning,67,1,22,14,104,175.5,1.04,0.3462,0.3235,normal,Weekend,Morning Rush (7-10 AM),0.3462,64.42
425,5,10:00:00 AM,10:00:00,10,Sunday,1,0,Morning,42,2,29,9,82,157.0,0.93,0.4634,0.6744,normal,Weekend,Morning Rush (7-10 AM),0.4634,51.22
426,5,10:15:00 AM,10:15:00,10,Sunday,1,0,Morning,92,3,33,21,149,255.5,1.52,0.3624,0.3548,high,Weekend,Morning Rush (7-10 AM),0.3624,61.74
427,5,10:30:00 AM,10:30:00,10,Sunday,1,0,Morning,91,16,28,9,144,210.0,1.25,0.2569,0.3043,high,Weekend,Morning Rush (7-10 AM),0.2569,63.19
428,5,10:45:00 AM,10:45:00,10,Sunday,1,0,Morning,25,9,10,28,72,143.5,0.85,0.5278,0.3846,normal,Weekend,Morning Rush (7-10 AM),0.5278,34.72
429,5,11:00:00 AM,11:00:00,11,Sunday,1,0,Morning,37,5,12,29,83,162.5,0.97,0.494,0.3158,normal,Weekend,Off-Peak Hours,0.494,44.58
430,5,11:15:00 AM,11:15:00,11,Sunday,1,0,Morning,55,6,12,29,102,181.0,1.08,0.402,0.2143,normal,Weekend,Off-Peak Hours,0.402,53.92
431,5,11:30:00 AM,11:30:00,11,Sunday,1,0,Morning,49,8,8,26,91,155.0,0.92,0.3736,0.16,normal,Weekend,Off-Peak Hours,0.3736,53.85
432,5,11:45:00 AM,11:45:00,11,Sunday,1,0,Morning,69,9,3,20,101,142.5,0.85,0.2277,0.0429,normal,Weekend,Off-Peak Hours,0.2277,68.32
433,5,12:00:00 PM,12:00:00,12,Sunday,1,0,Afternoon,38,6,6,24,74,131.0,0.78,0.4054,0.1538,normal,Weekend,Off-Peak Hours,0.4054,51.35
434,5,12:15:00 PM,12:15:00,12,Sunday,1,0,Afternoon,40,8,12,21,81,143.0,0.85,0.4074,0.2927,normal,Weekend,Off-Peak Hours,0.4074,49.38
435,5,12:30:00 PM,12:30:00,12,Sunday,1,0,Afternoon,53,5,3,20,81,124.5,0.74,0.284,0.0556,normal,Weekend,Off-Peak Hours,0.284,65.43
436,5,12:45:00 PM,12:45:00,12,Sunday,1,0,Afternoon,21,8,4,28,61,121.0,0.72,0.5246,0.1818,normal,Weekend,Off-Peak Hours,0.5246,34.43
437,5,1:00:00 PM,13:00:00,13,Sunday,1,0,Afternoon,24,7,4,20,55,99.5,0.59,0.4364,0.16,normal,Weekend,Off-Peak Hours,0.4364,43.64
438,5,1:15:00 PM,13:15:00,13,Sunday,1,0,Afternoon,47,24,24,9,104,158.0,0.94,0.3173,0.5,normal,Weekend,Off-Peak Hours,0.3173,45.19
439,5,1:30:00 PM,13:30:00,13,Sunday,1,0,Afternoon,90,30,32,8,160,225.0,1.34,0.25,0.3516,high,Weekend,Off-Peak Hours,0.25,56.25
440,5,1:45:00 PM,13:45:00,13,Sunday,1,0,Afternoon,120,21,22,14,177,238.5,1.42,0.2034,0.1818,heavy,Weekend,Off-Peak Hours,0.2034,67.8
441,5,2:00:00 PM,14:00:00,14,Sunday,1,0,Afternoon,120,12,40,13,185,285.0,1.7,0.2865,0.3306,heavy,Weekend,Off-Peak Hours,0.2865,64.86
442,5,2:15:00 PM,14:15:00,14,Sunday,1,0,Afternoon,66,14,21,7,108,157.0,0.93,0.2593,0.3134,normal,Weekend,Off-Peak Hours,0.2593,61.11
443,5,2:30:00 PM,14:30:00,14,Sunday,1,0,Afternoon,89,24,12,6,131,155.0,0.92,0.1374,0.1333,normal,Weekend,Off-Peak Hours,0.1374,67.94
444,5,2:45:00 PM,14:45:00,14,Sunday,1,0,Afternoon,80,17,16,5,118,151.5,0.9,0.178,0.1975,normal,Weekend,Off-Peak Hours,0.178,67.8
445,5,3:00:00 PM,15:00:00,15,Sunday,1,0,Afternoon,114,21,10,9,154,181.5,1.08,0.1234,0.087,normal,Weekend,Off-Peak Hours,0.1234,74.03
446,5,3:15:00 PM,15:15:00,15,Sunday,1,0,Afternoon,94,20,7,10,131,155.0,0.92,0.1298,0.0737,normal,Weekend,Off-Peak Hours,0.1298,71.76
447,5,3:30:00 PM,15:30:00,15,Sunday,1,0,Afternoon,70,18,28,5,121,178.0,1.06,0.2727,0.3944,high,Weekend,Off-Peak Hours,0.2727,57.85
448,5,3:45:00 PM,15:45:00,15,Sunday,1,0,Afternoon,56,17,15,8,96,133.5,0.79,0.2396,0.2632,low,Weekend,Off-Peak Hours,0.2396,58.33
449,5,4:00:00 PM,16:00:00,16,Sunday,1,1,Afternoon,141,15,20,6,182,226.5,1.35,0.1429,0.1408,heavy,Weekend,Evening Rush (4-7 PM),0.1429,77.47
450,5,4:15:00 PM,16:15:00,16,Sunday,1,1,Afternoon,150,19,46,7,222,318.5,1.9,0.2387,0.3046,heavy,Weekend,Evening Rush (4-7 PM),0.2387,67.57
451,5,4:30:00 PM,16:30:00,16,Sunday,1,1,Afternoon,119,37,22,8,186,227.5,1.35,0.1613,0.1833,heavy,Weekend,Evening Rush (4-7 PM),0.1613,63.98
452,5,4:45:00 PM,16:45:00,16,Sunday,1,1,Afternoon,144,14,44,5,207,298.0,1.77,0.2367,0.3034,heavy,Weekend,Evening Rush (4-7 PM),0.2367,69.57
453,5,5:00:00 PM,17:00:00,17,Sunday,1,1,Evening,110,25,46,6,187,278.5,1.66,0.2781,0.4144,heavy,Weekend,Evening Rush (4-7 PM),0.2781,58.82
454,5,5:15:00 PM,17:15:00,17,Sunday,1,1,Evening,138,15,31,10,194,268.5,1.6,0.2113,0.223,heavy,Weekend,Evening Rush (4-7 PM),0.2113,71.13
455,5,5:30:00 PM,17:30:00,17,Sunday,1,1,Evening,140,35,41,5,221,295.5,1.76,0.2081,0.2908,heavy,Weekend,Evening Rush (4-7 PM),0.2081,63.35
456,5,5:45:00 PM,17:45:00,17,Sunday,1,1,Evening,103,24,28,8,163,223.0,1.33,0.2209,0.2692,high,Weekend,Evening Rush (4-7 PM),0.2209,63.19
457,5,6:00:00 PM,18:00:00,18,Sunday,1,1,Evening,142,27,30,5,204,260.5,1.55,0.1716,0.2098,heavy,Weekend,Evening Rush (4-7 PM),0.1716,69.61
458,5,6:15:00 PM,18:15:00,18,Sunday,1,1,Evening,149,13,22,9,193,248.5,1.48,0.1606,0.1467,heavy,Weekend,Evening Rush (4-7 PM),0.1606,77.2
459,5,6:30:00 PM,18:30:00,18,Sunday,1,1,Evening,126,40,39,8,213,287.0,1.71,0.2207,0.3071,heavy,Weekend,Evening Rush (4-7 PM),0.2207,59.15
460,5,6:45:00 PM,18:45:00,18,Sunday,1,1,Evening,78,15,14,28,135,211.5,1.26,0.3111,0.1772,high,Weekend,Evening Rush (4-7 PM),0.3111,57.78
461,5,7:00:00 PM,19:00:00,19,Sunday,1,0,Evening,102,15,11,29,157,229.5,1.37,0.2548,0.1068,high,Weekend,Evening Rush (4-7 PM),0.2548,64.97
462,5,7:15:00 PM,19:15:00,19,Sunday,1,0,Evening,96,22,20,12,150,203.0,1.21,0.2133,0.2062,normal,Weekend,Evening Rush (4-7 PM),0.2133,64.0
463,5,7:30:00 PM,19:30:00,19,Sunday,1,0,Evening,110,24,15,14,163,209.0,1.24,0.1779,0.1351,normal,Weekend,Evening Rush (4-7 PM),0.1779,67.48
464,5,7:45:00 PM,19:45:00,19,Sunday,1,0,Evening,97,22,17,13,149,198.0,1.18,0.2013,0.1735,normal,Weekend,Evening Rush (4-7 PM),0.2013,65.1
465,5,8:00:00 PM,20:00:00,20,Sunday,1,0,Evening,53,19,11,18,101,149.5,0.89,0.2871,0.2037,normal,Weekend,Night Freight (8-11 PM),0.2871,52.48
466,5,8:15:00 PM,20:15:00,20,Sunday,1,0,Evening,82,8,17,29,136,224.0,1.33,0.3382,0.2048,high,Weekend,Night Freight (8-11 PM),0.3382,60.29
467,5,8:30:00 PM,20:30:00,20,Sunday,1,0,Evening,91,24,18,29,162,244.0,1.45,0.2901,0.1957,high,Weekend,Night Freight (8-11 PM),0.2901,56.17
468,5,8:45:00 PM,20:45:00,20,Sunday,1,0,Evening,102,6,14,35,157,252.0,1.5,0.3121,0.1359,high,Weekend,Night Freight (8-11 PM),0.3121,64.97
469,5,9:00:00 PM,21:00:00,21,Sunday,1,0,Evening,109,6,15,18,148,211.0,1.26,0.223,0.1364,normal,Weekend,Night Freight (8-11 PM),0.223,73.65
470,5,9:15:00 PM,21:15:00,21,Sunday,1,0,Evening,78,16,13,27,134,206.0,1.23,0.2985,0.1646,high,Weekend,Night Freight (8-11 PM),0.2985,58.21
471,5,9:30:00 PM,21:30:00,21,Sunday,1,0,Evening,66,12,16,33,127,219.0,1.3,0.3858,0.2388,high,Weekend,Night Freight (8-11 PM),0.3858,51.97
472,5,9:45:00 PM,21:45:00,21,Sunday,1,0,Evening,100,17,15,22,154,219.5,1.31,0.2403,0.1485,high,Weekend,Night Freight (8-11 PM),0.2403,64.94
473,5,10:00:00 PM,22:00:00,22,Sunday,1,0,Night,15,1,1,25,42,93.5,0.56,0.619,0.0625,normal,Weekend,Night Freight (8-11 PM),0.619,35.71
474,5,10:15:00 PM,22:15:00,22,Sunday,1,0,Night,16,1,0,33,50,115.5,0.69,0.66,0.0,normal,Weekend,Night Freight (8-11 PM),0.66,32.0
475,5,10:30:00 PM,22:30:00,22,Sunday,1,0,Night,19,4,0,26,49,99.0,0.59,0.5306,0.0,normal,Weekend,Night Freight (8-11 PM),0.5306,38.78
476,5,10:45:00 PM,22:45:00,22,Sunday,1,0,Night,10,0,1,34,45,115.0,0.68,0.7778,0.0909,normal,Weekend,Night Freight (8-11 PM),0.7778,22.22
477,5,11:00:00 PM,23:00:00,23,Sunday,1,0,Night,14,0,0,28,42,98.0,0.58,0.6667,0.0,normal,Weekend,Night Freight (8-11 PM),0.6667,33.33
478,5,11:15:00 PM,23:15:00,23,Sunday,1,0,Night,13,2,0,22,37,80.0,0.48,0.5946,0.0,normal,Weekend,Night Freight (8-11 PM),0.5946,35.14
479,5,11:30:00 PM,23:30:00,23,Sunday,1,0,Night,18,5,1,20,44,83.5,0.5,0.4773,0.0526,normal,Weekend,Night Freight (8-11 PM),0.4773,40.91
480,5,11:45:00 PM,23:45:00,23,Sunday,1,0,Night,18,4,0,18,40,74.0,0.44,0.45,0.0,normal,Weekend,Night Freight (8-11 PM),0.45,45.0
481,6,12:00:00 AM,00:00:00,0,Monday,0,0,Night,11,3,0,26,40,90.5,0.54,0.65,0.0,normal,Weekday,Off-Peak Hours,0.65,27.5
482,6,12:15:00 AM,00:15:00,0,Monday,0,0,Night,13,1,0,24,38,85.5,0.51,0.6316,0.0,normal,Weekday,Off-Peak Hours,0.6316,34.21
483,6,12:30:00 AM,00:30:00,0,Monday,0,0,Night,19,5,1,15,40,69.5,0.41,0.4,0.05,normal,Weekday,Off-Peak Hours,0.4,47.5
484,6,12:45:00 AM,00:45:00,0,Monday,0,0,Night,11,3,1,28,43,99.5,0.59,0.6744,0.0833,normal,Weekday,Off-Peak Hours,0.6744,25.58
485,6,1:00:00 AM,01:00:00,1,Monday,0,0,Night,11,1,1,40,53,134.5,0.8,0.7736,0.0833,normal,Weekday,Off-Peak Hours,0.7736,20.75
486,6,1:15:00 AM,01:15:00,1,Monday,0,0,Night,18,4,1,28,51,107.0,0.64,0.5686,0.0526,normal,Weekday,Off-Peak Hours,0.5686,35.29
487,6,1:30:00 AM,01:30:00,1,Monday,0,0,Night,15,2,1,16,34,67.0,0.4,0.5,0.0625,normal,Weekday,Off-Peak Hours,0.5,44.12
488,6,1:45:00 AM,01:45:00,1,Monday,0,0,Night,20,0,0,27,47,101.0,0.6,0.5745,0.0,normal,Weekday,Off-Peak Hours,0.5745,42.55
489,6,2:00:00 AM,02:00:00,2,Monday,0,0,Night,14,5,0,17,36,67.5,0.4,0.4722,0.0,normal,Weekday,Off-Peak Hours,0.4722,38.89
490,6,2:15:00 AM,02:15:00,2,Monday,0,0,Night,11,3,1,10,25,45.5,0.27,0.44,0.0833,low,Weekday,Off-Peak Hours,0.44,44.0
491,6,2:30:00 AM,02:30:00,2,Monday,0,0,Night,18,5,0,22,45,86.5,0.51,0.4889,0.0,normal,Weekday,Off-Peak Hours,0.4889,40.0
492,6,2:45:00 AM,02:45:00,2,Monday,0,0,Night,12,4,0,16,32,62.0,0.37,0.5,0.0,normal,Weekday,Off-Peak Hours,0.5,37.5
493,6,3:00:00 AM,03:00:00,3,Monday,0,0,Night,10,2,0,24,36,83.0,0.49,0.6667,0.0,normal,Weekday,Off-Peak Hours,0.6667,27.78
494,6,3:15:00 AM,03:15:00,3,Monday,0,0,Night,20,0,1,36,57,131.0,0.78,0.6491,0.0476,normal,Weekday,Off-Peak Hours,0.6491,35.09
495,6,3:30:00 AM,03:30:00,3,Monday,0,0,Night,20,1,0,29,50,107.5,0.64,0.58,0.0,normal,Weekday,Off-Peak Hours,0.58,40.0
496,6,3:45:00 AM,03:45:00,3,Monday,0,0,Night,16,4,0,24,44,90.0,0.54,0.5455,0.0,normal,Weekday,Off-Peak Hours,0.5455,36.36
497,6,4:00:00 AM,04:00:00,4,Monday,0,0,Night,18,3,0,22,43,85.5,0.51,0.5116,0.0,normal,Weekday,Off-Peak Hours,0.5116,41.86
498,6,4:15:00 AM,04:15:00,4,Monday,0,0,Night,88,11,10,3,112,132.5,0.79,0.1161,0.1124,normal,Weekday,Off-Peak Hours,0.1161,78.57
499,6,4:30:00 AM,04:30:00,4,Monday,0,0,Night,114,5,9,7,135,164.5,0.98,0.1185,0.0783,normal,Weekday,Off-Peak Hours,0.1185,84.44
500,6,4:45:00 AM,04:45:00,4,Monday,0,0,Night,103,3,9,17,132,182.5,1.09,0.197,0.0865,normal,Weekday,Off-Peak Hours,0.197,78.03
501,6,5:00:00 AM,05:00:00,5,Monday,0,0,Morning,81,16,7,14,118,152.0,0.9,0.178,0.0854,normal,Weekday,Off-Peak Hours,0.178,68.64
502,6,5:15:00 AM,05:15:00,5,Monday,0,0,Morning,94,1,9,3,107,130.5,0.78,0.1121,0.0947,low,Weekday,Off-Peak Hours,0.1121,87.85
503,6,5:30:00 AM,05:30:00,5,Monday,0,0,Morning,56,11,9,15,91,133.5,0.79,0.2637,0.1579,normal,Weekday,Off-Peak Hours,0.2637,61.54
504,6,5:45:00 AM,05:45:00,5,Monday,0,0,Morning,80,16,5,10,111,133.0,0.79,0.1351,0.0617,low,Weekday,Off-Peak Hours,0.1351,72.07
505,6,6:00:00 AM,06:00:00,6,Monday,0,1,Morning,138,35,47,4,224,308.5,1.84,0.2277,0.3381,heavy,Weekday,Off-Peak Hours,0.2277,61.61
506,6,6:15:00 AM,06:15:00,6,Monday,0,1,Morning,123,27,22,4,176,214.5,1.28,0.1477,0.1774,heavy,Weekday,Off-Peak Hours,0.1477,69.89
507,6,6:30:00 AM,06:30:00,6,Monday,0,1,Morning,114,30,36,2,182,243.0,1.45,0.2088,0.313,heavy,Weekday,Off-Peak Hours,0.2088,62.64
508,6,6:45:00 AM,06:45:00,6,Monday,0,1,Morning,122,30,37,2,191,254.0,1.51,0.2042,0.3008,heavy,Weekday,Off-Peak Hours,0.2042,63.87
509,6,7:00:00 AM,07:00:00,7,Monday,0,1,Morning,148,10,28,2,188,243.0,1.45,0.1596,0.1879,heavy,Weekday,Morning Rush (7-10 AM),0.1596,78.72
510,6,7:15:00 AM,07:15:00,7,Monday,0,1,Morning,127,38,48,0,213,290.0,1.73,0.2254,0.375,heavy,Weekday,Morning Rush (7-10 AM),0.2254,59.62
511,6,7:30:00 AM,07:30:00,7,Monday,0,1,Morning,113,32,44,1,190,264.0,1.57,0.2368,0.386,heavy,Weekday,Morning Rush (7-10 AM),0.2368,59.47
512,6,7:45:00 AM,07:45:00,7,Monday,0,1,Morning,131,26,40,1,198,267.0,1.59,0.2071,0.303,heavy,Weekday,Morning Rush (7-10 AM),0.2071,66.16
513,6,8:00:00 AM,08:00:00,8,Monday,0,1,Morning,108,27,44,5,184,268.5,1.6,0.2663,0.4037,heavy,Weekday,Morning Rush (7-10 AM),0.2663,58.7
514,6,8:15:00 AM,08:15:00,8,Monday,0,1,Morning,109,19,49,3,180,274.5,1.63,0.2889,0.4455,heavy,Weekday,Morning Rush (7-10 AM),0.2889,60.56
515,6,8:30:00 AM,08:30:00,8,Monday,0,1,Morning,125,15,28,3,171,225.5,1.34,0.1813,0.2222,heavy,Weekday,Morning Rush (7-10 AM),0.1813,73.1
516,6,8:45:00 AM,08:45:00,8,Monday,0,1,Morning,139,30,35,4,208,271.0,1.61,0.1875,0.25,heavy,Weekday,Morning Rush (7-10 AM),0.1875,66.83
517,6,9:00:00 AM,09:00:00,9,Monday,0,0,Morning,103,35,50,2,190,276.5,1.65,0.2737,0.4808,heavy,Weekday,Morning Rush (7-10 AM),0.2737,54.21
518,6,9:15:00 AM,09:15:00,9,Monday,0,0,Morning,64,13,40,12,129,226.5,1.35,0.4031,0.6154,high,Weekday,Morning Rush (7-10 AM),0.4031,49.61
519,6,9:30:00 AM,09:30:00,9,Monday,0,0,Morning,79,1,10,30,120,199.5,1.19,0.3333,0.125,high,Weekday,Morning Rush (7-10 AM),0.3333,65.83
520,6,9:45:00 AM,09:45:00,9,Monday,0,0,Morning,50,2,7,14,73,114.0,0.68,0.2877,0.1373,normal,Weekday,Morning Rush (7-10 AM),0.2877,68.49
521,6,10:00:00 AM,10:00:00,10,Monday,0,0,Morning,84,18,18,28,148,231.0,1.38,0.3108,0.2118,high,Weekday,Morning Rush (7-10 AM),0.3108,56.76
522,6,10:15:00 AM,10:15:00,10,Monday,0,0,Morning,99,16,39,26,180,302.0,1.8,0.3611,0.39,heavy,Weekday,Morning Rush (7-10 AM),0.3611,55.0
523,6,10:30:00 AM,10:30:00,10,Monday,0,0,Morning,42,3,27,18,90,178.5,1.06,0.5,0.6279,normal,Weekday,Morning Rush (7-10 AM),0.5,46.67
524,6,10:45:00 AM,10:45:00,10,Monday,0,0,Morning,53,2,29,24,108,213.0,1.27,0.4907,0.537,normal,Weekday,Morning Rush (7-10 AM),0.4907,49.07
525,6,11:00:00 AM,11:00:00,11,Monday,0,0,Morning,63,10,8,28,109,176.0,1.05,0.3303,0.125,normal,Weekday,Off-Peak Hours,0.3303,57.8
526,6,11:15:00 AM,11:15:00,11,Monday,0,0,Morning,24,8,3,20,55,97.0,0.58,0.4182,0.12,normal,Weekday,Off-Peak Hours,0.4182,43.64
527,6,11:30:00 AM,11:30:00,11,Monday,0,0,Morning,46,8,6,26,86,146.0,0.87,0.3721,0.1277,normal,Weekday,Off-Peak Hours,0.3721,53.49
528,6,11:45:00 AM,11:45:00,11,Monday,0,0,Morning,20,7,8,26,61,125.5,0.75,0.5574,0.381,normal,Weekday,Off-Peak Hours,0.5574,32.79
529,6,12:00:00 PM,12:00:00,12,Monday,0,0,Afternoon,41,8,7,27,83,147.0,0.88,0.4096,0.1667,normal,Weekday,Off-Peak Hours,0.4096,49.4
530,6,12:15:00 PM,12:15:00,12,Monday,0,0,Afternoon,44,5,3,28,80,139.5,0.83,0.3875,0.0667,normal,Weekday,Off-Peak Hours,0.3875,55.0
531,6,12:30:00 PM,12:30:00,12,Monday,0,0,Afternoon,33,6,14,28,81,162.0,0.96,0.5185,0.4118,normal,Weekday,Off-Peak Hours,0.5185,40.74
532,6,12:45:00 PM,12:45:00,12,Monday,0,0,Afternoon,30,9,7,25,71,130.5,0.78,0.4507,0.2258,normal,Weekday,Off-Peak Hours,0.4507,42.25
533,6,1:00:00 PM,13:00:00,13,Monday,0,0,Afternoon,68,7,5,25,105,161.5,0.96,0.2857,0.0725,normal,Weekday,Off-Peak Hours,0.2857,64.76
534,6,1:15:00 PM,13:15:00,13,Monday,0,0,Afternoon,28,29,26,5,88,135.5,0.81,0.3523,0.8966,normal,Weekday,Off-Peak Hours,0.3523,31.82
535,6,1:30:00 PM,13:30:00,13,Monday,0,0,Afternoon,96,20,14,18,148,202.0,1.2,0.2162,0.1443,normal,Weekday,Off-Peak Hours,0.2162,64.86
536,6,1:45:00 PM,13:45:00,13,Monday,0,0,Afternoon,24,15,26,13,78,148.5,0.88,0.5,1.04,normal,Weekday,Off-Peak Hours,0.5,30.77
537,6,2:00:00 PM,14:00:00,14,Monday,0,0,Afternoon,70,21,32,18,141,230.5,1.37,0.3546,0.4507,high,Weekday,Off-Peak Hours,0.3546,49.65
538,6,2:15:00 PM,14:15:00,14,Monday,0,0,Afternoon,49,21,11,20,101,152.5,0.91,0.3069,0.22,normal,Weekday,Off-Peak Hours,0.3069,48.51
539,6,2:30:00 PM,14:30:00,14,Monday,0,0,Afternoon,51,22,12,16,101,146.0,0.87,0.2772,0.2308,normal,Weekday,Off-Peak Hours,0.2772,50.5
540,6,2:45:00 PM,14:45:00,14,Monday,0,0,Afternoon,84,12,15,15,126,180.0,1.07,0.2381,0.1765,normal,Weekday,Off-Peak Hours,0.2381,66.67
541,6,3:00:00 PM,15:00:00,15,Monday,0,0,Afternoon,99,18,7,20,144,189.0,1.13,0.1875,0.07,normal,Weekday,Off-Peak Hours,0.1875,68.75
542,6,3:15:00 PM,15:15:00,15,Monday,0,0,Afternoon,106,10,9,8,133,162.0,0.96,0.1278,0.0841,normal,Weekday,Off-Peak Hours,0.1278,79.7
543,6,3:30:00 PM,15:30:00,15,Monday,0,0,Afternoon,6,11,34,20,71,173.5,1.03,0.7606,4.8571,normal,Weekday,Off-Peak Hours,0.7606,8.45
544,6,3:45:00 PM,15:45:00,15,Monday,0,0,Afternoon,59,29,15,16,119,166.5,0.99,0.2605,0.25,normal,Weekday,Off-Peak Hours,0.2605,49.58
545,6,4:00:00 PM,16:00:00,16,Monday,0,1,Afternoon,139,25,41,5,210,289.5,1.72,0.219,0.2929,heavy,Weekday,Evening Rush (4-7 PM),0.219,66.19
546,6,4:15:00 PM,16:15:00,16,Monday,0,1,Afternoon,109,12,49,6,176,280.0,1.67,0.3125,0.4455,heavy,Weekday,Evening Rush (4-7 PM),0.3125,61.93
547,6,4:30:00 PM,16:30:00,16,Monday,0,1,Afternoon,124,24,47,9,204,304.0,1.81,0.2745,0.376,heavy,Weekday,Evening Rush (4-7 PM),0.2745,60.78
548,6,4:45:00 PM,16:45:00,16,Monday,0,1,Afternoon,135,29,39,7,210,287.5,1.71,0.219,0.2868,heavy,Weekday,Evening Rush (4-7 PM),0.219,64.29
549,6,5:00:00 PM,17:00:00,17,Monday,0,1,Evening,137,15,37,7,196,276.5,1.65,0.2245,0.2681,heavy,Weekday,Evening Rush (4-7 PM),0.2245,69.9
550,6,5:15:00 PM,17:15:00,17,Monday,0,1,Evening,119,28,46,9,202,298.0,1.77,0.2723,0.3833,heavy,Weekday,Evening Rush (4-7 PM),0.2723,58.91
551,6,5:30:00 PM,17:30:00,17,Monday,0,1,Evening,127,21,28,5,181,236.5,1.41,0.1823,0.2188,heavy,Weekday,Evening Rush (4-7 PM),0.1823,70.17
552,6,5:45:00 PM,17:45:00,17,Monday,0,1,Evening,109,37,44,9,199,286.5,1.71,0.2663,0.4,heavy,Weekday,Evening Rush (4-7 PM),0.2663,54.77
553,6,6:00:00 PM,18:00:00,18,Monday,0,1,Evening,145,27,35,7,214,284.5,1.69,0.1963,0.2397,heavy,Weekday,Evening Rush (4-7 PM),0.1963,67.76
554,6,6:15:00 PM,18:15:00,18,Monday,0,1,Evening,133,36,28,6,203,253.0,1.51,0.1675,0.209,heavy,Weekday,Evening Rush (4-7 PM),0.1675,65.52
555,6,6:30:00 PM,18:30:00,18,Monday,0,1,Evening,138,19,36,5,198,270.5,1.61,0.2071,0.259,heavy,Weekday,Evening Rush (4-7 PM),0.2071,69.7
556,6,6:45:00 PM,18:45:00,18,Monday,0,1,Evening,73,5,20,10,108,165.5,0.99,0.2778,0.2703,normal,Weekday,Evening Rush (4-7 PM),0.2778,67.59
557,6,7:00:00 PM,19:00:00,19,Monday,0,0,Evening,83,11,14,33,141,229.5,1.37,0.3333,0.1667,high,Weekday,Evening Rush (4-7 PM),0.3333,58.87
558,6,7:15:00 PM,19:15:00,19,Monday,0,0,Evening,89,8,10,19,126,180.0,1.07,0.2302,0.1111,normal,Weekday,Evening Rush (4-7 PM),0.2302,70.63
559,6,7:30:00 PM,19:30:00,19,Monday,0,0,Evening,99,19,18,24,160,234.5,1.4,0.2625,0.18,high,Weekday,Evening Rush (4-7 PM),0.2625,61.87
560,6,7:45:00 PM,19:45:00,19,Monday,0,0,Evening,54,17,14,8,93,128.5,0.77,0.2366,0.2545,low,Weekday,Evening Rush (4-7 PM),0.2366,58.06
561,6,8:00:00 PM,20:00:00,20,Monday,0,0,Evening,58,18,14,6,96,127.0,0.76,0.2083,0.2373,low,Weekday,Night Freight (8-11 PM),0.2083,60.42
562,6,8:15:00 PM,20:15:00,20,Monday,0,0,Evening,56,16,12,9,93,127.0,0.76,0.2258,0.2105,low,Weekday,Night Freight (8-11 PM),0.2258,60.22
563,6,8:30:00 PM,20:30:00,20,Monday,0,0,Evening,77,6,20,5,108,155.0,0.92,0.2315,0.2564,normal,Weekday,Night Freight (8-11 PM),0.2315,71.3
564,6,8:45:00 PM,20:45:00,20,Monday,0,0,Evening,85,6,18,17,126,193.0,1.15,0.2778,0.2093,normal,Weekday,Night Freight (8-11 PM),0.2778,67.46
565,6,9:00:00 PM,21:00:00,21,Monday,0,0,Evening,105,14,13,32,164,247.0,1.47,0.2744,0.1226,high,Weekday,Night Freight (8-11 PM),0.2744,64.02
566,6,9:15:00 PM,21:15:00,21,Monday,0,0,Evening,96,21,11,24,152,211.5,1.26,0.2303,0.1134,high,Weekday,Night Freight (8-11 PM),0.2303,63.16
567,6,9:30:00 PM,21:30:00,21,Monday,0,0,Evening,66,22,17,16,121,176.0,1.05,0.2727,0.2537,normal,Weekday,Night Freight (8-11 PM),0.2727,54.55
568,6,9:45:00 PM,21:45:00,21,Monday,0,0,Evening,88,15,19,14,136,194.5,1.16,0.2426,0.2135,normal,Weekday,Night Freight (8-11 PM),0.2426,64.71
569,6,10:00:00 PM,22:00:00,22,Monday,0,0,Night,16,1,1,24,42,91.5,0.54,0.5952,0.0588,normal,Weekday,Night Freight (8-11 PM),0.5952,38.1
570,6,10:15:00 PM,22:15:00,22,Monday,0,0,Night,13,1,0,11,25,46.5,0.28,0.44,0.0,low,Weekday,Night Freight (8-11 PM),0.44,52.0
571,6,10:30:00 PM,22:30:00,22,Monday,0,0,Night,13,5,1,23,42,87.5,0.52,0.5714,0.0714,normal,Weekday,Night Freight (8-11 PM),0.5714,30.95
572,6,10:45:00 PM,22:45:00,22,Monday,0,0,Night,19,5,0,37,61,132.5,0.79,0.6066,0.0,normal,Weekday,Night Freight (8-11 PM),0.6066,31.15
573,6,11:00:00 PM,23:00:00,23,Monday,0,0,Night,19,1,0,31,51,112.5,0.67,0.6078,0.0,normal,Weekday,Night Freight (8-11 PM),0.6078,37.25
574,6,11:15:00 PM,23:15:00,23,Monday,0,0,Night,11,5,0,19,35,70.5,0.42,0.5429,0.0,normal,Weekday,Night Freight (8-11 PM),0.5429,31.43
575,6,11:30:00 PM,23:30:00,23,Monday,0,0,Night,18,3,0,32,53,115.5,0.69,0.6038,0.0,normal,Weekday,Night Freight (8-11 PM),0.6038,33.96
576,6,11:45:00 PM,23:45:00,23,Monday,0,0,Night,17,1,1,38,57,134.5,0.8,0.6842,0.0556,normal,Weekday,Night Freight (8-11 PM),0.6842,29.82
577,7,12:00:00 AM,00:00:00,0,Tuesday,0,0,Night,17,3,0,20,40,78.5,0.47,0.5,0.0,normal,Weekday,Off-Peak Hours,0.5,42.5
578,7,12:15:00 AM,00:15:00,0,Tuesday,0,0,Night,18,4,1,19,42,80.0,0.48,0.4762,0.0526,normal,Weekday,Off-Peak Hours,0.4762,42.86
579,7,12:30:00 AM,00:30:00,0,Tuesday,0,0,Night,19,3,0,24,46,92.5,0.55,0.5217,0.0,normal,Weekday,Off-Peak Hours,0.5217,41.3
580,7,12:45:00 AM,00:45:00,0,Tuesday,0,0,Night,16,3,0,15,34,62.5,0.37,0.4412,0.0,normal,Weekday,Off-Peak Hours,0.4412,47.06
581,7,1:00:00 AM,01:00:00,1,Tuesday,0,0,Night,12,5,1,21,39,80.5,0.48,0.5641,0.0769,normal,Weekday,Off-Peak Hours,0.5641,30.77
582,7,1:15:00 AM,01:15:00,1,Tuesday,0,0,Night,17,3,0,36,56,126.5,0.75,0.6429,0.0,normal,Weekday,Off-Peak Hours,0.6429,30.36
583,7,1:30:00 AM,01:30:00,1,Tuesday,0,0,Night,19,4,1,21,45,87.0,0.52,0.4889,0.05,normal,Weekday,Off-Peak Hours,0.4889,42.22
584,7,1:45:00 AM,01:45:00,1,Tuesday,0,0,Night,13,5,0,20,38,75.5,0.45,0.5263,0.0,normal,Weekday,Off-Peak Hours,0.5263,34.21
585,7,2:00:00 AM,02:00:00,2,Tuesday,0,0,Night,14,0,1,37,52,128.0,0.76,0.7308,0.0667,normal,Weekday,Off-Peak Hours,0.7308,26.92
586,7,2:15:00 AM,02:15:00,2,Tuesday,0,0,Night,14,5,0,39,58,133.5,0.79,0.6724,0.0,normal,Weekday,Off-Peak Hours,0.6724,24.14
587,7,2:30:00 AM,02:30:00,2,Tuesday,0,0,Night,13,1,0,19,33,70.5,0.42,0.5758,0.0,normal,Weekday,Off-Peak Hours,0.5758,39.39
588,7,2:45:00 AM,02:45:00,2,Tuesday,0,0,Night,18,5,1,25,49,98.5,0.59,0.5306,0.0526,normal,Weekday,Off-Peak Hours,0.5306,36.73
589,7,3:00:00 AM,03:00:00,3,Tuesday,0,0,Night,15,1,1,15,32,63.5,0.38,0.5,0.0625,normal,Weekday,Off-Peak Hours,0.5,46.87
590,7,3:15:00 AM,03:15:00,3,Tuesday,0,0,Night,19,2,0,30,51,110.0,0.65,0.5882,0.0,normal,Weekday,Off-Peak Hours,0.5882,37.25
591,7,3:30:00 AM,03:30:00,3,Tuesday,0,0,Night,18,2,1,27,48,103.0,0.61,0.5833,0.0526,normal,Weekday,Off-Peak Hours,0.5833,37.5
592,7,3:45:00 AM,03:45:00,3,Tuesday,0,0,Night,13,1,0,38,52,127.5,0.76,0.7308,0.0,normal,Weekday,Off-Peak Hours,0.7308,25.0
593,7,4:00:00 AM,04:00:00,4,Tuesday,0,0,Night,19,2,0,32,53,116.0,0.69,0.6038,0.0,normal,Weekday,Off-Peak Hours,0.6038,35.85
594,7,4:15:00 AM,04:15:00,4,Tuesday,0,0,Night,116,0,1,9,126,146.0,0.87,0.0794,0.0085,normal,Weekday,Off-Peak Hours,0.0794,92.06
595,7,4:30:00 AM,04:30:00,4,Tuesday,0,0,Night,60,12,8,15,95,135.0,0.8,0.2421,0.1311,normal,Weekday,Off-Peak Hours,0.2421,63.16
596,7,4:45:00 AM,04:45:00,4,Tuesday,0,0,Night,82,15,0,19,116,146.5,0.87,0.1638,0.0,normal,Weekday,Off-Peak Hours,0.1638,70.69
597,7,5:00:00 AM,05:00:00,5,Tuesday,0,0,Morning,67,23,7,3,100,108.5,0.65,0.1,0.1029,low,Weekday,Off-Peak Hours,0.1,67.0
598,7,5:15:00 AM,05:15:00,5,Tuesday,0,0,Morning,59,27,10,18,114,156.5,0.93,0.2456,0.1667,normal,Weekday,Off-Peak Hours,0.2456,51.75
599,7,5:30:00 AM,05:30:00,5,Tuesday,0,0,Morning,66,6,9,5,86,111.0,0.66,0.1628,0.1343,low,Weekday,Off-Peak Hours,0.1628,76.74
600,7,5:45:00 AM,05:45:00,5,Tuesday,0,0,Morning,120,10,3,16,149,182.0,1.08,0.1275,0.0248,normal,Weekday,Off-Peak Hours,0.1275,80.54
601,7,6:00:00 AM,06:00:00,6,Tuesday,0,1,Morning,121,22,30,0,173,222.0,1.32,0.1734,0.2459,heavy,Weekday,Off-Peak Hours,0.1734,69.94
602,7,6:15:00 AM,06:15:00,6,Tuesday,0,1,Morning,130,27,39,5,201,275.5,1.64,0.2189,0.2977,heavy,Weekday,Off-Peak Hours,0.2189,64.68
603,7,6:30:00 AM,06:30:00,6,Tuesday,0,1,Morning,139,31,44,3,217,295.5,1.76,0.2166,0.3143,heavy,Weekday,Off-Peak Hours,0.2166,64.06
604,7,6:45:00 AM,06:45:00,6,Tuesday,0,1,Morning,129,14,43,5,191,280.0,1.67,0.2513,0.3308,heavy,Weekday,Off-Peak Hours,0.2513,67.54
605,7,7:00:00 AM,07:00:00,7,Tuesday,0,1,Morning,131,28,43,5,207,289.0,1.72,0.2319,0.3258,heavy,Weekday,Morning Rush (7-10 AM),0.2319,63.29
606,7,7:15:00 AM,07:15:00,7,Tuesday,0,1,Morning,119,39,24,1,183,213.5,1.27,0.1366,0.2,heavy,Weekday,Morning Rush (7-10 AM),0.1366,65.03
607,7,7:30:00 AM,07:30:00,7,Tuesday,0,1,Morning,142,25,34,5,206,271.5,1.62,0.1893,0.2378,heavy,Weekday,Morning Rush (7-10 AM),0.1893,68.93
608,7,7:45:00 AM,07:45:00,7,Tuesday,0,1,Morning,123,22,22,3,170,209.0,1.24,0.1471,0.1774,heavy,Weekday,Morning Rush (7-10 AM),0.1471,72.35
609,7,8:00:00 AM,08:00:00,8,Tuesday,0,1,Morning,106,19,38,4,167,241.5,1.44,0.2515,0.3551,normal,Weekday,Morning Rush (7-10 AM),0.2515,63.47
610,7,8:15:00 AM,08:15:00,8,Tuesday,0,1,Morning,115,39,20,2,176,200.5,1.19,0.125,0.1724,heavy,Weekday,Morning Rush (7-10 AM),0.125,65.34
611,7,8:30:00 AM,08:30:00,8,Tuesday,0,1,Morning,111,17,32,1,161,218.5,1.3,0.205,0.2857,high,Weekday,Morning Rush (7-10 AM),0.205,68.94
612,7,8:45:00 AM,08:45:00,8,Tuesday,0,1,Morning,144,26,50,3,223,316.0,1.88,0.2377,0.3448,normal,Weekday,Morning Rush (7-10 AM),0.2377,64.57
613,7,9:00:00 AM,09:00:00,9,Tuesday,0,0,Morning,126,31,48,2,207,291.5,1.74,0.2415,0.378,heavy,Weekday,Morning Rush (7-10 AM),0.2415,60.87
614,7,9:15:00 AM,09:15:00,9,Tuesday,0,0,Morning,73,22,21,29,145,234.0,1.39,0.3448,0.2838,high,Weekday,Morning Rush (7-10 AM),0.3448,50.34
615,7,9:30:00 AM,09:30:00,9,Tuesday,0,0,Morning,28,7,25,18,78,160.5,0.96,0.5513,0.8621,normal,Weekday,Morning Rush (7-10 AM),0.5513,35.9
616,7,9:45:00 AM,09:45:00,9,Tuesday,0,0,Morning,31,10,40,9,90,183.0,1.09,0.5444,1.25,normal,Weekday,Morning Rush (7-10 AM),0.5444,34.44
617,7,10:00:00 AM,10:00:00,10,Tuesday,0,0,Morning,51,14,33,14,112,199.0,1.18,0.4196,0.6346,high,Weekday,Morning Rush (7-10 AM),0.4196,45.54
618,7,10:15:00 AM,10:15:00,10,Tuesday,0,0,Morning,22,7,39,23,91,211.5,1.26,0.6813,1.6957,normal,Weekday,Morning Rush (7-10 AM),0.6813,24.18
619,7,10:30:00 AM,10:30:00,10,Tuesday,0,0,Morning,46,5,11,21,83,144.5,0.86,0.3855,0.234,normal,Weekday,Morning Rush (7-10 AM),0.3855,55.42
620,7,10:45:00 AM,10:45:00,10,Tuesday,0,0,Morning,72,22,21,27,142,227.0,1.35,0.338,0.2877,high,Weekday,Morning Rush (7-10 AM),0.338,50.7
621,7,11:00:00 AM,11:00:00,11,Tuesday,0,0,Morning,70,5,5,29,109,174.5,1.04,0.3119,0.0704,normal,Weekday,Off-Peak Hours,0.3119,64.22
622,7,11:15:00 AM,11:15:00,11,Tuesday,0,0,Morning,28,9,9,24,70,131.5,0.78,0.4714,0.3103,normal,Weekday,Off-Peak Hours,0.4714,40.0
623,7,11:30:00 AM,11:30:00,11,Tuesday,0,0,Morning,44,5,11,23,83,148.5,0.88,0.4096,0.2444,normal,Weekday,Off-Peak Hours,0.4096,53.01
624,7,11:45:00 AM,11:45:00,11,Tuesday,0,0,Morning,27,6,13,30,76,159.0,0.95,0.5658,0.4643,normal,Weekday,Off-Peak Hours,0.5658,35.53
625,7,12:00:00 PM,12:00:00,12,Tuesday,0,0,Afternoon,20,6,6,23,55,110.0,0.65,0.5273,0.2857,normal,Weekday,Off-Peak Hours,0.5273,36.36
626,7,12:15:00 PM,12:15:00,12,Tuesday,0,0,Afternoon,29,7,3,28,67,125.5,0.75,0.4627,0.1,normal,Weekday,Off-Peak Hours,0.4627,43.28
627,7,12:30:00 PM,12:30:00,12,Tuesday,0,0,Afternoon,20,6,5,27,58,119.0,0.71,0.5517,0.2381,normal,Weekday,Off-Peak Hours,0.5517,34.48
628,7,12:45:00 PM,12:45:00,12,Tuesday,0,0,Afternoon,65,9,15,22,111,180.5,1.07,0.3333,0.2273,normal,Weekday,Off-Peak Hours,0.3333,58.56
629,7,1:00:00 PM,13:00:00,13,Tuesday,0,0,Afternoon,36,5,6,20,67,116.5,0.69,0.3881,0.1622,normal,Weekday,Off-Peak Hours,0.3881,53.73
630,7,1:15:00 PM,13:15:00,13,Tuesday,0,0,Afternoon,99,21,21,6,147,190.5,1.13,0.1837,0.21,normal,Weekday,Off-Peak Hours,0.1837,67.35
631,7,1:30:00 PM,13:30:00,13,Tuesday,0,0,Afternoon,101,21,34,18,174,267.5,1.59,0.2989,0.3333,heavy,Weekday,Off-Peak Hours,0.2989,58.05
632,7,1:45:00 PM,13:45:00,13,Tuesday,0,0,Afternoon,98,29,34,12,173,250.5,1.49,0.2659,0.3434,heavy,Weekday,Off-Peak Hours,0.2659,56.65
633,7,2:00:00 PM,14:00:00,14,Tuesday,0,0,Afternoon,113,20,7,13,153,183.0,1.09,0.1307,0.0614,normal,Weekday,Off-Peak Hours,0.1307,73.86
634,7,2:15:00 PM,14:15:00,14,Tuesday,0,0,Afternoon,75,24,27,7,133,189.0,1.13,0.2556,0.3553,high,Weekday,Off-Peak Hours,0.2556,56.39
635,7,2:30:00 PM,14:30:00,14,Tuesday,0,0,Afternoon,71,21,38,11,141,228.5,1.36,0.3475,0.5278,high,Weekday,Off-Peak Hours,0.3475,50.35
636,7,2:45:00 PM,14:45:00,14,Tuesday,0,0,Afternoon,119,13,32,7,171,242.5,1.44,0.2281,0.2667,heavy,Weekday,Off-Peak Hours,0.2281,69.59
637,7,3:00:00 PM,15:00:00,15,Tuesday,0,0,Afternoon,114,11,39,13,177,275.5,1.64,0.2938,0.3391,heavy,Weekday,Off-Peak Hours,0.2938,64.41
638,7,3:15:00 PM,15:15:00,15,Tuesday,0,0,Afternoon,99,26,8,11,144,169.0,1.01,0.1319,0.08,normal,Weekday,Off-Peak Hours,0.1319,68.75
639,7,3:30:00 PM,15:30:00,15,Tuesday,0,0,Afternoon,39,12,21,9,81,135.0,0.8,0.3704,0.525,normal,Weekday,Off-Peak Hours,0.3704,48.15
640,7,3:45:00 PM,15:45:00,15,Tuesday,0,0,Afternoon,114,26,16,20,176,235.0,1.4,0.2045,0.1391,heavy,Weekday,Off-Peak Hours,0.2045,64.77
641,7,4:00:00 PM,16:00:00,16,Tuesday,0,1,Afternoon,120,32,39,9,200,280.0,1.67,0.24,0.3223,heavy,Weekday,Evening Rush (4-7 PM),0.24,60.0
642,7,4:15:00 PM,16:15:00,16,Tuesday,0,1,Afternoon,143,24,35,6,208,278.0,1.66,0.1971,0.2431,heavy,Weekday,Evening Rush (4-7 PM),0.1971,68.75
643,7,4:30:00 PM,16:30:00,16,Tuesday,0,1,Afternoon,121,28,21,5,175,213.0,1.27,0.1486,0.1721,heavy,Weekday,Evening Rush (4-7 PM),0.1486,69.14
644,7,4:45:00 PM,16:45:00,16,Tuesday,0,1,Afternoon,134,23,28,10,195,259.5,1.54,0.1949,0.2074,heavy,Weekday,Evening Rush (4-7 PM),0.1949,68.72
645,7,5:00:00 PM,17:00:00,17,Tuesday,0,1,Evening,103,13,37,10,163,250.5,1.49,0.2883,0.3558,high,Weekday,Evening Rush (4-7 PM),0.2883,63.19
646,7,5:15:00 PM,17:15:00,17,Tuesday,0,1,Evening,122,12,48,10,192,302.0,1.8,0.3021,0.3902,heavy,Weekday,Evening Rush (4-7 PM),0.3021,63.54
647,7,5:30:00 PM,17:30:00,17,Tuesday,0,1,Evening,145,39,23,6,213,251.5,1.5,0.1362,0.1575,heavy,Weekday,Evening Rush (4-7 PM),0.1362,68.08
648,7,5:45:00 PM,17:45:00,17,Tuesday,0,1,Evening,105,13,48,10,176,285.5,1.7,0.3295,0.4528,heavy,Weekday,Evening Rush (4-7 PM),0.3295,59.66
649,7,6:00:00 PM,18:00:00,18,Tuesday,0,1,Evening,144,13,40,10,207,300.5,1.79,0.2415,0.2759,heavy,Weekday,Evening Rush (4-7 PM),0.2415,69.57
650,7,6:15:00 PM,18:15:00,18,Tuesday,0,1,Evening,103,18,40,5,166,247.0,1.47,0.2711,0.3846,high,Weekday,Evening Rush (4-7 PM),0.2711,62.05
651,7,6:30:00 PM,18:30:00,18,Tuesday,0,1,Evening,120,15,34,8,177,253.5,1.51,0.2373,0.281,heavy,Weekday,Evening Rush (4-7 PM),0.2373,67.8
652,7,6:45:00 PM,18:45:00,18,Tuesday,0,1,Evening,56,19,16,13,104,152.5,0.91,0.2788,0.2807,normal,Weekday,Evening Rush (4-7 PM),0.2788,53.85
653,7,7:00:00 PM,19:00:00,19,Tuesday,0,0,Evening,56,5,17,14,92,151.5,0.9,0.337,0.2982,normal,Weekday,Evening Rush (4-7 PM),0.337,60.87
654,7,7:15:00 PM,19:15:00,19,Tuesday,0,0,Evening,108,15,13,5,141,169.5,1.01,0.1277,0.1193,normal,Weekday,Evening Rush (4-7 PM),0.1277,76.6
655,7,7:30:00 PM,19:30:00,19,Tuesday,0,0,Evening,58,23,14,34,129,213.5,1.27,0.3721,0.2373,high,Weekday,Evening Rush (4-7 PM),0.3721,44.96
656,7,7:45:00 PM,19:45:00,19,Tuesday,0,0,Evening,58,13,11,33,115,196.5,1.17,0.3826,0.1864,high,Weekday,Evening Rush (4-7 PM),0.3826,50.43
657,7,8:00:00 PM,20:00:00,20,Tuesday,0,0,Evening,76,24,14,15,129,175.0,1.04,0.2248,0.1818,normal,Weekday,Night Freight (8-11 PM),0.2248,58.91
658,7,8:15:00 PM,20:15:00,20,Tuesday,0,0,Evening,69,8,13,28,118,196.0,1.17,0.3475,0.1857,high,Weekday,Night Freight (8-11 PM),0.3475,58.47
659,7,8:30:00 PM,20:30:00,20,Tuesday,0,0,Evening,54,9,12,10,85,124.5,0.74,0.2588,0.2182,low,Weekday,Night Freight (8-11 PM),0.2588,63.53
660,7,8:45:00 PM,20:45:00,20,Tuesday,0,0,Evening,89,7,10,10,116,152.5,0.91,0.1724,0.1111,normal,Weekday,Night Freight (8-11 PM),0.1724,76.72
661,7,9:00:00 PM,21:00:00,21,Tuesday,0,0,Evening,110,18,18,10,156,203.0,1.21,0.1795,0.1622,normal,Weekday,Night Freight (8-11 PM),0.1795,70.51
662,7,9:15:00 PM,21:15:00,21,Tuesday,0,0,Evening,86,12,17,18,133,197.0,1.17,0.2632,0.1954,normal,Weekday,Night Freight (8-11 PM),0.2632,64.66
663,7,9:30:00 PM,21:30:00,21,Tuesday,0,0,Evening,82,7,16,9,114,160.5,0.96,0.2193,0.1928,normal,Weekday,Night Freight (8-11 PM),0.2193,71.93
664,7,9:45:00 PM,21:45:00,21,Tuesday,0,0,Evening,102,5,19,11,137,194.5,1.16,0.219,0.1845,normal,Weekday,Night Freight (8-11 PM),0.219,74.45
665,7,10:00:00 PM,22:00:00,22,Tuesday,0,0,Night,16,5,0,21,42,81.5,0.49,0.5,0.0,normal,Weekday,Night Freight (8-11 PM),0.5,38.1
666,7,10:15:00 PM,22:15:00,22,Tuesday,0,0,Night,11,3,1,39,54,132.5,0.79,0.7407,0.0833,normal,Weekday,Night Freight (8-11 PM),0.7407,20.37
667,7,10:30:00 PM,22:30:00,22,Tuesday,0,0,Night,18,5,0,11,34,53.5,0.32,0.3235,0.0,low,Weekday,Night Freight (8-11 PM),0.3235,52.94
668,7,10:45:00 PM,22:45:00,22,Tuesday,0,0,Night,12,0,1,32,45,111.0,0.66,0.7333,0.0769,normal,Weekday,Night Freight (8-11 PM),0.7333,26.67
669,7,11:00:00 PM,23:00:00,23,Tuesday,0,0,Night,15,4,1,39,59,137.0,0.82,0.678,0.0625,normal,Weekday,Night Freight (8-11 PM),0.678,25.42
670,7,11:15:00 PM,23:15:00,23,Tuesday,0,0,Night,15,4,0,26,45,95.0,0.57,0.5778,0.0,normal,Weekday,Night Freight (8-11 PM),0.5778,33.33
671,7,11:30:00 PM,23:30:00,23,Tuesday,0,0,Night,13,1,0,30,44,103.5,0.62,0.6818,0.0,normal,Weekday,Night Freight (8-11 PM),0.6818,29.55
672,7,11:45:00 PM,23:45:00,23,Tuesday,0,0,Night,12,3,0,28,43,97.5,0.58,0.6512,0.0,normal,Weekday,Night Freight (8-11 PM),0.6512,27.91
673,8,12:00:00 AM,00:00:00,0,Wednesday,0,0,Night,17,2,1,20,40,81.0,0.48,0.525,0.0556,normal,Weekday,Off-Peak Hours,0.525,42.5
674,8,12:15:00 AM,00:15:00,0,Wednesday,0,0,Night,14,5,1,33,53,118.5,0.71,0.6415,0.0667,normal,Weekday,Off-Peak Hours,0.6415,26.42
675,8,12:30:00 AM,00:30:00,0,Wednesday,0,0,Night,16,3,1,11,31,53.5,0.32,0.3871,0.0588,low,Weekday,Off-Peak Hours,0.3871,51.61
676,8,12:45:00 AM,00:45:00,0,Wednesday,0,0,Night,18,2,1,13,34,61.0,0.36,0.4118,0.0526,normal,Weekday,Off-Peak Hours,0.4118,52.94
677,8,1:00:00 AM,01:00:00,1,Wednesday,0,0,Night,12,2,1,17,32,67.0,0.4,0.5625,0.0769,normal,Weekday,Off-Peak Hours,0.5625,37.5
678,8,1:15:00 AM,01:15:00,1,Wednesday,0,0,Night,17,4,1,15,37,67.0,0.4,0.4324,0.0556,normal,Weekday,Off-Peak Hours,0.4324,45.95
679,8,1:30:00 AM,01:30:00,1,Wednesday,0,0,Night,18,1,1,25,45,96.5,0.57,0.5778,0.0526,normal,Weekday,Off-Peak Hours,0.5778,40.0
680,8,1:45:00 AM,01:45:00,1,Wednesday,0,0,Night,20,1,1,10,32,53.5,0.32,0.3438,0.0476,low,Weekday,Off-Peak Hours,0.3437,62.5
681,8,2:00:00 AM,02:00:00,2,Wednesday,0,0,Night,15,1,0,21,37,78.5,0.47,0.5676,0.0,normal,Weekday,Off-Peak Hours,0.5676,40.54
682,8,2:15:00 AM,02:15:00,2,Wednesday,0,0,Night,11,3,1,34,49,117.5,0.7,0.7143,0.0833,normal,Weekday,Off-Peak Hours,0.7143,22.45
683,8,2:30:00 AM,02:30:00,2,Wednesday,0,0,Night,19,0,1,13,33,61.0,0.36,0.4242,0.05,normal,Weekday,Off-Peak Hours,0.4242,57.58
684,8,2:45:00 AM,02:45:00,2,Wednesday,0,0,Night,10,3,0,14,27,53.5,0.32,0.5185,0.0,normal,Weekday,Off-Peak Hours,0.5185,37.04
685,8,3:00:00 AM,03:00:00,3,Wednesday,0,0,Night,17,5,1,17,40,73.5,0.44,0.45,0.0556,normal,Weekday,Off-Peak Hours,0.45,42.5
686,8,3:15:00 AM,03:15:00,3,Wednesday,0,0,Night,16,1,0,11,28,49.5,0.29,0.3929,0.0,low,Weekday,Off-Peak Hours,0.3929,57.14
687,8,3:30:00 AM,03:30:00,3,Wednesday,0,0,Night,11,0,1,33,45,113.0,0.67,0.7556,0.0833,normal,Weekday,Off-Peak Hours,0.7556,24.44
688,8,3:45:00 AM,03:45:00,3,Wednesday,0,0,Night,10,5,0,39,54,129.5,0.77,0.7222,0.0,normal,Weekday,Off-Peak Hours,0.7222,18.52
689,8,4:00:00 AM,04:00:00,4,Wednesday,0,0,Night,12,3,0,32,47,109.5,0.65,0.6809,0.0,normal,Weekday,Off-Peak Hours,0.6809,25.53
690,8,4:15:00 AM,04:15:00,4,Wednesday,0,0,Night,106,16,10,10,142,174.0,1.04,0.1408,0.0935,normal,Weekday,Off-Peak Hours,0.1408,74.65
691,8,4:30:00 AM,04:30:00,4,Wednesday,0,0,Night,69,18,0,12,99,114.0,0.68,0.1212,0.0,low,Weekday,Off-Peak Hours,0.1212,69.7
692,8,4:45:00 AM,04:45:00,4,Wednesday,0,0,Night,103,26,6,12,147,170.0,1.01,0.1224,0.0577,normal,Weekday,Off-Peak Hours,0.1224,70.07
693,8,5:00:00 AM,05:00:00,5,Wednesday,0,0,Morning,99,25,6,6,136,147.5,0.88,0.0882,0.06,normal,Weekday,Off-Peak Hours,0.0882,72.79
694,8,5:15:00 AM,05:15:00,5,Wednesday,0,0,Morning,85,9,4,11,109,134.5,0.8,0.1376,0.0465,low,Weekday,Off-Peak Hours,0.1376,77.98
695,8,5:30:00 AM,05:30:00,5,Wednesday,0,0,Morning,109,0,3,8,120,142.0,0.85,0.0917,0.0273,normal,Weekday,Off-Peak Hours,0.0917,90.83
696,8,5:45:00 AM,05:45:00,5,Wednesday,0,0,Morning,106,27,1,6,140,140.5,0.84,0.05,0.0093,normal,Weekday,Off-Peak Hours,0.05,75.71
697,8,6:00:00 AM,06:00:00,6,Wednesday,0,1,Morning,133,28,31,3,195,249.0,1.48,0.1744,0.2313,heavy,Weekday,Off-Peak Hours,0.1744,68.21
698,8,6:15:00 AM,06:15:00,6,Wednesday,0,1,Morning,108,39,34,5,186,244.5,1.46,0.2097,0.3119,heavy,Weekday,Off-Peak Hours,0.2097,58.06
699,8,6:30:00 AM,06:30:00,6,Wednesday,0,1,Morning,101,12,48,1,162,254.0,1.51,0.3025,0.4706,high,Weekday,Off-Peak Hours,0.3025,62.35
700,8,6:45:00 AM,06:45:00,6,Wednesday,0,1,Morning,145,11,29,1,186,240.5,1.43,0.1613,0.1986,heavy,Weekday,Off-Peak Hours,0.1613,77.96
701,8,7:00:00 AM,07:00:00,7,Wednesday,0,1,Morning,112,33,29,3,177,224.5,1.34,0.1808,0.2566,heavy,Weekday,Morning Rush (7-10 AM),0.1808,63.28
702,8,7:15:00 AM,07:15:00,7,Wednesday,0,1,Morning,111,18,32,4,165,228.0,1.36,0.2182,0.2857,high,Weekday,Morning Rush (7-10 AM),0.2182,67.27
703,8,7:30:00 AM,07:30:00,7,Wednesday,0,1,Morning,133,39,44,2,218,290.5,1.73,0.211,0.3284,heavy,Weekday,Morning Rush (7-10 AM),0.211,61.01
704,8,7:45:00 AM,07:45:00,7,Wednesday,0,1,Morning,115,34,37,5,191,258.0,1.54,0.2199,0.319,heavy,Weekday,Morning Rush (7-10 AM),0.2199,60.21
705,8,8:00:00 AM,08:00:00,8,Wednesday,0,1,Morning,135,35,38,3,211,275.5,1.64,0.1943,0.2794,heavy,Weekday,Morning Rush (7-10 AM),0.1943,63.98
706,8,8:15:00 AM,08:15:00,8,Wednesday,0,1,Morning,142,40,28,3,213,255.0,1.52,0.1455,0.1958,heavy,Weekday,Morning Rush (7-10 AM),0.1455,66.67
707,8,8:30:00 AM,08:30:00,8,Wednesday,0,1,Morning,124,11,27,2,164,216.5,1.29,0.1768,0.216,high,Weekday,Morning Rush (7-10 AM),0.1768,75.61
708,8,8:45:00 AM,08:45:00,8,Wednesday,0,1,Morning,122,29,31,5,187,244.5,1.46,0.1925,0.252,heavy,Weekday,Morning Rush (7-10 AM),0.1925,65.24
709,8,9:00:00 AM,09:00:00,9,Wednesday,0,0,Morning,101,19,23,5,148,194.5,1.16,0.1892,0.2255,normal,Weekday,Morning Rush (7-10 AM),0.1892,68.24
710,8,9:15:00 AM,09:15:00,9,Wednesday,0,0,Morning,72,5,15,20,112,179.5,1.07,0.3125,0.2055,normal,Weekday,Morning Rush (7-10 AM),0.3125,64.29
711,8,9:30:00 AM,09:30:00,9,Wednesday,0,0,Morning,100,13,23,9,145,202.5,1.21,0.2207,0.2277,normal,Weekday,Morning Rush (7-10 AM),0.2207,68.97
712,8,9:45:00 AM,09:45:00,9,Wednesday,0,0,Morning,32,10,33,8,83,160.0,0.95,0.494,1.0,normal,Weekday,Morning Rush (7-10 AM),0.494,38.55
713,8,10:00:00 AM,10:00:00,10,Wednesday,0,0,Morning,42,25,37,12,116,201.5,1.2,0.4224,0.8605,high,Weekday,Morning Rush (7-10 AM),0.4224,36.21
714,8,10:15:00 AM,10:15:00,10,Wednesday,0,0,Morning,81,25,40,20,166,273.5,1.63,0.3614,0.4878,high,Weekday,Morning Rush (7-10 AM),0.3614,48.8
715,8,10:30:00 AM,10:30:00,10,Wednesday,0,0,Morning,56,18,9,23,106,161.0,0.96,0.3019,0.1579,normal,Weekday,Morning Rush (7-10 AM),0.3019,52.83
716,8,10:45:00 AM,10:45:00,10,Wednesday,0,0,Morning,84,9,31,17,141,232.5,1.38,0.3404,0.3647,high,Weekday,Morning Rush (7-10 AM),0.3404,59.57
717,8,11:00:00 AM,11:00:00,11,Wednesday,0,0,Morning,36,9,8,28,81,148.5,0.88,0.4444,0.2162,normal,Weekday,Off-Peak Hours,0.4444,44.44
718,8,11:15:00 AM,11:15:00,11,Wednesday,0,0,Morning,32,5,11,27,75,148.5,0.88,0.5067,0.3333,normal,Weekday,Off-Peak Hours,0.5067,42.67
719,8,11:30:00 AM,11:30:00,11,Wednesday,0,0,Morning,26,7,15,27,75,155.5,0.93,0.56,0.5556,normal,Weekday,Off-Peak Hours,0.56,34.67
720,8,11:45:00 AM,11:45:00,11,Wednesday,0,0,Morning,34,5,5,22,66,117.5,0.7,0.4091,0.1429,normal,Weekday,Off-Peak Hours,0.4091,51.52
721,8,12:00:00 PM,12:00:00,12,Wednesday,0,0,Afternoon,66,9,6,30,111,178.5,1.06,0.3243,0.0896,normal,Weekday,Off-Peak Hours,0.3243,59.46
722,8,12:15:00 PM,12:15:00,12,Wednesday,0,0,Afternoon,69,10,4,24,107,158.0,0.94,0.2617,0.0571,normal,Weekday,Off-Peak Hours,0.2617,64.49
723,8,12:30:00 PM,12:30:00,12,Wednesday,0,0,Afternoon,44,7,9,20,80,134.5,0.8,0.3625,0.2,normal,Weekday,Off-Peak Hours,0.3625,55.0
724,8,12:45:00 PM,12:45:00,12,Wednesday,0,0,Afternoon,58,10,5,27,100,159.0,0.95,0.32,0.0847,normal,Weekday,Off-Peak Hours,0.32,58.0
725,8,1:00:00 PM,13:00:00,13,Wednesday,0,0,Afternoon,27,6,14,30,77,162.0,0.96,0.5714,0.5,normal,Weekday,Off-Peak Hours,0.5714,35.06
726,8,1:15:00 PM,13:15:00,13,Wednesday,0,0,Afternoon,19,21,25,15,80,149.5,0.89,0.5,1.25,normal,Weekday,Off-Peak Hours,0.5,23.75
727,8,1:30:00 PM,13:30:00,13,Wednesday,0,0,Afternoon,39,15,30,8,92,160.5,0.96,0.413,0.75,normal,Weekday,Off-Peak Hours,0.413,42.39
728,8,1:45:00 PM,13:45:00,13,Wednesday,0,0,Afternoon,109,21,10,12,152,185.5,1.1,0.1447,0.0909,normal,Weekday,Off-Peak Hours,0.1447,71.71
729,8,2:00:00 PM,14:00:00,14,Wednesday,0,0,Afternoon,93,10,9,15,127,170.0,1.01,0.189,0.0957,normal,Weekday,Off-Peak Hours,0.189,73.23
730,8,2:15:00 PM,14:15:00,14,Wednesday,0,0,Afternoon,73,16,12,11,112,150.0,0.89,0.2054,0.1622,normal,Weekday,Off-Peak Hours,0.2054,65.18
731,8,2:30:00 PM,14:30:00,14,Wednesday,0,0,Afternoon,111,18,29,16,174,255.0,1.52,0.2586,0.2589,heavy,Weekday,Off-Peak Hours,0.2586,63.79
732,8,2:45:00 PM,14:45:00,14,Wednesday,0,0,Afternoon,37,20,10,19,86,134.0,0.8,0.3372,0.2632,normal,Weekday,Off-Peak Hours,0.3372,43.02
733,8,3:00:00 PM,15:00:00,15,Wednesday,0,0,Afternoon,74,23,13,20,130,184.5,1.1,0.2538,0.1733,normal,Weekday,Off-Peak Hours,0.2538,56.92
734,8,3:15:00 PM,15:15:00,15,Wednesday,0,0,Afternoon,32,28,35,6,101,169.0,1.01,0.4059,1.0606,normal,Weekday,Off-Peak Hours,0.4059,31.68
735,8,3:30:00 PM,15:30:00,15,Wednesday,0,0,Afternoon,34,23,19,17,93,153.5,0.91,0.3871,0.5429,normal,Weekday,Off-Peak Hours,0.3871,36.56
736,8,3:45:00 PM,15:45:00,15,Wednesday,0,0,Afternoon,59,25,9,20,113,158.5,0.94,0.2566,0.15,normal,Weekday,Off-Peak Hours,0.2566,52.21
737,8,4:00:00 PM,16:00:00,16,Wednesday,0,1,Afternoon,145,12,24,8,189,247.0,1.47,0.1693,0.1644,heavy,Weekday,Evening Rush (4-7 PM),0.1693,76.72
738,8,4:15:00 PM,16:15:00,16,Wednesday,0,1,Afternoon,118,17,28,8,171,234.5,1.4,0.2105,0.2353,heavy,Weekday,Evening Rush (4-7 PM),0.2105,69.01
739,8,4:30:00 PM,16:30:00,16,Wednesday,0,1,Afternoon,145,20,47,8,220,320.0,1.91,0.25,0.3219,heavy,Weekday,Evening Rush (4-7 PM),0.25,65.91
740,8,4:45:00 PM,16:45:00,16,Wednesday,0,1,Afternoon,140,25,46,10,221,320.5,1.91,0.2534,0.3262,heavy,Weekday,Evening Rush (4-7 PM),0.2534,63.35
741,8,5:00:00 PM,17:00:00,17,Wednesday,0,1,Evening,120,35,43,7,205,287.5,1.71,0.2439,0.3554,heavy,Weekday,Evening Rush (4-7 PM),0.2439,58.54
742,8,5:15:00 PM,17:15:00,17,Wednesday,0,1,Evening,126,24,31,7,188,252.0,1.5,0.2021,0.2441,heavy,Weekday,Evening Rush (4-7 PM),0.2021,67.02
743,8,5:30:00 PM,17:30:00,17,Wednesday,0,1,Evening,106,22,43,5,176,261.0,1.55,0.2727,0.4019,heavy,Weekday,Evening Rush (4-7 PM),0.2727,60.23
744,8,5:45:00 PM,17:45:00,17,Wednesday,0,1,Evening,137,40,28,9,214,268.0,1.6,0.1729,0.2029,heavy,Weekday,Evening Rush (4-7 PM),0.1729,64.02
745,8,6:00:00 PM,18:00:00,18,Wednesday,0,1,Evening,108,40,25,6,179,221.0,1.32,0.1732,0.2294,heavy,Weekday,Evening Rush (4-7 PM),0.1732,60.34
746,8,6:15:00 PM,18:15:00,18,Wednesday,0,1,Evening,135,15,50,6,206,310.5,1.85,0.2718,0.3676,heavy,Weekday,Evening Rush (4-7 PM),0.2718,65.53
747,8,6:30:00 PM,18:30:00,18,Wednesday,0,1,Evening,121,21,49,8,199,302.5,1.8,0.2864,0.4016,heavy,Weekday,Evening Rush (4-7 PM),0.2864,60.8
748,8,6:45:00 PM,18:45:00,18,Wednesday,0,1,Evening,59,6,20,6,91,140.0,0.83,0.2857,0.3333,normal,Weekday,Evening Rush (4-7 PM),0.2857,64.84
749,8,7:00:00 PM,19:00:00,19,Wednesday,0,0,Evening,59,13,18,27,117,200.5,1.19,0.3846,0.3,high,Weekday,Evening Rush (4-7 PM),0.3846,50.43
750,8,7:15:00 PM,19:15:00,19,Wednesday,0,0,Evening,103,7,15,15,140,196.5,1.17,0.2143,0.1442,normal,Weekday,Evening Rush (4-7 PM),0.2143,73.57
751,8,7:30:00 PM,19:30:00,19,Wednesday,0,0,Evening,56,14,14,31,115,198.0,1.18,0.3913,0.2456,high,Weekday,Evening Rush (4-7 PM),0.3913,48.7
752,8,7:45:00 PM,19:45:00,19,Wednesday,0,0,Evening,106,23,12,9,150,180.5,1.07,0.14,0.1121,normal,Weekday,Evening Rush (4-7 PM),0.14,70.67
753,8,8:00:00 PM,20:00:00,20,Wednesday,0,0,Evening,109,5,16,17,147,210.5,1.25,0.2245,0.1455,normal,Weekday,Night Freight (8-11 PM),0.2245,74.15
754,8,8:15:00 PM,20:15:00,20,Wednesday,0,0,Evening,110,5,20,11,146,205.5,1.22,0.2123,0.1802,normal,Weekday,Night Freight (8-11 PM),0.2123,75.34
755,8,8:30:00 PM,20:30:00,20,Wednesday,0,0,Evening,86,15,15,23,139,207.5,1.24,0.2734,0.1724,high,Weekday,Night Freight (8-11 PM),0.2734,61.87
756,8,8:45:00 PM,20:45:00,20,Wednesday,0,0,Evening,91,18,19,26,154,235.0,1.4,0.2922,0.2065,high,Weekday,Night Freight (8-11 PM),0.2922,59.09
757,8,9:00:00 PM,21:00:00,21,Wednesday,0,0,Evening,99,19,15,28,161,237.5,1.41,0.2671,0.15,high,Weekday,Night Freight (8-11 PM),0.2671,61.49
758,8,9:15:00 PM,21:15:00,21,Wednesday,0,0,Evening,93,14,20,17,144,211.0,1.26,0.2569,0.2128,normal,Weekday,Night Freight (8-11 PM),0.2569,64.58
759,8,9:30:00 PM,21:30:00,21,Wednesday,0,0,Evening,89,25,13,23,150,209.5,1.25,0.24,0.1444,high,Weekday,Night Freight (8-11 PM),0.24,59.33
760,8,9:45:00 PM,21:45:00,21,Wednesday,0,0,Evening,107,15,12,24,158,222.5,1.32,0.2278,0.1111,high,Weekday,Night Freight (8-11 PM),0.2278,67.72
761,8,10:00:00 PM,22:00:00,22,Wednesday,0,0,Night,16,5,0,14,35,60.5,0.36,0.4,0.0,normal,Weekday,Night Freight (8-11 PM),0.4,45.71
762,8,10:15:00 PM,22:15:00,22,Wednesday,0,0,Night,14,5,1,20,40,79.5,0.47,0.525,0.0667,normal,Weekday,Night Freight (8-11 PM),0.525,35.0
763,8,10:30:00 PM,22:30:00,22,Wednesday,0,0,Night,18,3,0,24,45,91.5,0.54,0.5333,0.0,normal,Weekday,Night Freight (8-11 PM),0.5333,40.0
764,8,10:45:00 PM,22:45:00,22,Wednesday,0,0,Night,12,3,0,40,55,133.5,0.79,0.7273,0.0,normal,Weekday,Night Freight (8-11 PM),0.7273,21.82
765,8,11:00:00 PM,23:00:00,23,Wednesday,0,0,Night,14,4,1,27,46,100.0,0.6,0.6087,0.0667,normal,Weekday,Night Freight (8-11 PM),0.6087,30.43
766,8,11:15:00 PM,23:15:00,23,Wednesday,0,0,Night,18,5,1,15,39,68.5,0.41,0.4103,0.0526,normal,Weekday,Night Freight (8-11 PM),0.4103,46.15
767,8,11:30:00 PM,23:30:00,23,Wednesday,0,0,Night,10,4,1,23,38,84.0,0.5,0.6316,0.0909,normal,Weekday,Night Freight (8-11 PM),0.6316,26.32
768,8,11:45:00 PM,23:45:00,23,Wednesday,0,0,Night,10,5,0,14,29,54.5,0.32,0.4828,0.0,normal,Weekday,Night Freight (8-11 PM),0.4828,34.48
769,9,12:00:00 AM,00:00:00,0,Thursday,0,0,Night,14,3,0,28,45,99.5,0.59,0.6222,0.0,normal,Weekday,Off-Peak Hours,0.6222,31.11
770,9,12:15:00 AM,00:15:00,0,Thursday,0,0,Night,10,2,0,38,50,125.0,0.74,0.76,0.0,normal,Weekday,Off-Peak Hours,0.76,20.0
771,9,12:30:00 AM,00:30:00,0,Thursday,0,0,Night,19,0,0,32,51,115.0,0.68,0.6275,0.0,normal,Weekday,Off-Peak Hours,0.6275,37.25
772,9,12:45:00 AM,00:45:00,0,Thursday,0,0,Night,20,3,0,19,42,78.5,0.47,0.4524,0.0,normal,Weekday,Off-Peak Hours,0.4524,47.62
773,9,1:00:00 AM,01:00:00,1,Thursday,0,0,Night,18,3,0,14,35,61.5,0.37,0.4,0.0,normal,Weekday,Off-Peak Hours,0.4,51.43
774,9,1:15:00 AM,01:15:00,1,Thursday,0,0,Night,11,2,0,12,25,48.0,0.29,0.48,0.0,low,Weekday,Off-Peak Hours,0.48,44.0
775,9,1:30:00 AM,01:30:00,1,Thursday,0,0,Night,17,1,1,13,32,59.5,0.35,0.4375,0.0556,normal,Weekday,Off-Peak Hours,0.4375,53.12
776,9,1:45:00 AM,01:45:00,1,Thursday,0,0,Night,10,0,1,36,47,121.0,0.72,0.7872,0.0909,normal,Weekday,Off-Peak Hours,0.7872,21.28
777,9,2:00:00 AM,02:00:00,2,Thursday,0,0,Night,17,0,0,32,49,113.0,0.67,0.6531,0.0,normal,Weekday,Off-Peak Hours,0.6531,34.69
778,9,2:15:00 AM,02:15:00,2,Thursday,0,0,Night,20,5,1,22,48,91.5,0.54,0.4792,0.0476,normal,Weekday,Off-Peak Hours,0.4792,41.67
779,9,2:30:00 AM,02:30:00,2,Thursday,0,0,Night,12,3,0,17,32,64.5,0.38,0.5312,0.0,normal,Weekday,Off-Peak Hours,0.5312,37.5
780,9,2:45:00 AM,02:45:00,2,Thursday,0,0,Night,13,0,0,31,44,106.0,0.63,0.7045,0.0,normal,Weekday,Off-Peak Hours,0.7045,29.55
781,9,3:00:00 AM,03:00:00,3,Thursday,0,0,Night,11,1,1,35,48,119.5,0.71,0.75,0.0833,normal,Weekday,Off-Peak Hours,0.75,22.92
782,9,3:15:00 AM,03:15:00,3,Thursday,0,0,Night,18,2,0,19,39,76.0,0.45,0.4872,0.0,normal,Weekday,Off-Peak Hours,0.4872,46.15
783,9,3:30:00 AM,03:30:00,3,Thursday,0,0,Night,15,0,1,24,40,90.0,0.54,0.625,0.0625,normal,Weekday,Off-Peak Hours,0.625,37.5
784,9,3:45:00 AM,03:45:00,3,Thursday,0,0,Night,14,3,0,25,42,90.5,0.54,0.5952,0.0,normal,Weekday,Off-Peak Hours,0.5952,33.33
785,9,4:00:00 AM,04:00:00,4,Thursday,0,0,Night,12,0,1,16,29,63.0,0.38,0.5862,0.0769,normal,Weekday,Off-Peak Hours,0.5862,41.38
786,9,4:15:00 AM,04:15:00,4,Thursday,0,0,Night,85,24,5,5,119,127.0,0.76,0.084,0.0581,normal,Weekday,Off-Peak Hours,0.084,71.43
787,9,4:30:00 AM,04:30:00,4,Thursday,0,0,Night,71,22,5,2,100,103.0,0.61,0.07,0.0694,low,Weekday,Off-Peak Hours,0.07,71.0
788,9,4:45:00 AM,04:45:00,4,Thursday,0,0,Night,108,4,5,3,120,134.0,0.8,0.0667,0.0459,normal,Weekday,Off-Peak Hours,0.0667,90.0
789,9,5:00:00 AM,05:00:00,5,Thursday,0,0,Morning,63,29,5,15,112,137.5,0.82,0.1786,0.0781,normal,Weekday,Off-Peak Hours,0.1786,56.25
790,9,5:15:00 AM,05:15:00,5,Thursday,0,0,Morning,62,12,3,18,95,131.0,0.78,0.2211,0.0476,normal,Weekday,Off-Peak Hours,0.2211,65.26
791,9,5:30:00 AM,05:30:00,5,Thursday,0,0,Morning,118,15,3,11,147,167.5,1.0,0.0952,0.0252,normal,Weekday,Off-Peak Hours,0.0952,80.27
792,9,5:45:00 AM,05:45:00,5,Thursday,0,0,Morning,90,21,2,14,127,148.5,0.88,0.126,0.022,normal,Weekday,Off-Peak Hours,0.126,70.87
793,9,6:00:00 AM,06:00:00,6,Thursday,0,1,Morning,141,30,31,1,203,252.0,1.5,0.1576,0.2183,heavy,Weekday,Off-Peak Hours,0.1576,69.46
794,9,6:15:00 AM,06:15:00,6,Thursday,0,1,Morning,126,31,33,2,192,246.5,1.47,0.1823,0.2598,heavy,Weekday,Off-Peak Hours,0.1823,65.62
795,9,6:30:00 AM,06:30:00,6,Thursday,0,1,Morning,112,26,30,4,172,227.0,1.35,0.1977,0.2655,heavy,Weekday,Off-Peak Hours,0.1977,65.12
796,9,6:45:00 AM,06:45:00,6,Thursday,0,1,Morning,112,12,38,4,166,244.0,1.45,0.253,0.3363,high,Weekday,Off-Peak Hours,0.253,67.47
797,9,7:00:00 AM,07:00:00,7,Thursday,0,1,Morning,144,14,33,4,195,262.0,1.56,0.1897,0.2276,heavy,Weekday,Morning Rush (7-10 AM),0.1897,73.85
798,9,7:15:00 AM,07:15:00,7,Thursday,0,1,Morning,127,13,36,1,177,244.5,1.46,0.209,0.2812,heavy,Weekday,Morning Rush (7-10 AM),0.209,71.75
799,9,7:30:00 AM,07:30:00,7,Thursday,0,1,Morning,146,10,44,5,205,298.0,1.77,0.239,0.2993,heavy,Weekday,Morning Rush (7-10 AM),0.239,71.22
800,9,7:45:00 AM,07:45:00,7,Thursday,0,1,Morning,146,22,26,4,198,247.0,1.47,0.1515,0.1769,heavy,Weekday,Morning Rush (7-10 AM),0.1515,73.74
801,9,8:00:00 AM,08:00:00,8,Thursday,0,1,Morning,101,10,48,5,164,265.0,1.58,0.3232,0.4706,high,Weekday,Morning Rush (7-10 AM),0.3232,61.59
802,9,8:15:00 AM,08:15:00,8,Thursday,0,1,Morning,104,19,24,4,151,197.5,1.18,0.1854,0.2286,normal,Weekday,Morning Rush (7-10 AM),0.1854,68.87
803,9,8:30:00 AM,08:30:00,8,Thursday,0,1,Morning,150,20,43,0,213,289.0,1.72,0.2019,0.2848,heavy,Weekday,Morning Rush (7-10 AM),0.2019,70.42
804,9,8:45:00 AM,08:45:00,8,Thursday,0,1,Morning,110,35,45,2,192,268.5,1.6,0.2448,0.4054,heavy,Weekday,Morning Rush (7-10 AM),0.2448,57.29
805,9,9:00:00 AM,09:00:00,9,Thursday,0,0,Morning,139,15,28,2,184,236.5,1.41,0.163,0.2,heavy,Weekday,Morning Rush (7-10 AM),0.163,75.54
806,9,9:15:00 AM,09:15:00,9,Thursday,0,0,Morning,99,17,32,7,155,224.5,1.34,0.2516,0.32,high,Weekday,Morning Rush (7-10 AM),0.2516,63.87
807,9,9:30:00 AM,09:30:00,9,Thursday,0,0,Morning,22,15,7,19,63,107.5,0.64,0.4127,0.3043,normal,Weekday,Morning Rush (7-10 AM),0.4127,34.92
808,9,9:45:00 AM,09:45:00,9,Thursday,0,0,Morning,11,12,21,24,68,152.0,0.9,0.6618,1.75,normal,Weekday,Morning Rush (7-10 AM),0.6618,16.18
809,9,10:00:00 AM,10:00:00,10,Thursday,0,0,Morning,47,20,18,16,101,159.0,0.95,0.3366,0.375,normal,Weekday,Morning Rush (7-10 AM),0.3366,46.53
810,9,10:15:00 AM,10:15:00,10,Thursday,0,0,Morning,54,1,35,26,116,237.5,1.41,0.5259,0.6364,high,Weekday,Morning Rush (7-10 AM),0.5259,46.55
811,9,10:30:00 AM,10:30:00,10,Thursday,0,0,Morning,26,16,13,16,71,121.0,0.72,0.4085,0.4815,normal,Weekday,Morning Rush (7-10 AM),0.4085,36.62
812,9,10:45:00 AM,10:45:00,10,Thursday,0,0,Morning,99,18,39,19,175,282.0,1.68,0.3314,0.39,heavy,Weekday,Morning Rush (7-10 AM),0.3314,56.57
813,9,11:00:00 AM,11:00:00,11,Thursday,0,0,Morning,31,9,11,28,79,152.5,0.91,0.4937,0.3438,normal,Weekday,Off-Peak Hours,0.4937,39.24
814,9,11:15:00 AM,11:15:00,11,Thursday,0,0,Morning,24,8,13,23,68,136.0,0.81,0.5294,0.52,normal,Weekday,Off-Peak Hours,0.5294,35.29
815,9,11:30:00 AM,11:30:00,11,Thursday,0,0,Morning,21,7,9,20,57,111.5,0.66,0.5088,0.4091,normal,Weekday,Off-Peak Hours,0.5088,36.84
816,9,11:45:00 AM,11:45:00,11,Thursday,0,0,Morning,60,10,5,25,100,155.0,0.92,0.3,0.082,normal,Weekday,Off-Peak Hours,0.3,60.0
817,9,12:00:00 PM,12:00:00,12,Thursday,0,0,Afternoon,29,9,12,21,71,132.5,0.79,0.4648,0.4,normal,Weekday,Off-Peak Hours,0.4648,40.85
818,9,12:15:00 PM,12:15:00,12,Thursday,0,0,Afternoon,37,7,14,28,86,166.5,0.99,0.4884,0.3684,normal,Weekday,Off-Peak Hours,0.4884,43.02
819,9,12:30:00 PM,12:30:00,12,Thursday,0,0,Afternoon,53,7,11,22,93,155.5,0.93,0.3548,0.2037,normal,Weekday,Off-Peak Hours,0.3548,56.99
820,9,12:45:00 PM,12:45:00,12,Thursday,0,0,Afternoon,35,5,15,25,80,157.5,0.94,0.5,0.4167,normal,Weekday,Off-Peak Hours,0.5,43.75
821,9,1:00:00 PM,13:00:00,13,Thursday,0,0,Afternoon,53,6,10,28,97,170.0,1.01,0.3918,0.1852,normal,Weekday,Off-Peak Hours,0.3918,54.64
822,9,1:15:00 PM,13:15:00,13,Thursday,0,0,Afternoon,114,18,17,8,157,198.0,1.18,0.1592,0.1478,normal,Weekday,Off-Peak Hours,0.1592,72.61
823,9,1:30:00 PM,13:30:00,13,Thursday,0,0,Afternoon,95,28,22,9,154,202.0,1.2,0.2013,0.2292,normal,Weekday,Off-Peak Hours,0.2013,61.69
824,9,1:45:00 PM,13:45:00,13,Thursday,0,0,Afternoon,62,23,38,19,142,244.5,1.46,0.4014,0.6032,high,Weekday,Off-Peak Hours,0.4014,43.66
825,9,2:00:00 PM,14:00:00,14,Thursday,0,0,Afternoon,70,28,12,12,122,156.0,0.93,0.1967,0.169,normal,Weekday,Off-Peak Hours,0.1967,57.38
826,9,2:15:00 PM,14:15:00,14,Thursday,0,0,Afternoon,35,20,10,8,73,99.0,0.59,0.2466,0.2778,low,Weekday,Off-Peak Hours,0.2466,47.95
827,9,2:30:00 PM,14:30:00,14,Thursday,0,0,Afternoon,60,23,10,20,113,161.5,0.96,0.2655,0.1639,normal,Weekday,Off-Peak Hours,0.2655,53.1
828,9,2:45:00 PM,14:45:00,14,Thursday,0,0,Afternoon,40,22,25,9,96,153.0,0.91,0.3542,0.6098,normal,Weekday,Off-Peak Hours,0.3542,41.67
829,9,3:00:00 PM,15:00:00,15,Thursday,0,0,Afternoon,53,21,6,11,91,114.5,0.68,0.1868,0.1111,low,Weekday,Off-Peak Hours,0.1868,58.24
830,9,3:15:00 PM,15:15:00,15,Thursday,0,0,Afternoon,99,16,38,7,160,242.0,1.44,0.2812,0.38,high,Weekday,Off-Peak Hours,0.2812,61.87
831,9,3:30:00 PM,15:30:00,15,Thursday,0,0,Afternoon,86,21,31,18,156,243.5,1.45,0.3141,0.3563,high,Weekday,Off-Peak Hours,0.3141,55.13
832,9,3:45:00 PM,15:45:00,15,Thursday,0,0,Afternoon,79,28,35,13,155,237.0,1.41,0.3097,0.4375,high,Weekday,Off-Peak Hours,0.3097,50.97
833,9,4:00:00 PM,16:00:00,16,Thursday,0,1,Afternoon,146,25,33,8,212,281.5,1.68,0.1934,0.2245,heavy,Weekday,Evening Rush (4-7 PM),0.1934,68.87
834,9,4:15:00 PM,16:15:00,16,Thursday,0,1,Afternoon,116,24,36,6,182,254.0,1.51,0.2308,0.3077,heavy,Weekday,Evening Rush (4-7 PM),0.2308,63.74
835,9,4:30:00 PM,16:30:00,16,Thursday,0,1,Afternoon,107,14,44,5,170,261.0,1.55,0.2882,0.4074,heavy,Weekday,Evening Rush (4-7 PM),0.2882,62.94
836,9,4:45:00 PM,16:45:00,16,Thursday,0,1,Afternoon,115,20,27,9,171,233.0,1.39,0.2105,0.2328,heavy,Weekday,Evening Rush (4-7 PM),0.2105,67.25
837,9,5:00:00 PM,17:00:00,17,Thursday,0,1,Evening,113,23,43,6,185,271.5,1.62,0.2649,0.3772,heavy,Weekday,Evening Rush (4-7 PM),0.2649,61.08
838,9,5:15:00 PM,17:15:00,17,Thursday,0,1,Evening,102,20,31,5,158,220.0,1.31,0.2278,0.301,high,Weekday,Evening Rush (4-7 PM),0.2278,64.56
839,9,5:30:00 PM,17:30:00,17,Thursday,0,1,Evening,138,27,21,7,193,235.5,1.4,0.1451,0.1511,heavy,Weekday,Evening Rush (4-7 PM),0.1451,71.5
840,9,5:45:00 PM,17:45:00,17,Thursday,0,1,Evening,146,13,38,9,206,293.5,1.75,0.2282,0.2585,heavy,Weekday,Evening Rush (4-7 PM),0.2282,70.87
841,9,6:00:00 PM,18:00:00,18,Thursday,0,1,Evening,139,33,41,7,220,299.5,1.78,0.2182,0.2929,heavy,Weekday,Evening Rush (4-7 PM),0.2182,63.18
842,9,6:15:00 PM,18:15:00,18,Thursday,0,1,Evening,130,24,48,9,211,313.0,1.86,0.2701,0.3664,heavy,Weekday,Evening Rush (4-7 PM),0.2701,61.61
843,9,6:30:00 PM,18:30:00,18,Thursday,0,1,Evening,135,31,34,8,208,276.5,1.65,0.2019,0.25,heavy,Weekday,Evening Rush (4-7 PM),0.2019,64.9
844,9,6:45:00 PM,18:45:00,18,Thursday,0,1,Evening,106,22,16,20,164,225.0,1.34,0.2195,0.1495,normal,Weekday,Evening Rush (4-7 PM),0.2195,64.63
845,9,7:00:00 PM,19:00:00,19,Thursday,0,0,Evening,109,23,14,26,172,240.5,1.43,0.2326,0.1273,heavy,Weekday,Evening Rush (4-7 PM),0.2326,63.37
846,9,7:15:00 PM,19:15:00,19,Thursday,0,0,Evening,108,24,19,10,161,207.0,1.23,0.1801,0.1743,normal,Weekday,Evening Rush (4-7 PM),0.1801,67.08
847,9,7:30:00 PM,19:30:00,19,Thursday,0,0,Evening,50,16,16,11,93,139.0,0.83,0.2903,0.3137,normal,Weekday,Evening Rush (4-7 PM),0.2903,53.76
848,9,7:45:00 PM,19:45:00,19,Thursday,0,0,Evening,102,22,17,10,151,194.0,1.15,0.1788,0.165,normal,Weekday,Evening Rush (4-7 PM),0.1788,67.55
849,9,8:00:00 PM,20:00:00,20,Thursday,0,0,Evening,72,25,10,27,134,195.5,1.16,0.2761,0.137,high,Weekday,Night Freight (8-11 PM),0.2761,53.73
850,9,8:15:00 PM,20:15:00,20,Thursday,0,0,Evening,91,13,18,13,135,190.5,1.13,0.2296,0.1957,normal,Weekday,Night Freight (8-11 PM),0.2296,67.41
851,9,8:30:00 PM,20:30:00,20,Thursday,0,0,Evening,67,19,11,8,105,133.5,0.79,0.181,0.1618,low,Weekday,Night Freight (8-11 PM),0.181,63.81
852,9,8:45:00 PM,20:45:00,20,Thursday,0,0,Evening,61,14,10,5,90,113.0,0.67,0.1667,0.1613,low,Weekday,Night Freight (8-11 PM),0.1667,67.78
853,9,9:00:00 PM,21:00:00,21,Thursday,0,0,Evening,107,13,14,28,162,239.5,1.43,0.2593,0.1296,high,Weekday,Night Freight (8-11 PM),0.2593,66.05
854,9,9:15:00 PM,21:15:00,21,Thursday,0,0,Evening,91,5,12,34,142,231.5,1.38,0.3239,0.1304,high,Weekday,Night Freight (8-11 PM),0.3239,64.08
855,9,9:30:00 PM,21:30:00,21,Thursday,0,0,Evening,106,18,13,27,164,235.0,1.4,0.2439,0.1215,high,Weekday,Night Freight (8-11 PM),0.2439,64.63
856,9,9:45:00 PM,21:45:00,21,Thursday,0,0,Evening,107,14,10,18,149,198.0,1.18,0.1879,0.0926,normal,Weekday,Night Freight (8-11 PM),0.1879,71.81
857,9,10:00:00 PM,22:00:00,22,Thursday,0,0,Night,17,4,1,20,42,82.0,0.49,0.5,0.0556,normal,Weekday,Night Freight (8-11 PM),0.5,40.48
858,9,10:15:00 PM,22:15:00,22,Thursday,0,0,Night,11,4,1,30,46,106.0,0.63,0.6739,0.0833,normal,Weekday,Night Freight (8-11 PM),0.6739,23.91
859,9,10:30:00 PM,22:30:00,22,Thursday,0,0,Night,11,4,0,23,38,82.0,0.49,0.6053,0.0,normal,Weekday,Night Freight (8-11 PM),0.6053,28.95
860,9,10:45:00 PM,22:45:00,22,Thursday,0,0,Night,16,3,1,36,56,128.5,0.77,0.6607,0.0588,normal,Weekday,Night Freight (8-11 PM),0.6607,28.57
861,9,11:00:00 PM,23:00:00,23,Thursday,0,0,Night,11,0,1,30,42,104.0,0.62,0.7381,0.0833,normal,Weekday,Night Freight (8-11 PM),0.7381,26.19
862,9,11:15:00 PM,23:15:00,23,Thursday,0,0,Night,15,4,1,25,45,95.0,0.57,0.5778,0.0625,normal,Weekday,Night Freight (8-11 PM),0.5778,33.33
863,9,11:30:00 PM,23:30:00,23,Thursday,0,0,Night,16,5,0,27,48,99.5,0.59,0.5625,0.0,normal,Weekday,Night Freight (8-11 PM),0.5625,33.33
864,9,11:45:00 PM,23:45:00,23,Thursday,0,0,Night,14,3,1,15,33,63.5,0.38,0.4848,0.0667,normal,Weekday,Night Freight (8-11 PM),0.4848,42.42
865,10,12:00:00 AM,00:00:00,0,Tuesday,0,0,Night,31,0,4,4,39,55.0,0.33,0.2051,0.125,low,Weekday,Off-Peak Hours,0.2051,79.49
866,10,12:15:00 AM,00:15:00,0,Tuesday,0,0,Night,49,0,3,3,55,67.0,0.4,0.1091,0.06,low,Weekday,Off-Peak Hours,0.1091,89.09
867,10,12:30:00 AM,00:30:00,0,Tuesday,0,0,Night,46,0,3,6,55,73.0,0.43,0.1636,0.0638,low,Weekday,Off-Peak Hours,0.1636,83.64
868,10,12:45:00 AM,00:45:00,0,Tuesday,0,0,Night,51,0,2,5,58,72.0,0.43,0.1207,0.0385,low,Weekday,Off-Peak Hours,0.1207,87.93
869,10,1:00:00 AM,01:00:00,1,Tuesday,0,0,Night,57,6,15,16,94,153.0,0.91,0.3298,0.2586,normal,Weekday,Off-Peak Hours,0.3298,60.64
870,10,1:15:00 AM,01:15:00,1,Tuesday,0,0,Night,44,0,5,4,53,71.0,0.42,0.1698,0.1111,low,Weekday,Off-Peak Hours,0.1698,83.02
871,10,1:30:00 AM,01:30:00,1,Tuesday,0,0,Night,37,0,1,4,42,52.0,0.31,0.119,0.0263,low,Weekday,Off-Peak Hours,0.119,88.1
872,10,1:45:00 AM,01:45:00,1,Tuesday,0,0,Night,42,4,4,5,55,71.0,0.42,0.1636,0.093,low,Weekday,Off-Peak Hours,0.1636,76.36
873,10,2:00:00 AM,02:00:00,2,Tuesday,0,0,Night,51,0,9,7,67,99.0,0.59,0.2388,0.1731,low,Weekday,Off-Peak Hours,0.2388,76.12
874,10,2:15:00 AM,02:15:00,2,Tuesday,0,0,Night,34,0,4,7,45,67.0,0.4,0.2444,0.1143,low,Weekday,Off-Peak Hours,0.2444,75.56
875,10,2:30:00 AM,02:30:00,2,Tuesday,0,0,Night,45,0,1,1,47,51.0,0.3,0.0426,0.0217,low,Weekday,Off-Peak Hours,0.0426,95.74
876,10,2:45:00 AM,02:45:00,2,Tuesday,0,0,Night,45,0,1,3,49,57.0,0.34,0.0816,0.0217,low,Weekday,Off-Peak Hours,0.0816,91.84
877,10,3:00:00 AM,03:00:00,3,Tuesday,0,0,Night,50,0,3,0,53,59.0,0.35,0.0566,0.0588,low,Weekday,Off-Peak Hours,0.0566,94.34
878,10,3:15:00 AM,03:15:00,3,Tuesday,0,0,Night,34,0,4,4,42,58.0,0.35,0.1905,0.1143,low,Weekday,Off-Peak Hours,0.1905,80.95
879,10,3:30:00 AM,03:30:00,3,Tuesday,0,0,Night,129,22,42,1,194,269.0,1.6,0.2216,0.3231,heavy,Weekday,Off-Peak Hours,0.2216,66.49
880,10,3:45:00 AM,03:45:00,3,Tuesday,0,0,Night,144,16,49,0,209,299.0,1.78,0.2344,0.3379,heavy,Weekday,Off-Peak Hours,0.2344,68.9
881,10,4:00:00 AM,04:00:00,4,Tuesday,0,0,Night,111,28,20,3,162,194.0,1.15,0.142,0.1786,normal,Weekday,Off-Peak Hours,0.142,68.52
882,10,4:15:00 AM,04:15:00,4,Tuesday,0,0,Night,67,11,10,16,104,150.5,0.9,0.25,0.1471,normal,Weekday,Off-Peak Hours,0.25,64.42
883,10,4:30:00 AM,04:30:00,4,Tuesday,0,0,Night,65,24,7,16,112,146.0,0.87,0.2054,0.1061,normal,Weekday,Off-Peak Hours,0.2054,58.04
884,10,4:45:00 AM,04:45:00,4,Tuesday,0,0,Night,94,27,7,16,144,176.5,1.05,0.1597,0.0737,normal,Weekday,Off-Peak Hours,0.1597,65.28
885,10,5:00:00 AM,05:00:00,5,Tuesday,0,0,Morning,94,20,8,7,129,149.0,0.89,0.1163,0.0842,normal,Weekday,Off-Peak Hours,0.1163,72.87
886,10,5:15:00 AM,05:15:00,5,Tuesday,0,0,Morning,67,29,5,10,111,126.5,0.75,0.1351,0.0735,low,Weekday,Off-Peak Hours,0.1351,60.36
887,10,5:30:00 AM,05:30:00,5,Tuesday,0,0,Morning,56,12,2,14,84,110.0,0.65,0.1905,0.0351,normal,Weekday,Off-Peak Hours,0.1905,66.67
888,10,5:45:00 AM,05:45:00,5,Tuesday,0,0,Morning,57,13,3,11,84,105.5,0.63,0.1667,0.0517,low,Weekday,Off-Peak Hours,0.1667,67.86
889,10,6:00:00 AM,06:00:00,6,Tuesday,0,1,Morning,129,22,42,1,194,269.0,1.6,0.2216,0.3231,heavy,Weekday,Off-Peak Hours,0.2216,66.49
890,10,6:15:00 AM,06:15:00,6,Tuesday,0,1,Morning,144,16,49,0,209,299.0,1.78,0.2344,0.3379,heavy,Weekday,Off-Peak Hours,0.2344,68.9
891,10,6:30:00 AM,06:30:00,6,Tuesday,0,1,Morning,111,28,20,3,162,194.0,1.15,0.142,0.1786,normal,Weekday,Off-Peak Hours,0.142,68.52
892,10,6:45:00 AM,06:45:00,6,Tuesday,0,1,Morning,120,27,46,3,196,280.5,1.67,0.25,0.3802,heavy,Weekday,Off-Peak Hours,0.25,61.22
893,10,7:00:00 AM,07:00:00,7,Tuesday,0,1,Morning,102,39,47,1,189,265.5,1.58,0.254,0.4563,heavy,Weekday,Morning Rush (7-10 AM),0.254,53.97
894,10,7:15:00 AM,07:15:00,7,Tuesday,0,1,Morning,145,23,27,0,195,237.5,1.41,0.1385,0.1849,heavy,Weekday,Morning Rush (7-10 AM),0.1385,74.36
895,10,7:30:00 AM,07:30:00,7,Tuesday,0,1,Morning,114,37,21,5,177,210.5,1.25,0.1469,0.1826,heavy,Weekday,Morning Rush (7-10 AM),0.1469,64.41
896,10,7:45:00 AM,07:45:00,7,Tuesday,0,1,Morning,108,18,22,1,149,186.0,1.11,0.1544,0.2018,normal,Weekday,Morning Rush (7-10 AM),0.1544,72.48
897,10,8:00:00 AM,08:00:00,8,Tuesday,0,1,Morning,122,28,33,1,184,238.0,1.42,0.1848,0.2683,heavy,Weekday,Morning Rush (7-10 AM),0.1848,66.3
898,10,8:15:00 AM,08:15:00,8,Tuesday,0,1,Morning,114,39,30,3,186,232.5,1.38,0.1774,0.2609,heavy,Weekday,Morning Rush (7-10 AM),0.1774,61.29
899,10,8:30:00 AM,08:30:00,8,Tuesday,0,1,Morning,150,36,25,1,212,246.0,1.46,0.1226,0.1656,heavy,Weekday,Morning Rush (7-10 AM),0.1226,70.75
900,10,8:45:00 AM,08:45:00,8,Tuesday,0,1,Morning,107,10,49,2,168,265.0,1.58,0.3036,0.4537,heavy,Weekday,Morning Rush (7-10 AM),0.3036,63.69
901,10,9:00:00 AM,09:00:00,9,Tuesday,0,0,Morning,124,24,22,0,170,202.0,1.2,0.1294,0.176,heavy,Weekday,Morning Rush (7-10 AM),0.1294,72.94
902,10,9:15:00 AM,09:15:00,9,Tuesday,0,0,Morning,77,16,39,29,161,289.0,1.72,0.4224,0.5,high,Weekday,Morning Rush (7-10 AM),0.4224,47.83
903,10,9:30:00 AM,09:30:00,9,Tuesday,0,0,Morning,15,23,30,21,89,179.5,1.07,0.573,1.875,normal,Weekday,Morning Rush (7-10 AM),0.573,16.85
904,10,9:45:00 AM,09:45:00,9,Tuesday,0,0,Morning,32,22,38,21,113,220.0,1.31,0.5221,1.1515,high,Weekday,Morning Rush (7-10 AM),0.5221,28.32
905,10,10:00:00 AM,10:00:00,10,Tuesday,0,0,Morning,68,13,29,24,134,233.5,1.39,0.3955,0.4203,high,Weekday,Morning Rush (7-10 AM),0.3955,50.75
906,10,10:15:00 AM,10:15:00,10,Tuesday,0,0,Morning,27,16,36,30,109,233.0,1.39,0.6055,1.2857,normal,Weekday,Morning Rush (7-10 AM),0.6055,24.77
907,10,10:30:00 AM,10:30:00,10,Tuesday,0,0,Morning,76,7,11,15,109,157.5,0.94,0.2385,0.1429,normal,Weekday,Morning Rush (7-10 AM),0.2385,69.72
908,10,10:45:00 AM,10:45:00,10,Tuesday,0,0,Morning,41,23,20,17,101,163.5,0.97,0.3663,0.4762,normal,Weekday,Morning Rush (7-10 AM),0.3663,40.59
909,10,11:00:00 AM,11:00:00,11,Tuesday,0,0,Morning,33,10,3,29,75,134.0,0.8,0.4267,0.0882,normal,Weekday,Off-Peak Hours,0.4267,44.0
910,10,11:15:00 AM,11:15:00,11,Tuesday,0,0,Morning,58,8,14,29,109,191.0,1.14,0.3945,0.2373,normal,Weekday,Off-Peak Hours,0.3945,53.21
911,10,11:30:00 AM,11:30:00,11,Tuesday,0,0,Morning,65,7,11,26,109,179.5,1.07,0.3394,0.1667,normal,Weekday,Off-Peak Hours,0.3394,59.63
912,10,11:45:00 AM,11:45:00,11,Tuesday,0,0,Morning,47,9,6,29,91,156.5,0.93,0.3846,0.125,normal,Weekday,Off-Peak Hours,0.3846,51.65
913,10,12:00:00 PM,12:00:00,12,Tuesday,0,0,Afternoon,38,10,5,25,78,133.0,0.79,0.3846,0.1282,normal,Weekday,Off-Peak Hours,0.3846,48.72
914,10,12:15:00 PM,12:15:00,12,Tuesday,0,0,Afternoon,57,8,12,29,106,184.0,1.1,0.3868,0.2069,normal,Weekday,Off-Peak Hours,0.3868,53.77
915,10,12:30:00 PM,12:30:00,12,Tuesday,0,0,Afternoon,20,6,4,20,50,95.0,0.57,0.48,0.1905,normal,Weekday,Off-Peak Hours,0.48,40.0
916,10,12:45:00 PM,12:45:00,12,Tuesday,0,0,Afternoon,24,9,14,23,70,139.5,0.83,0.5286,0.56,normal,Weekday,Off-Peak Hours,0.5286,34.29
917,10,1:00:00 PM,13:00:00,13,Tuesday,0,0,Afternoon,52,10,13,21,96,159.0,0.95,0.3542,0.2453,normal,Weekday,Off-Peak Hours,0.3542,54.17
918,10,1:15:00 PM,13:15:00,13,Tuesday,0,0,Afternoon,79,15,36,18,148,248.5,1.48,0.3649,0.45,high,Weekday,Off-Peak Hours,0.3649,53.38
919,10,1:30:00 PM,13:30:00,13,Tuesday,0,0,Afternoon,84,24,22,18,148,216.0,1.29,0.2703,0.2588,normal,Weekday,Off-Peak Hours,0.2703,56.76
920,10,1:45:00 PM,13:45:00,13,Tuesday,0,0,Afternoon,59,19,35,16,129,221.5,1.32,0.3953,0.5833,high,Weekday,Off-Peak Hours,0.3953,45.74
921,10,2:00:00 PM,14:00:00,14,Tuesday,0,0,Afternoon,88,26,31,19,164,251.0,1.49,0.3049,0.3483,high,Weekday,Off-Peak Hours,0.3049,53.66
922,10,2:15:00 PM,14:15:00,14,Tuesday,0,0,Afternoon,24,11,32,13,80,164.5,0.98,0.5625,1.28,normal,Weekday,Off-Peak Hours,0.5625,30.0
923,10,2:30:00 PM,14:30:00,14,Tuesday,0,0,Afternoon,110,17,23,20,170,247.5,1.47,0.2529,0.2072,heavy,Weekday,Off-Peak Hours,0.2529,64.71
924,10,2:45:00 PM,14:45:00,14,Tuesday,0,0,Afternoon,29,26,5,6,66,75.0,0.45,0.1667,0.1667,low,Weekday,Off-Peak Hours,0.1667,43.94
925,10,3:00:00 PM,15:00:00,15,Tuesday,0,0,Afternoon,43,26,11,20,100,149.0,0.89,0.31,0.25,normal,Weekday,Off-Peak Hours,0.31,43.0
926,10,3:15:00 PM,15:15:00,15,Tuesday,0,0,Afternoon,68,28,9,15,120,154.0,0.92,0.2,0.1304,normal,Weekday,Off-Peak Hours,0.2,56.67
927,10,3:30:00 PM,15:30:00,15,Tuesday,0,0,Afternoon,108,16,8,18,150,194.0,1.15,0.1733,0.0734,normal,Weekday,Off-Peak Hours,0.1733,72.0
928,10,3:45:00 PM,15:45:00,15,Tuesday,0,0,Afternoon,101,26,8,14,149,180.0,1.07,0.1477,0.0784,normal,Weekday,Off-Peak Hours,0.1477,67.79
929,10,4:00:00 PM,16:00:00,16,Tuesday,0,1,Afternoon,141,31,36,6,214,282.5,1.68,0.1963,0.2535,heavy,Weekday,Evening Rush (4-7 PM),0.1963,65.89
930,10,4:15:00 PM,16:15:00,16,Tuesday,0,1,Afternoon,120,25,28,5,178,231.5,1.38,0.1854,0.2314,heavy,Weekday,Evening Rush (4-7 PM),0.1854,67.42
931,10,4:30:00 PM,16:30:00,16,Tuesday,0,1,Afternoon,137,23,44,5,209,295.5,1.76,0.2344,0.3188,heavy,Weekday,Evening Rush (4-7 PM),0.2344,65.55
932,10,4:45:00 PM,16:45:00,16,Tuesday,0,1,Afternoon,124,11,30,7,172,240.5,1.43,0.2151,0.24,heavy,Weekday,Evening Rush (4-7 PM),0.2151,72.09
933,10,5:00:00 PM,17:00:00,17,Tuesday,0,1,Evening,145,25,49,7,226,325.5,1.94,0.2478,0.3356,heavy,Weekday,Evening Rush (4-7 PM),0.2478,64.16
934,10,5:15:00 PM,17:15:00,17,Tuesday,0,1,Evening,122,37,23,8,190,233.5,1.39,0.1632,0.187,heavy,Weekday,Evening Rush (4-7 PM),0.1632,64.21
935,10,5:30:00 PM,17:30:00,17,Tuesday,0,1,Evening,136,30,20,9,195,238.0,1.42,0.1487,0.146,heavy,Weekday,Evening Rush (4-7 PM),0.1487,69.74
936,10,5:45:00 PM,17:45:00,17,Tuesday,0,1,Evening,145,18,40,9,212,301.0,1.79,0.2311,0.274,heavy,Weekday,Evening Rush (4-7 PM),0.2311,68.4
937,10,6:00:00 PM,18:00:00,18,Tuesday,0,1,Evening,138,34,28,5,205,254.0,1.51,0.161,0.2014,heavy,Weekday,Evening Rush (4-7 PM),0.161,67.32
938,10,6:15:00 PM,18:15:00,18,Tuesday,0,1,Evening,123,10,29,8,170,239.0,1.42,0.2176,0.2339,heavy,Weekday,Evening Rush (4-7 PM),0.2176,72.35
939,10,6:30:00 PM,18:30:00,18,Tuesday,0,1,Evening,105,15,21,9,150,202.5,1.21,0.2,0.1981,normal,Weekday,Evening Rush (4-7 PM),0.2,70.0
940,10,6:45:00 PM,18:45:00,18,Tuesday,0,1,Evening,75,22,20,11,128,179.0,1.07,0.2422,0.2632,normal,Weekday,Evening Rush (4-7 PM),0.2422,58.59
941,10,7:00:00 PM,19:00:00,19,Tuesday,0,0,Evening,90,12,10,13,125,165.0,0.98,0.184,0.1099,normal,Weekday,Evening Rush (4-7 PM),0.184,72.0
942,10,7:15:00 PM,19:15:00,19,Tuesday,0,0,Evening,102,22,20,16,160,221.0,1.32,0.225,0.1942,normal,Weekday,Evening Rush (4-7 PM),0.225,63.75
943,10,7:30:00 PM,19:30:00,19,Tuesday,0,0,Evening,61,18,15,27,121,196.0,1.17,0.3471,0.2419,high,Weekday,Evening Rush (4-7 PM),0.3471,50.41
944,10,7:45:00 PM,19:45:00,19,Tuesday,0,0,Evening,70,8,14,6,98,134.0,0.8,0.2041,0.1972,low,Weekday,Evening Rush (4-7 PM),0.2041,71.43
945,10,8:00:00 PM,20:00:00,20,Tuesday,0,0,Evening,80,17,12,34,143,226.5,1.35,0.3217,0.1481,high,Weekday,Night Freight (8-11 PM),0.3217,55.94
946,10,8:15:00 PM,20:15:00,20,Tuesday,0,0,Evening,62,12,14,19,107,167.0,0.99,0.3084,0.2222,normal,Weekday,Night Freight (8-11 PM),0.3084,57.94
947,10,8:30:00 PM,20:30:00,20,Tuesday,0,0,Evening,96,5,11,13,125,170.5,1.02,0.192,0.1134,normal,Weekday,Night Freight (8-11 PM),0.192,76.8
948,10,8:45:00 PM,20:45:00,20,Tuesday,0,0,Evening,102,6,12,13,133,180.0,1.07,0.188,0.1165,normal,Weekday,Night Freight (8-11 PM),0.188,76.69
949,10,9:00:00 PM,21:00:00,21,Tuesday,0,0,Evening,91,14,15,6,126,161.0,0.96,0.1667,0.163,normal,Weekday,Night Freight (8-11 PM),0.1667,72.22
950,10,9:15:00 PM,21:15:00,21,Tuesday,0,0,Evening,95,8,17,13,133,189.0,1.13,0.2256,0.1771,normal,Weekday,Night Freight (8-11 PM),0.2256,71.43
951,10,9:30:00 PM,21:30:00,21,Tuesday,0,0,Evening,75,15,12,21,123,181.5,1.08,0.2683,0.1579,high,Weekday,Night Freight (8-11 PM),0.2683,60.98
952,10,9:45:00 PM,21:45:00,21,Tuesday,0,0,Evening,53,21,20,10,104,153.5,0.91,0.2885,0.3704,normal,Weekday,Night Freight (8-11 PM),0.2885,50.96
953,10,10:00:00 PM,22:00:00,22,Tuesday,0,0,Night,13,1,0,19,33,70.5,0.42,0.5758,0.0,normal,Weekday,Night Freight (8-11 PM),0.5758,39.39
954,10,10:15:00 PM,22:15:00,22,Tuesday,0,0,Night,10,0,1,24,35,85.0,0.51,0.7143,0.0909,normal,Weekday,Night Freight (8-11 PM),0.7143,28.57
955,10,10:30:00 PM,22:30:00,22,Tuesday,0,0,Night,16,2,0,33,51,116.0,0.69,0.6471,0.0,normal,Weekday,Night Freight (8-11 PM),0.6471,31.37
956,10,10:45:00 PM,22:45:00,22,Tuesday,0,0,Night,11,1,0,29,41,98.5,0.59,0.7073,0.0,normal,Weekday,Night Freight (8-11 PM),0.7073,26.83
957,10,11:00:00 PM,23:00:00,23,Tuesday,0,0,Night,18,2,1,13,34,61.0,0.36,0.4118,0.0526,normal,Weekday,Night Freight (8-11 PM),0.4118,52.94
958,10,11:15:00 PM,23:15:00,23,Tuesday,0,0,Night,15,0,1,11,27,51.0,0.3,0.4444,0.0625,low,Weekday,Night Freight (8-11 PM),0.4444,55.56
959,10,11:30:00 PM,23:30:00,23,Tuesday,0,0,Night,14,1,0,33,48,113.5,0.68,0.6875,0.0,normal,Weekday,Night Freight (8-11 PM),0.6875,29.17
960,10,11:45:00 PM,23:45:00,23,Tuesday,0,0,Night,17,2,0,22,41,84.0,0.5,0.5366,0.0,normal,Weekday,Night Freight (8-11 PM),0.5366,41.46
961,11,12:00:00 AM,00:00:00,0,Wednesday,0,0,Night,12,2,1,17,32,67.0,0.4,0.5625,0.0769,normal,Weekday,Off-Peak Hours,0.5625,37.5
962,11,12:15:00 AM,00:15:00,0,Wednesday,0,0,Night,18,0,0,29,47,105.0,0.63,0.617,0.0,normal,Weekday,Off-Peak Hours,0.617,38.3
963,11,12:30:00 AM,00:30:00,0,Wednesday,0,0,Night,16,1,0,14,31,58.5,0.35,0.4516,0.0,normal,Weekday,Off-Peak Hours,0.4516,51.61
964,11,12:45:00 AM,00:45:00,0,Wednesday,0,0,Night,20,0,0,14,34,62.0,0.37,0.4118,0.0,normal,Weekday,Off-Peak Hours,0.4118,58.82
965,11,1:00:00 AM,01:00:00,1,Wednesday,0,0,Night,20,1,1,30,52,113.5,0.68,0.5962,0.0476,normal,Weekday,Off-Peak Hours,0.5962,38.46
966,11,1:15:00 AM,01:15:00,1,Wednesday,0,0,Night,15,0,1,23,39,87.0,0.52,0.6154,0.0625,normal,Weekday,Off-Peak Hours,0.6154,38.46
967,11,1:30:00 AM,01:30:00,1,Wednesday,0,0,Night,16,0,1,26,43,97.0,0.58,0.6279,0.0588,normal,Weekday,Off-Peak Hours,0.6279,37.21
968,11,1:45:00 AM,01:45:00,1,Wednesday,0,0,Night,18,4,0,11,33,53.0,0.32,0.3333,0.0,low,Weekday,Off-Peak Hours,0.3333,54.55
969,11,2:00:00 AM,02:00:00,2,Wednesday,0,0,Night,17,3,1,36,57,129.5,0.77,0.6491,0.0556,normal,Weekday,Off-Peak Hours,0.6491,29.82
970,11,2:15:00 AM,02:15:00,2,Wednesday,0,0,Night,14,4,1,10,29,49.0,0.29,0.3793,0.0667,low,Weekday,Off-Peak Hours,0.3793,48.28
971,11,2:30:00 AM,02:30:00,2,Wednesday,0,0,Night,18,2,1,25,46,97.0,0.58,0.5652,0.0526,normal,Weekday,Off-Peak Hours,0.5652,39.13
972,11,2:45:00 AM,02:45:00,2,Wednesday,0,0,Night,12,2,0,19,33,70.0,0.42,0.5758,0.0,normal,Weekday,Off-Peak Hours,0.5758,36.36
973,11,3:00:00 AM,03:00:00,3,Wednesday,0,0,Night,11,4,0,30,45,103.0,0.61,0.6667,0.0,normal,Weekday,Off-Peak Hours,0.6667,24.44
974,11,3:15:00 AM,03:15:00,3,Wednesday,0,0,Night,19,1,1,36,57,130.5,0.78,0.6491,0.05,normal,Weekday,Off-Peak Hours,0.6491,33.33
975,11,3:30:00 AM,03:30:00,3,Wednesday,0,0,Night,10,4,0,36,50,120.0,0.71,0.72,0.0,normal,Weekday,Off-Peak Hours,0.72,20.0
976,11,3:45:00 AM,03:45:00,3,Wednesday,0,0,Night,20,1,1,32,54,119.5,0.71,0.6111,0.0476,normal,Weekday,Off-Peak Hours,0.6111,37.04
977,11,4:00:00 AM,04:00:00,4,Wednesday,0,0,Night,15,5,1,40,61,140.5,0.84,0.6721,0.0625,normal,Weekday,Off-Peak Hours,0.6721,24.59
978,11,4:15:00 AM,04:15:00,4,Wednesday,0,0,Night,104,6,5,1,116,125.0,0.74,0.0517,0.0476,normal,Weekday,Off-Peak Hours,0.0517,89.66
979,11,4:30:00 AM,04:30:00,4,Wednesday,0,0,Night,109,25,3,8,145,154.5,0.92,0.0759,0.0273,normal,Weekday,Off-Peak Hours,0.0759,75.17
980,11,4:45:00 AM,04:45:00,4,Wednesday,0,0,Night,82,23,8,20,133,177.5,1.06,0.2105,0.0964,normal,Weekday,Off-Peak Hours,0.2105,61.65
981,11,5:00:00 AM,05:00:00,5,Wednesday,0,0,Morning,81,25,1,18,125,150.5,0.9,0.152,0.0122,normal,Weekday,Off-Peak Hours,0.152,64.8
982,11,5:15:00 AM,05:15:00,5,Wednesday,0,0,Morning,95,16,10,1,122,136.0,0.81,0.0902,0.1042,normal,Weekday,Off-Peak Hours,0.0902,77.87
983,11,5:30:00 AM,05:30:00,5,Wednesday,0,0,Morning,91,24,7,6,128,142.0,0.85,0.1016,0.0761,normal,Weekday,Off-Peak Hours,0.1016,71.09
984,11,5:45:00 AM,05:45:00,5,Wednesday,0,0,Morning,81,30,10,0,121,126.0,0.75,0.0826,0.122,normal,Weekday,Off-Peak Hours,0.0826,66.94
985,11,6:00:00 AM,06:00:00,6,Wednesday,0,1,Morning,125,13,26,2,166,215.5,1.28,0.1687,0.2063,high,Weekday,Off-Peak Hours,0.1687,75.3
986,11,6:15:00 AM,06:15:00,6,Wednesday,0,1,Morning,125,39,49,3,216,300.5,1.79,0.2407,0.3889,heavy,Weekday,Off-Peak Hours,0.2407,57.87
987,11,6:30:00 AM,06:30:00,6,Wednesday,0,1,Morning,125,34,37,1,197,256.0,1.52,0.1929,0.2937,heavy,Weekday,Off-Peak Hours,0.1929,63.45
988,11,6:45:00 AM,06:45:00,6,Wednesday,0,1,Morning,125,19,25,4,173,221.5,1.32,0.1676,0.1984,heavy,Weekday,Off-Peak Hours,0.1676,72.25
989,11,7:00:00 AM,07:00:00,7,Wednesday,0,1,Morning,125,15,49,0,189,279.5,1.66,0.2593,0.3889,heavy,Weekday,Morning Rush (7-10 AM),0.2593,66.14
990,11,7:15:00 AM,07:15:00,7,Wednesday,0,1,Morning,125,32,50,5,212,306.0,1.82,0.2594,0.3968,heavy,Weekday,Morning Rush (7-10 AM),0.2594,58.96
991,11,7:30:00 AM,07:30:00,7,Wednesday,0,1,Morning,125,38,50,1,214,297.0,1.77,0.2383,0.3968,heavy,Weekday,Morning Rush (7-10 AM),0.2383,58.41
992,11,7:45:00 AM,07:45:00,7,Wednesday,0,1,Morning,125,29,29,3,186,235.5,1.4,0.172,0.2302,heavy,Weekday,Morning Rush (7-10 AM),0.172,67.2
993,11,8:00:00 AM,08:00:00,8,Wednesday,0,1,Morning,125,31,48,4,208,296.5,1.77,0.25,0.381,heavy,Weekday,Morning Rush (7-10 AM),0.25,60.1
994,11,8:15:00 AM,08:15:00,8,Wednesday,0,1,Morning,125,32,50,0,207,291.0,1.73,0.2415,0.3968,heavy,Weekday,Morning Rush (7-10 AM),0.2415,60.39
995,11,8:30:00 AM,08:30:00,8,Wednesday,0,1,Morning,125,31,45,0,201,275.5,1.64,0.2239,0.3571,heavy,Weekday,Morning Rush (7-10 AM),0.2239,62.19
996,11,8:45:00 AM,08:45:00,8,Wednesday,0,1,Morning,125,21,20,1,167,198.5,1.18,0.1257,0.1587,normal,Weekday,Morning Rush (7-10 AM),0.1257,74.85
997,11,9:00:00 AM,09:00:00,9,Wednesday,0,0,Morning,125,28,36,0,189,247.0,1.47,0.1905,0.2857,heavy,Weekday,Morning Rush (7-10 AM),0.1905,66.14
998,11,9:15:00 AM,09:15:00,9,Wednesday,0,0,Morning,39,10,37,16,102,203.0,1.21,0.5196,0.925,normal,Weekday,Morning Rush (7-10 AM),0.5196,38.24
999,11,9:30:00 AM,09:30:00,9,Wednesday,0,0,Morning,89,8,12,13,122,168.0,1.0,0.2049,0.1333,normal,Weekday,Morning Rush (7-10 AM),0.2049,72.95
1000,11,9:45:00 AM,09:45:00,9,Wednesday,0,0,Morning,51,16,16,13,96,146.0,0.87,0.3021,0.3077,normal,Weekday,Morning Rush (7-10 AM),0.3021,53.12
1001,11,10:00:00 AM,10:00:00,10,Wednesday,0,0,Morning,17,9,18,28,72,159.5,0.95,0.6389,1.0,normal,Weekday,Morning Rush (7-10 AM),0.6389,23.61
1002,11,10:15:00 AM,10:15:00,10,Wednesday,0,0,Morning,48,25,36,21,130,231.5,1.38,0.4385,0.7347,high,Weekday,Morning Rush (7-10 AM),0.4385,36.92
1003,11,10:30:00 AM,10:30:00,10,Wednesday,0,0,Morning,93,7,30,16,146,234.5,1.4,0.3151,0.3191,high,Weekday,Morning Rush (7-10 AM),0.3151,63.7
1004,11,10:45:00 AM,10:45:00,10,Wednesday,0,0,Morning,55,15,36,15,121,215.5,1.28,0.4215,0.6429,high,Weekday,Morning Rush (7-10 AM),0.4215,45.45
1005,11,11:00:00 AM,11:00:00,11,Wednesday,0,0,Morning,51,10,8,22,91,146.0,0.87,0.3297,0.1538,normal,Weekday,Off-Peak Hours,0.3297,56.04
1006,11,11:15:00 AM,11:15:00,11,Wednesday,0,0,Morning,51,7,3,24,85,135.5,0.81,0.3176,0.0577,normal,Weekday,Off-Peak Hours,0.3176,60.0
1007,11,11:30:00 AM,11:30:00,11,Wednesday,0,0,Morning,51,9,7,30,97,166.5,0.99,0.3814,0.1346,normal,Weekday,Off-Peak Hours,0.3814,52.58
1008,11,11:45:00 AM,11:45:00,11,Wednesday,0,0,Morning,51,7,14,20,92,156.5,0.93,0.3696,0.2692,normal,Weekday,Off-Peak Hours,0.3696,55.43
1009,11,12:00:00 PM,12:00:00,12,Wednesday,0,0,Afternoon,51,10,14,20,95,158.0,0.94,0.3579,0.2692,normal,Weekday,Off-Peak Hours,0.3579,53.68
1010,11,12:15:00 PM,12:15:00,12,Wednesday,0,0,Afternoon,51,10,6,22,89,140.0,0.83,0.3146,0.1154,normal,Weekday,Off-Peak Hours,0.3146,57.3
1011,11,12:30:00 PM,12:30:00,12,Wednesday,0,0,Afternoon,51,8,11,22,92,154.0,0.92,0.3587,0.2115,normal,Weekday,Off-Peak Hours,0.3587,55.43
1012,11,12:45:00 PM,12:45:00,12,Wednesday,0,0,Afternoon,51,6,10,26,93,162.0,0.96,0.3871,0.1923,normal,Weekday,Off-Peak Hours,0.3871,54.84
1013,11,1:00:00 PM,13:00:00,13,Wednesday,0,0,Afternoon,51,7,7,27,92,156.5,0.93,0.3696,0.1346,normal,Weekday,Off-Peak Hours,0.3696,55.43
1014,11,1:15:00 PM,13:15:00,13,Wednesday,0,0,Afternoon,104,17,25,20,166,247.5,1.47,0.2711,0.2381,normal,Weekday,Off-Peak Hours,0.2711,62.65
1015,11,1:30:00 PM,13:30:00,13,Wednesday,0,0,Afternoon,6,28,27,14,75,143.0,0.85,0.5467,3.8571,normal,Weekday,Off-Peak Hours,0.5467,8.0
1016,11,1:45:00 PM,13:45:00,13,Wednesday,0,0,Afternoon,54,29,37,9,129,206.5,1.23,0.3566,0.6727,high,Weekday,Off-Peak Hours,0.3566,41.86
1017,11,2:00:00 PM,14:00:00,14,Wednesday,0,0,Afternoon,43,13,30,20,106,199.5,1.19,0.4717,0.6818,normal,Weekday,Off-Peak Hours,0.4717,40.57
1018,11,2:15:00 PM,14:15:00,14,Wednesday,0,0,Afternoon,60,21,26,11,118,181.5,1.08,0.3136,0.4262,high,Weekday,Off-Peak Hours,0.3136,50.85
1019,11,2:30:00 PM,14:30:00,14,Wednesday,0,0,Afternoon,101,23,8,20,152,196.5,1.17,0.1842,0.0784,normal,Weekday,Off-Peak Hours,0.1842,66.45
1020,11,2:45:00 PM,14:45:00,14,Wednesday,0,0,Afternoon,62,26,19,11,118,165.0,0.98,0.2542,0.3016,normal,Weekday,Off-Peak Hours,0.2542,52.54
1021,11,3:00:00 PM,15:00:00,15,Wednesday,0,0,Afternoon,39,24,13,11,87,123.0,0.73,0.2759,0.325,low,Weekday,Off-Peak Hours,0.2759,44.83
1022,11,3:15:00 PM,15:15:00,15,Wednesday,0,0,Afternoon,90,20,35,7,152,226.0,1.35,0.2763,0.3846,high,Weekday,Off-Peak Hours,0.2763,59.21
1023,11,3:30:00 PM,15:30:00,15,Wednesday,0,0,Afternoon,109,30,22,20,181,250.0,1.49,0.232,0.2,heavy,Weekday,Off-Peak Hours,0.232,60.22
1024,11,3:45:00 PM,15:45:00,15,Wednesday,0,0,Afternoon,68,26,25,20,139,216.0,1.29,0.3237,0.3623,normal,Weekday,Off-Peak Hours,0.3237,48.92
1025,11,4:00:00 PM,16:00:00,16,Wednesday,0,1,Afternoon,142,22,37,6,207,282.0,1.68,0.2077,0.2587,heavy,Weekday,Evening Rush (4-7 PM),0.2077,68.6
1026,11,4:15:00 PM,16:15:00,16,Wednesday,0,1,Afternoon,113,14,20,5,152,195.0,1.16,0.1645,0.1754,normal,Weekday,Evening Rush (4-7 PM),0.1645,74.34
1027,11,4:30:00 PM,16:30:00,16,Wednesday,0,1,Afternoon,142,13,37,8,200,283.5,1.69,0.225,0.2587,heavy,Weekday,Evening Rush (4-7 PM),0.225,71.0
1028,11,4:45:00 PM,16:45:00,16,Wednesday,0,1,Afternoon,108,23,26,9,166,224.5,1.34,0.2108,0.2385,high,Weekday,Evening Rush (4-7 PM),0.2108,65.06
1029,11,5:00:00 PM,17:00:00,17,Wednesday,0,1,Evening,122,29,30,7,188,247.5,1.47,0.1968,0.2439,heavy,Weekday,Evening Rush (4-7 PM),0.1968,64.89
1030,11,5:15:00 PM,17:15:00,17,Wednesday,0,1,Evening,133,12,30,7,182,250.0,1.49,0.2033,0.2239,heavy,Weekday,Evening Rush (4-7 PM),0.2033,73.08
1031,11,5:30:00 PM,17:30:00,17,Wednesday,0,1,Evening,118,23,38,10,189,273.5,1.63,0.254,0.3193,heavy,Weekday,Evening Rush (4-7 PM),0.254,62.43
1032,11,5:45:00 PM,17:45:00,17,Wednesday,0,1,Evening,121,35,26,8,190,240.5,1.43,0.1789,0.2131,heavy,Weekday,Evening Rush (4-7 PM),0.1789,63.68
1033,11,6:00:00 PM,18:00:00,18,Wednesday,0,1,Evening,116,23,20,8,167,211.5,1.26,0.1677,0.1709,normal,Weekday,Evening Rush (4-7 PM),0.1677,69.46
1034,11,6:15:00 PM,18:15:00,18,Wednesday,0,1,Evening,132,12,27,8,179,243.0,1.45,0.1955,0.203,heavy,Weekday,Evening Rush (4-7 PM),0.1955,73.74
1035,11,6:30:00 PM,18:30:00,18,Wednesday,0,1,Evening,144,17,33,7,201,272.5,1.62,0.199,0.2276,heavy,Weekday,Evening Rush (4-7 PM),0.199,71.64
1036,11,6:45:00 PM,18:45:00,18,Wednesday,0,1,Evening,103,21,11,11,146,179.5,1.07,0.1507,0.1058,normal,Weekday,Evening Rush (4-7 PM),0.1507,70.55
1037,11,7:00:00 PM,19:00:00,19,Wednesday,0,0,Evening,107,15,10,15,147,189.5,1.13,0.1701,0.0926,normal,Weekday,Evening Rush (4-7 PM),0.1701,72.79
1038,11,7:15:00 PM,19:15:00,19,Wednesday,0,0,Evening,50,10,10,17,87,136.0,0.81,0.3103,0.1961,normal,Weekday,Evening Rush (4-7 PM),0.3103,57.47
1039,11,7:30:00 PM,19:30:00,19,Wednesday,0,0,Evening,108,15,10,6,139,163.5,0.97,0.1151,0.0917,normal,Weekday,Evening Rush (4-7 PM),0.1151,77.7
1040,11,7:45:00 PM,19:45:00,19,Wednesday,0,0,Evening,108,24,15,29,176,252.0,1.5,0.25,0.1376,heavy,Weekday,Evening Rush (4-7 PM),0.25,61.36
1041,11,8:00:00 PM,20:00:00,20,Wednesday,0,0,Evening,101,6,15,13,135,188.0,1.12,0.2074,0.1471,normal,Weekday,Night Freight (8-11 PM),0.2074,74.81
1042,11,8:15:00 PM,20:15:00,20,Wednesday,0,0,Evening,55,17,12,19,103,156.5,0.93,0.301,0.2143,normal,Weekday,Night Freight (8-11 PM),0.301,53.4
1043,11,8:30:00 PM,20:30:00,20,Wednesday,0,0,Evening,77,7,20,16,120,188.5,1.12,0.3,0.2564,normal,Weekday,Night Freight (8-11 PM),0.3,64.17
1044,11,8:45:00 PM,20:45:00,20,Wednesday,0,0,Evening,91,12,19,8,130,178.0,1.06,0.2077,0.2065,normal,Weekday,Night Freight (8-11 PM),0.2077,70.0
1045,11,9:00:00 PM,21:00:00,21,Wednesday,0,0,Evening,95,25,17,29,166,245.5,1.46,0.2771,0.1771,high,Weekday,Night Freight (8-11 PM),0.2771,57.23
1046,11,9:15:00 PM,21:15:00,21,Wednesday,0,0,Evening,78,17,17,27,139,218.5,1.3,0.3165,0.2152,high,Weekday,Night Freight (8-11 PM),0.3165,56.12
1047,11,9:30:00 PM,21:30:00,21,Wednesday,0,0,Evening,98,16,16,21,151,217.0,1.29,0.245,0.1616,high,Weekday,Night Freight (8-11 PM),0.245,64.9
1048,11,9:45:00 PM,21:45:00,21,Wednesday,0,0,Evening,86,13,11,35,145,230.5,1.37,0.3172,0.1264,high,Weekday,Night Freight (8-11 PM),0.3172,59.31
1049,11,10:00:00 PM,22:00:00,22,Wednesday,0,0,Night,18,4,0,16,38,68.0,0.4,0.4211,0.0,normal,Weekday,Night Freight (8-11 PM),0.4211,47.37
1050,11,10:15:00 PM,22:15:00,22,Wednesday,0,0,Night,18,5,0,12,35,56.5,0.34,0.3429,0.0,low,Weekday,Night Freight (8-11 PM),0.3429,51.43
1051,11,10:30:00 PM,22:30:00,22,Wednesday,0,0,Night,18,2,1,25,46,97.0,0.58,0.5652,0.0526,normal,Weekday,Night Freight (8-11 PM),0.5652,39.13
1052,11,10:45:00 PM,22:45:00,22,Wednesday,0,0,Night,18,1,0,17,36,69.5,0.41,0.4722,0.0,normal,Weekday,Night Freight (8-11 PM),0.4722,50.0
1053,11,11:00:00 PM,23:00:00,23,Wednesday,0,0,Night,18,5,0,21,44,83.5,0.5,0.4773,0.0,normal,Weekday,Night Freight (8-11 PM),0.4773,40.91
1054,11,11:15:00 PM,23:15:00,23,Wednesday,0,0,Night,18,0,1,12,31,57.0,0.34,0.4194,0.0526,low,Weekday,Night Freight (8-11 PM),0.4194,58.06
1055,11,11:30:00 PM,23:30:00,23,Wednesday,0,0,Night,18,3,1,28,50,106.5,0.63,0.58,0.0526,normal,Weekday,Night Freight (8-11 PM),0.58,36.0
1056,11,11:45:00 PM,23:45:00,23,Wednesday,0,0,Night,18,4,1,40,63,143.0,0.85,0.6508,0.0526,normal,Weekday,Night Freight (8-11 PM),0.6508,28.57
1057,12,12:00:00 AM,00:00:00,0,Thursday,0,0,Night,18,1,1,39,59,138.5,0.82,0.678,0.0526,normal,Weekday,Off-Peak Hours,0.678,30.51
1058,12,12:15:00 AM,00:15:00,0,Thursday,0,0,Night,18,4,0,30,52,110.0,0.65,0.5769,0.0,normal,Weekday,Off-Peak Hours,0.5769,34.62
1059,12,12:30:00 AM,00:30:00,0,Thursday,0,0,Night,18,5,1,13,37,62.5,0.37,0.3784,0.0526,normal,Weekday,Off-Peak Hours,0.3784,48.65
1060,12,12:45:00 AM,00:45:00,0,Thursday,0,0,Night,18,2,0,37,57,130.0,0.77,0.6491,0.0,normal,Weekday,Off-Peak Hours,0.6491,31.58
1061,12,1:00:00 AM,01:00:00,1,Thursday,0,0,Night,18,0,0,13,31,57.0,0.34,0.4194,0.0,normal,Weekday,Off-Peak Hours,0.4194,58.06
1062,12,1:15:00 AM,01:15:00,1,Thursday,0,0,Night,18,5,0,11,34,53.5,0.32,0.3235,0.0,low,Weekday,Off-Peak Hours,0.3235,52.94
1063,12,1:30:00 AM,01:30:00,1,Thursday,0,0,Night,18,5,1,12,36,59.5,0.35,0.3611,0.0526,low,Weekday,Off-Peak Hours,0.3611,50.0
1064,12,1:45:00 AM,01:45:00,1,Thursday,0,0,Night,18,1,1,16,36,69.5,0.41,0.4722,0.0526,normal,Weekday,Off-Peak Hours,0.4722,50.0
1065,12,2:00:00 AM,02:00:00,2,Thursday,0,0,Night,18,1,1,34,54,123.5,0.74,0.6481,0.0526,normal,Weekday,Off-Peak Hours,0.6481,33.33
1066,12,2:15:00 AM,02:15:00,2,Thursday,0,0,Night,18,1,0,24,43,90.5,0.54,0.5581,0.0,normal,Weekday,Off-Peak Hours,0.5581,41.86
1067,12,2:30:00 AM,02:30:00,2,Thursday,0,0,Night,18,0,0,23,41,87.0,0.52,0.561,0.0,normal,Weekday,Off-Peak Hours,0.561,43.9
1068,12,2:45:00 AM,02:45:00,2,Thursday,0,0,Night,18,0,0,27,45,99.0,0.59,0.6,0.0,normal,Weekday,Off-Peak Hours,0.6,40.0
1069,12,3:00:00 AM,03:00:00,3,Thursday,0,0,Night,18,5,0,28,51,104.5,0.62,0.549,0.0,normal,Weekday,Off-Peak Hours,0.549,35.29
1070,12,3:15:00 AM,03:15:00,3,Thursday,0,0,Night,18,1,0,14,33,60.5,0.36,0.4242,0.0,normal,Weekday,Off-Peak Hours,0.4242,54.55
1071,12,3:30:00 AM,03:30:00,3,Thursday,0,0,Night,18,5,0,25,48,95.5,0.57,0.5208,0.0,normal,Weekday,Off-Peak Hours,0.5208,37.5
1072,12,3:45:00 AM,03:45:00,3,Thursday,0,0,Night,18,4,1,30,53,113.0,0.67,0.5849,0.0526,normal,Weekday,Off-Peak Hours,0.5849,33.96
1073,12,4:00:00 AM,04:00:00,4,Thursday,0,0,Night,18,5,1,30,54,113.5,0.68,0.5741,0.0526,normal,Weekday,Off-Peak Hours,0.5741,33.33
1074,12,4:15:00 AM,04:15:00,4,Thursday,0,0,Night,62,24,7,2,95,101.0,0.6,0.0947,0.1111,low,Weekday,Off-Peak Hours,0.0947,65.26
1075,12,4:30:00 AM,04:30:00,4,Thursday,0,0,Night,51,23,6,1,81,83.5,0.5,0.0864,0.1154,low,Weekday,Off-Peak Hours,0.0864,62.96
1076,12,4:45:00 AM,04:45:00,4,Thursday,0,0,Night,114,23,10,19,166,212.5,1.27,0.1747,0.087,normal,Weekday,Off-Peak Hours,0.1747,68.67
1077,12,5:00:00 AM,05:00:00,5,Thursday,0,0,Morning,85,22,9,9,125,150.0,0.89,0.144,0.1047,normal,Weekday,Off-Peak Hours,0.144,68.0
1078,12,5:15:00 AM,05:15:00,5,Thursday,0,0,Morning,102,24,4,20,150,186.0,1.11,0.16,0.0388,normal,Weekday,Off-Peak Hours,0.16,68.0
1079,12,5:30:00 AM,05:30:00,5,Thursday,0,0,Morning,101,18,3,17,139,170.0,1.01,0.1439,0.0294,normal,Weekday,Off-Peak Hours,0.1439,72.66
1080,12,5:45:00 AM,05:45:00,5,Thursday,0,0,Morning,116,19,0,17,152,176.5,1.05,0.1118,0.0,normal,Weekday,Off-Peak Hours,0.1118,76.32
1081,12,6:00:00 AM,06:00:00,6,Thursday,0,1,Morning,117,38,50,5,210,301.0,1.79,0.2619,0.4237,heavy,Weekday,Off-Peak Hours,0.2619,55.71
1082,12,6:15:00 AM,06:15:00,6,Thursday,0,1,Morning,114,32,34,2,182,238.0,1.42,0.1978,0.2957,heavy,Weekday,Off-Peak Hours,0.1978,62.64
1083,12,6:30:00 AM,06:30:00,6,Thursday,0,1,Morning,120,17,23,1,161,200.5,1.19,0.1491,0.1901,normal,Weekday,Off-Peak Hours,0.1491,74.53
1084,12,6:45:00 AM,06:45:00,6,Thursday,0,1,Morning,145,20,25,2,192,236.0,1.41,0.1406,0.1712,heavy,Weekday,Off-Peak Hours,0.1406,75.52
1085,12,7:00:00 AM,07:00:00,7,Thursday,0,1,Morning,125,30,48,1,204,287.0,1.71,0.2402,0.381,heavy,Weekday,Morning Rush (7-10 AM),0.2402,61.27
1086,12,7:15:00 AM,07:15:00,7,Thursday,0,1,Morning,103,27,45,1,176,254.5,1.52,0.2614,0.4327,heavy,Weekday,Morning Rush (7-10 AM),0.2614,58.52
1087,12,7:30:00 AM,07:30:00,7,Thursday,0,1,Morning,114,20,43,1,178,256.0,1.52,0.2472,0.3739,heavy,Weekday,Morning Rush (7-10 AM),0.2472,64.04
1088,12,7:45:00 AM,07:45:00,7,Thursday,0,1,Morning,145,10,44,1,200,285.0,1.7,0.225,0.3014,heavy,Weekday,Morning Rush (7-10 AM),0.225,72.5
1089,12,8:00:00 AM,08:00:00,8,Thursday,0,1,Morning,147,31,20,4,202,234.5,1.4,0.1188,0.1351,heavy,Weekday,Morning Rush (7-10 AM),0.1188,72.77
1090,12,8:15:00 AM,08:15:00,8,Thursday,0,1,Morning,104,24,40,0,168,236.0,1.41,0.2381,0.381,heavy,Weekday,Morning Rush (7-10 AM),0.2381,61.9
1091,12,8:30:00 AM,08:30:00,8,Thursday,0,1,Morning,124,11,22,0,157,195.5,1.16,0.1401,0.176,normal,Weekday,Morning Rush (7-10 AM),0.1401,78.98
1092,12,8:45:00 AM,08:45:00,8,Thursday,0,1,Morning,101,37,31,4,173,224.5,1.34,0.2023,0.3039,heavy,Weekday,Morning Rush (7-10 AM),0.2023,58.38
1093,12,9:00:00 AM,09:00:00,9,Thursday,0,0,Morning,144,30,37,1,212,273.0,1.63,0.1792,0.2552,heavy,Weekday,Morning Rush (7-10 AM),0.1792,67.92
1094,12,9:15:00 AM,09:15:00,9,Thursday,0,0,Morning,24,18,37,18,97,198.0,1.18,0.567,1.48,normal,Weekday,Morning Rush (7-10 AM),0.567,24.74
1095,12,9:30:00 AM,09:30:00,9,Thursday,0,0,Morning,24,8,17,25,74,154.0,0.92,0.5676,0.68,normal,Weekday,Morning Rush (7-10 AM),0.5676,32.43
1096,12,9:45:00 AM,09:45:00,9,Thursday,0,0,Morning,16,22,12,20,70,123.0,0.73,0.4571,0.7059,normal,Weekday,Morning Rush (7-10 AM),0.4571,22.86
1097,12,10:00:00 AM,10:00:00,10,Thursday,0,0,Morning,26,2,39,26,93,222.0,1.32,0.6989,1.4444,normal,Weekday,Morning Rush (7-10 AM),0.6989,27.96
1098,12,10:15:00 AM,10:15:00,10,Thursday,0,0,Morning,90,7,18,15,130,192.5,1.15,0.2538,0.1978,normal,Weekday,Morning Rush (7-10 AM),0.2538,69.23
1099,12,10:30:00 AM,10:30:00,10,Thursday,0,0,Morning,59,6,11,11,87,128.0,0.76,0.2529,0.1833,low,Weekday,Morning Rush (7-10 AM),0.2529,67.82
1100,12,10:45:00 AM,10:45:00,10,Thursday,0,0,Morning,28,7,22,18,75,151.5,0.9,0.5333,0.7586,normal,Weekday,Morning Rush (7-10 AM),0.5333,37.33
1101,12,11:00:00 AM,11:00:00,11,Thursday,0,0,Morning,60,5,14,21,100,167.5,1.0,0.35,0.2295,normal,Weekday,Off-Peak Hours,0.35,60.0
1102,12,11:15:00 AM,11:15:00,11,Thursday,0,0,Morning,69,9,8,23,109,166.5,0.99,0.2844,0.1143,normal,Weekday,Off-Peak Hours,0.2844,63.3
1103,12,11:30:00 AM,11:30:00,11,Thursday,0,0,Morning,59,9,12,26,106,177.5,1.06,0.3585,0.2,normal,Weekday,Off-Peak Hours,0.3585,55.66
1104,12,11:45:00 AM,11:45:00,11,Thursday,0,0,Morning,24,10,5,21,60,107.0,0.64,0.4333,0.2,normal,Weekday,Off-Peak Hours,0.4333,40.0
1105,12,12:00:00 PM,12:00:00,12,Thursday,0,0,Afternoon,41,7,7,21,76,128.5,0.77,0.3684,0.1667,normal,Weekday,Off-Peak Hours,0.3684,53.95
1106,12,12:15:00 PM,12:15:00,12,Thursday,0,0,Afternoon,48,10,9,29,96,167.0,0.99,0.3958,0.1837,normal,Weekday,Off-Peak Hours,0.3958,50.0
1107,12,12:30:00 PM,12:30:00,12,Thursday,0,0,Afternoon,59,10,14,23,106,175.0,1.04,0.3491,0.2333,normal,Weekday,Off-Peak Hours,0.3491,55.66
1108,12,12:45:00 PM,12:45:00,12,Thursday,0,0,Afternoon,67,7,12,28,114,190.5,1.13,0.3509,0.1765,high,Weekday,Off-Peak Hours,0.3509,58.77
1109,12,1:00:00 PM,13:00:00,13,Thursday,0,0,Afternoon,52,9,8,20,89,140.5,0.84,0.3146,0.1509,normal,Weekday,Off-Peak Hours,0.3146,58.43
1110,12,1:15:00 PM,13:15:00,13,Thursday,0,0,Afternoon,45,26,29,10,110,175.0,1.04,0.3545,0.6304,normal,Weekday,Off-Peak Hours,0.3545,40.91
1111,12,1:30:00 PM,13:30:00,13,Thursday,0,0,Afternoon,14,21,7,18,60,99.5,0.59,0.4167,0.4667,normal,Weekday,Off-Peak Hours,0.4167,23.33
1112,12,1:45:00 PM,13:45:00,13,Thursday,0,0,Afternoon,55,22,24,10,111,168.0,1.0,0.3063,0.4286,normal,Weekday,Off-Peak Hours,0.3063,49.55
1113,12,2:00:00 PM,14:00:00,14,Thursday,0,0,Afternoon,45,14,39,5,103,184.0,1.1,0.4272,0.8478,normal,Weekday,Off-Peak Hours,0.4272,43.69
1114,12,2:15:00 PM,14:15:00,14,Thursday,0,0,Afternoon,90,17,16,11,134,179.5,1.07,0.2015,0.1758,normal,Weekday,Off-Peak Hours,0.2015,67.16
1115,12,2:30:00 PM,14:30:00,14,Thursday,0,0,Afternoon,33,21,25,5,84,133.5,0.79,0.3571,0.7353,normal,Weekday,Off-Peak Hours,0.3571,39.29
1116,12,2:45:00 PM,14:45:00,14,Thursday,0,0,Afternoon,118,25,31,13,187,262.5,1.56,0.2353,0.2605,heavy,Weekday,Off-Peak Hours,0.2353,63.1
1117,12,3:00:00 PM,15:00:00,15,Thursday,0,0,Afternoon,86,28,13,5,132,154.0,0.92,0.1364,0.1494,normal,Weekday,Off-Peak Hours,0.1364,65.15
1118,12,3:15:00 PM,15:15:00,15,Thursday,0,0,Afternoon,105,29,22,12,168,221.5,1.32,0.2024,0.2075,heavy,Weekday,Off-Peak Hours,0.2024,62.5
1119,12,3:30:00 PM,15:30:00,15,Thursday,0,0,Afternoon,10,19,26,8,63,121.5,0.72,0.5397,2.3636,normal,Weekday,Off-Peak Hours,0.5397,15.87
1120,12,3:45:00 PM,15:45:00,15,Thursday,0,0,Afternoon,46,22,18,9,95,138.0,0.82,0.2842,0.383,normal,Weekday,Off-Peak Hours,0.2842,48.42
1121,12,4:00:00 PM,16:00:00,16,Thursday,0,1,Afternoon,105,35,48,6,194,284.5,1.69,0.2784,0.4528,heavy,Weekday,Evening Rush (4-7 PM),0.2784,54.12
1122,12,4:15:00 PM,16:15:00,16,Thursday,0,1,Afternoon,135,37,34,5,211,270.5,1.61,0.1848,0.25,heavy,Weekday,Evening Rush (4-7 PM),0.1848,63.98
1123,12,4:30:00 PM,16:30:00,16,Thursday,0,1,Afternoon,103,29,44,6,182,267.5,1.59,0.2747,0.4231,heavy,Weekday,Evening Rush (4-7 PM),0.2747,56.59
1124,12,4:45:00 PM,16:45:00,16,Thursday,0,1,Afternoon,113,13,42,10,178,275.5,1.64,0.2921,0.3684,heavy,Weekday,Evening Rush (4-7 PM),0.2921,63.48
1125,12,5:00:00 PM,17:00:00,17,Thursday,0,1,Evening,103,20,27,9,159,221.0,1.32,0.2264,0.2596,high,Weekday,Evening Rush (4-7 PM),0.2264,64.78
1126,12,5:15:00 PM,17:15:00,17,Thursday,0,1,Evening,150,13,20,9,192,243.5,1.45,0.151,0.1325,heavy,Weekday,Evening Rush (4-7 PM),0.151,78.12
1127,12,5:30:00 PM,17:30:00,17,Thursday,0,1,Evening,116,25,33,8,182,251.5,1.5,0.2253,0.2821,heavy,Weekday,Evening Rush (4-7 PM),0.2253,63.74
1128,12,5:45:00 PM,17:45:00,17,Thursday,0,1,Evening,109,16,41,9,175,267.0,1.59,0.2857,0.3727,heavy,Weekday,Evening Rush (4-7 PM),0.2857,62.29
1129,12,6:00:00 PM,18:00:00,18,Thursday,0,1,Evening,112,11,50,5,178,282.5,1.68,0.309,0.4425,heavy,Weekday,Evening Rush (4-7 PM),0.309,62.92
1130,12,6:15:00 PM,18:15:00,18,Thursday,0,1,Evening,104,31,30,5,170,224.5,1.34,0.2059,0.2857,heavy,Weekday,Evening Rush (4-7 PM),0.2059,61.18
1131,12,6:30:00 PM,18:30:00,18,Thursday,0,1,Evening,146,18,40,6,210,293.0,1.74,0.219,0.2721,heavy,Weekday,Evening Rush (4-7 PM),0.219,69.52
1132,12,6:45:00 PM,18:45:00,18,Thursday,0,1,Evening,110,24,10,29,173,239.0,1.42,0.2254,0.0901,heavy,Weekday,Evening Rush (4-7 PM),0.2254,63.58
1133,12,7:00:00 PM,19:00:00,19,Thursday,0,0,Evening,60,15,12,25,112,178.5,1.06,0.3304,0.1967,high,Weekday,Evening Rush (4-7 PM),0.3304,53.57
1134,12,7:15:00 PM,19:15:00,19,Thursday,0,0,Evening,103,9,14,29,155,236.5,1.41,0.2774,0.1346,high,Weekday,Evening Rush (4-7 PM),0.2774,66.45
1135,12,7:30:00 PM,19:30:00,19,Thursday,0,0,Evening,102,6,15,6,129,168.0,1.0,0.1628,0.1456,normal,Weekday,Evening Rush (4-7 PM),0.1628,79.07
1136,12,7:45:00 PM,19:45:00,19,Thursday,0,0,Evening,51,17,16,8,92,131.5,0.78,0.2609,0.3077,normal,Weekday,Evening Rush (4-7 PM),0.2609,55.43
1137,12,8:00:00 PM,20:00:00,20,Thursday,0,0,Evening,62,12,11,18,103,155.0,0.92,0.2816,0.1746,normal,Weekday,Night Freight (8-11 PM),0.2816,60.19
1138,12,8:15:00 PM,20:15:00,20,Thursday,0,0,Evening,103,14,12,5,134,161.0,0.96,0.1269,0.1154,normal,Weekday,Night Freight (8-11 PM),0.1269,76.87
1139,12,8:30:00 PM,20:30:00,20,Thursday,0,0,Evening,50,7,11,23,91,155.5,0.93,0.3736,0.2157,normal,Weekday,Night Freight (8-11 PM),0.3736,54.95
1140,12,8:45:00 PM,20:45:00,20,Thursday,0,0,Evening,80,14,20,6,120,165.0,0.98,0.2167,0.2469,normal,Weekday,Night Freight (8-11 PM),0.2167,66.67
1141,12,9:00:00 PM,21:00:00,21,Thursday,0,0,Evening,98,13,18,21,150,221.5,1.32,0.26,0.1818,high,Weekday,Night Freight (8-11 PM),0.26,65.33
1142,12,9:15:00 PM,21:15:00,21,Thursday,0,0,Evening,53,25,20,13,111,164.5,0.98,0.2973,0.3704,normal,Weekday,Night Freight (8-11 PM),0.2973,47.75
1143,12,9:30:00 PM,21:30:00,21,Thursday,0,0,Evening,52,8,10,27,97,167.0,0.99,0.3814,0.1887,normal,Weekday,Night Freight (8-11 PM),0.3814,53.61
1144,12,9:45:00 PM,21:45:00,21,Thursday,0,0,Evening,71,23,13,21,128,184.5,1.1,0.2656,0.1806,high,Weekday,Night Freight (8-11 PM),0.2656,55.47
1145,12,10:00:00 PM,22:00:00,22,Thursday,0,0,Night,17,3,0,29,49,105.5,0.63,0.5918,0.0,normal,Weekday,Night Freight (8-11 PM),0.5918,34.69
1146,12,10:15:00 PM,22:15:00,22,Thursday,0,0,Night,20,5,1,36,62,133.5,0.79,0.5968,0.0476,normal,Weekday,Night Freight (8-11 PM),0.5968,32.26
1147,12,10:30:00 PM,22:30:00,22,Thursday,0,0,Night,15,0,0,32,47,111.0,0.66,0.6809,0.0,normal,Weekday,Night Freight (8-11 PM),0.6809,31.91
1148,12,10:45:00 PM,22:45:00,22,Thursday,0,0,Night,15,0,1,20,36,78.0,0.46,0.5833,0.0625,normal,Weekday,Night Freight (8-11 PM),0.5833,41.67
1149,12,11:00:00 PM,23:00:00,23,Thursday,0,0,Night,14,2,0,23,39,84.0,0.5,0.5897,0.0,normal,Weekday,Night Freight (8-11 PM),0.5897,35.9
1150,12,11:15:00 PM,23:15:00,23,Thursday,0,0,Night,13,1,0,29,43,100.5,0.6,0.6744,0.0,normal,Weekday,Night Freight (8-11 PM),0.6744,30.23
1151,12,11:30:00 PM,23:30:00,23,Thursday,0,0,Night,14,5,0,31,50,109.5,0.65,0.62,0.0,normal,Weekday,Night Freight (8-11 PM),0.62,28.0
1152,12,11:45:00 PM,23:45:00,23,Thursday,0,0,Night,16,3,0,33,52,116.5,0.69,0.6346,0.0,normal,Weekday,Night Freight (8-11 PM),0.6346,30.77
1153,13,12:00:00 AM,00:00:00,0,Friday,0,0,Night,18,4,1,15,38,68.0,0.4,0.4211,0.0526,normal,Weekday,Off-Peak Hours,0.4211,47.37
1154,13,12:15:00 AM,00:15:00,0,Friday,0,0,Night,20,0,1,23,44,92.0,0.55,0.5455,0.0476,normal,Weekday,Off-Peak Hours,0.5455,45.45
1155,13,12:30:00 AM,00:30:00,0,Friday,0,0,Night,19,3,0,16,38,68.5,0.41,0.4211,0.0,normal,Weekday,Off-Peak Hours,0.4211,50.0
1156,13,12:45:00 AM,00:45:00,0,Friday,0,0,Night,10,3,0,12,25,47.5,0.28,0.48,0.0,low,Weekday,Off-Peak Hours,0.48,40.0
1157,13,1:00:00 AM,01:00:00,1,Friday,0,0,Night,10,4,0,23,37,81.0,0.48,0.6216,0.0,normal,Weekday,Off-Peak Hours,0.6216,27.03
1158,13,1:15:00 AM,01:15:00,1,Friday,0,0,Night,12,5,0,29,46,101.5,0.6,0.6304,0.0,normal,Weekday,Off-Peak Hours,0.6304,26.09
1159,13,1:30:00 AM,01:30:00,1,Friday,0,0,Night,10,0,0,39,49,127.0,0.76,0.7959,0.0,normal,Weekday,Off-Peak Hours,0.7959,20.41
1160,13,1:45:00 AM,01:45:00,1,Friday,0,0,Night,16,2,1,21,40,83.0,0.49,0.55,0.0588,normal,Weekday,Off-Peak Hours,0.55,40.0
1161,13,2:00:00 AM,02:00:00,2,Friday,0,0,Night,18,4,1,36,59,131.0,0.78,0.6271,0.0526,normal,Weekday,Off-Peak Hours,0.6271,30.51
1162,13,2:15:00 AM,02:15:00,2,Friday,0,0,Night,15,1,0,14,30,57.5,0.34,0.4667,0.0,normal,Weekday,Off-Peak Hours,0.4667,50.0
1163,13,2:30:00 AM,02:30:00,2,Friday,0,0,Night,17,4,0,13,34,58.0,0.35,0.3824,0.0,normal,Weekday,Off-Peak Hours,0.3824,50.0
1164,13,2:45:00 AM,02:45:00,2,Friday,0,0,Night,18,3,1,24,46,94.5,0.56,0.5435,0.0526,normal,Weekday,Off-Peak Hours,0.5435,39.13
1165,13,3:00:00 AM,03:00:00,3,Friday,0,0,Night,19,2,0,11,32,53.0,0.32,0.3438,0.0,low,Weekday,Off-Peak Hours,0.3437,59.37
1166,13,3:15:00 AM,03:15:00,3,Friday,0,0,Night,19,3,0,21,43,83.5,0.5,0.4884,0.0,normal,Weekday,Off-Peak Hours,0.4884,44.19
1167,13,3:30:00 AM,03:30:00,3,Friday,0,0,Night,19,3,1,31,54,116.5,0.69,0.5926,0.05,normal,Weekday,Off-Peak Hours,0.5926,35.19
1168,13,3:45:00 AM,03:45:00,3,Friday,0,0,Night,14,2,1,19,36,75.0,0.45,0.5556,0.0667,normal,Weekday,Off-Peak Hours,0.5556,38.89
1169,13,4:00:00 AM,04:00:00,4,Friday,0,0,Night,11,0,0,27,38,92.0,0.55,0.7105,0.0,normal,Weekday,Off-Peak Hours,0.7105,28.95
1170,13,4:15:00 AM,04:15:00,4,Friday,0,0,Night,27,6,1,11,45,66.0,0.39,0.2667,0.0357,low,Weekday,Off-Peak Hours,0.2667,60.0
1171,13,4:30:00 AM,04:30:00,4,Friday,0,0,Night,33,11,6,13,63,95.5,0.57,0.3016,0.1765,normal,Weekday,Off-Peak Hours,0.3016,52.38
1172,13,4:45:00 AM,04:45:00,4,Friday,0,0,Night,63,6,7,10,86,117.0,0.7,0.1977,0.1094,low,Weekday,Off-Peak Hours,0.1977,73.26
1173,13,5:00:00 AM,05:00:00,5,Friday,0,0,Morning,58,13,4,15,90,121.5,0.72,0.2111,0.0678,normal,Weekday,Off-Peak Hours,0.2111,64.44
1174,13,5:15:00 AM,05:15:00,5,Friday,0,0,Morning,57,11,7,10,85,113.5,0.68,0.2,0.1207,low,Weekday,Off-Peak Hours,0.2,67.06
1175,13,5:30:00 AM,05:30:00,5,Friday,0,0,Morning,63,10,6,12,91,122.0,0.73,0.1978,0.0938,low,Weekday,Off-Peak Hours,0.1978,69.23
1176,13,5:45:00 AM,05:45:00,5,Friday,0,0,Morning,74,9,0,15,98,123.5,0.74,0.1531,0.0,normal,Weekday,Off-Peak Hours,0.1531,75.51
1177,13,6:00:00 AM,06:00:00,6,Friday,0,1,Morning,71,9,7,10,97,126.5,0.75,0.1753,0.0972,low,Weekday,Off-Peak Hours,0.1753,73.2
1178,13,6:15:00 AM,06:15:00,6,Friday,0,1,Morning,33,9,6,13,61,94.5,0.56,0.3115,0.1765,normal,Weekday,Off-Peak Hours,0.3115,54.1
1179,13,6:30:00 AM,06:30:00,6,Friday,0,1,Morning,29,6,1,12,48,71.0,0.42,0.2708,0.0333,low,Weekday,Off-Peak Hours,0.2708,60.42
1180,13,6:45:00 AM,06:45:00,6,Friday,0,1,Morning,32,9,3,11,55,78.5,0.47,0.2545,0.0909,low,Weekday,Off-Peak Hours,0.2545,58.18
1181,13,7:00:00 AM,07:00:00,7,Friday,0,1,Morning,57,14,3,11,85,106.0,0.63,0.1647,0.0517,low,Weekday,Morning Rush (7-10 AM),0.1647,67.06
1182,13,7:15:00 AM,07:15:00,7,Friday,0,1,Morning,31,11,0,14,56,78.5,0.47,0.25,0.0,normal,Weekday,Morning Rush (7-10 AM),0.25,55.36
1183,13,7:30:00 AM,07:30:00,7,Friday,0,1,Morning,30,9,3,10,52,73.5,0.44,0.25,0.0968,low,Weekday,Morning Rush (7-10 AM),0.25,57.69
1184,13,7:45:00 AM,07:45:00,7,Friday,0,1,Morning,61,8,7,12,88,122.0,0.73,0.2159,0.1129,low,Weekday,Morning Rush (7-10 AM),0.2159,69.32
1185,13,8:00:00 AM,08:00:00,8,Friday,0,1,Morning,47,10,4,10,71,94.0,0.56,0.1972,0.0833,low,Weekday,Morning Rush (7-10 AM),0.1972,66.2
1186,13,8:15:00 AM,08:15:00,8,Friday,0,1,Morning,80,16,4,15,115,145.0,0.86,0.1652,0.0494,normal,Weekday,Morning Rush (7-10 AM),0.1652,69.57
1187,13,8:30:00 AM,08:30:00,8,Friday,0,1,Morning,49,10,2,10,71,90.0,0.54,0.169,0.04,low,Weekday,Morning Rush (7-10 AM),0.169,69.01
1188,13,8:45:00 AM,08:45:00,8,Friday,0,1,Morning,58,7,5,13,83,115.5,0.69,0.2169,0.0847,normal,Weekday,Morning Rush (7-10 AM),0.2169,69.88
1189,13,9:00:00 AM,09:00:00,9,Friday,0,0,Morning,53,19,1,10,83,95.5,0.57,0.1325,0.0185,low,Weekday,Morning Rush (7-10 AM),0.1325,63.86
1190,13,9:15:00 AM,09:15:00,9,Friday,0,0,Morning,132,47,25,0,204,230.5,1.37,0.1225,0.188,heavy,Weekday,Morning Rush (7-10 AM),0.1225,64.71
1191,13,9:30:00 AM,09:30:00,9,Friday,0,0,Morning,131,52,15,0,198,202.0,1.2,0.0758,0.1136,heavy,Weekday,Morning Rush (7-10 AM),0.0758,66.16
1192,13,9:45:00 AM,09:45:00,9,Friday,0,0,Morning,171,59,27,3,260,290.5,1.73,0.1154,0.157,heavy,Weekday,Morning Rush (7-10 AM),0.1154,65.77
1193,13,10:00:00 AM,10:00:00,10,Friday,0,0,Morning,131,43,20,3,197,221.5,1.32,0.1168,0.1515,heavy,Weekday,Morning Rush (7-10 AM),0.1168,66.5
1194,13,10:15:00 AM,10:15:00,10,Friday,0,0,Morning,177,56,12,4,249,253.0,1.51,0.0643,0.0674,heavy,Weekday,Morning Rush (7-10 AM),0.0643,71.08
1195,13,10:30:00 AM,10:30:00,10,Friday,0,0,Morning,160,47,30,3,240,282.5,1.68,0.1375,0.1863,heavy,Weekday,Morning Rush (7-10 AM),0.1375,66.67
1196,13,10:45:00 AM,10:45:00,10,Friday,0,0,Morning,178,68,28,4,278,308.0,1.83,0.1151,0.1564,heavy,Weekday,Morning Rush (7-10 AM),0.1151,64.03
1197,13,11:00:00 AM,11:00:00,11,Friday,0,0,Morning,169,70,20,3,262,273.0,1.63,0.0878,0.1176,heavy,Weekday,Off-Peak Hours,0.0878,64.5
1198,13,11:15:00 AM,11:15:00,11,Friday,0,0,Morning,133,56,25,2,216,242.0,1.44,0.125,0.1866,heavy,Weekday,Off-Peak Hours,0.125,61.57
1199,13,11:30:00 AM,11:30:00,11,Friday,0,0,Morning,151,52,13,0,216,216.0,1.29,0.0602,0.0855,heavy,Weekday,Off-Peak Hours,0.0602,69.91
1200,13,11:45:00 AM,11:45:00,11,Friday,0,0,Morning,179,46,27,3,255,292.0,1.74,0.1176,0.15,heavy,Weekday,Off-Peak Hours,0.1176,70.2
1201,13,12:00:00 PM,12:00:00,12,Friday,0,0,Afternoon,144,68,20,0,232,238.0,1.42,0.0862,0.1379,heavy,Weekday,Off-Peak Hours,0.0862,62.07
1202,13,12:15:00 PM,12:15:00,12,Friday,0,0,Afternoon,162,46,19,2,229,248.0,1.48,0.0917,0.1166,heavy,Weekday,Off-Peak Hours,0.0917,70.74
1203,13,12:30:00 PM,12:30:00,12,Friday,0,0,Afternoon,159,44,23,2,228,256.0,1.52,0.1096,0.1438,heavy,Weekday,Off-Peak Hours,0.1096,69.74
1204,13,12:45:00 PM,12:45:00,12,Friday,0,0,Afternoon,174,67,30,1,272,300.5,1.79,0.114,0.1714,heavy,Weekday,Off-Peak Hours,0.114,63.97
1205,13,1:00:00 PM,13:00:00,13,Friday,0,0,Afternoon,136,57,29,4,226,263.5,1.57,0.146,0.2117,heavy,Weekday,Off-Peak Hours,0.146,60.18
1206,13,1:15:00 PM,13:15:00,13,Friday,0,0,Afternoon,156,42,12,3,213,222.0,1.32,0.0704,0.0764,heavy,Weekday,Off-Peak Hours,0.0704,73.24
1207,13,1:30:00 PM,13:30:00,13,Friday,0,0,Afternoon,175,63,19,3,260,272.5,1.62,0.0846,0.108,heavy,Weekday,Off-Peak Hours,0.0846,67.31
1208,13,1:45:00 PM,13:45:00,13,Friday,0,0,Afternoon,172,62,20,2,256,269.0,1.6,0.0859,0.1156,heavy,Weekday,Off-Peak Hours,0.0859,67.19
1209,13,2:00:00 PM,14:00:00,14,Friday,0,0,Afternoon,171,49,15,0,235,240.5,1.43,0.0638,0.0872,heavy,Weekday,Off-Peak Hours,0.0638,72.77
1210,13,2:15:00 PM,14:15:00,14,Friday,0,0,Afternoon,172,65,18,2,257,264.5,1.57,0.0778,0.104,heavy,Weekday,Off-Peak Hours,0.0778,66.93
1211,13,2:30:00 PM,14:30:00,14,Friday,0,0,Afternoon,176,50,13,1,240,243.0,1.45,0.0583,0.0734,heavy,Weekday,Off-Peak Hours,0.0583,73.33
1212,13,2:45:00 PM,14:45:00,14,Friday,0,0,Afternoon,153,50,23,3,229,256.0,1.52,0.1135,0.1494,heavy,Weekday,Off-Peak Hours,0.1135,66.81
1213,13,3:00:00 PM,15:00:00,15,Friday,0,0,Afternoon,148,64,27,0,239,261.0,1.55,0.113,0.1812,heavy,Weekday,Off-Peak Hours,0.113,61.92
1214,13,3:15:00 PM,15:15:00,15,Friday,0,0,Afternoon,56,28,6,2,92,94.0,0.56,0.087,0.1053,low,Weekday,Off-Peak Hours,0.087,60.87
1215,13,3:30:00 PM,15:30:00,15,Friday,0,0,Afternoon,88,26,25,0,139,176.0,1.05,0.1799,0.2809,normal,Weekday,Off-Peak Hours,0.1799,63.31
1216,13,3:45:00 PM,15:45:00,15,Friday,0,0,Afternoon,82,23,14,0,119,135.5,0.81,0.1176,0.1687,normal,Weekday,Off-Peak Hours,0.1176,68.91
1217,13,4:00:00 PM,16:00:00,16,Friday,0,1,Afternoon,77,20,7,0,104,108.0,0.64,0.0673,0.0897,low,Weekday,Evening Rush (4-7 PM),0.0673,74.04
1218,13,4:15:00 PM,16:15:00,16,Friday,0,1,Afternoon,66,24,1,0,91,81.0,0.48,0.011,0.0149,low,Weekday,Evening Rush (4-7 PM),0.011,72.53
1219,13,4:30:00 PM,16:30:00,16,Friday,0,1,Afternoon,72,22,8,2,104,113.0,0.67,0.0962,0.1096,low,Weekday,Evening Rush (4-7 PM),0.0962,69.23
1220,13,4:45:00 PM,16:45:00,16,Friday,0,1,Afternoon,62,28,21,2,113,145.0,0.86,0.2035,0.3333,normal,Weekday,Evening Rush (4-7 PM),0.2035,54.87
1221,13,5:00:00 PM,17:00:00,17,Friday,0,1,Evening,66,26,4,1,97,94.0,0.56,0.0515,0.0597,low,Weekday,Evening Rush (4-7 PM),0.0515,68.04
1222,13,5:15:00 PM,17:15:00,17,Friday,0,1,Evening,85,20,4,0,109,107.0,0.64,0.0367,0.0465,low,Weekday,Evening Rush (4-7 PM),0.0367,77.98
1223,13,5:30:00 PM,17:30:00,17,Friday,0,1,Evening,87,24,11,2,124,138.0,0.82,0.1048,0.125,normal,Weekday,Evening Rush (4-7 PM),0.1048,70.16
1224,13,5:45:00 PM,17:45:00,17,Friday,0,1,Evening,67,28,25,0,120,156.0,0.93,0.2083,0.3676,normal,Weekday,Evening Rush (4-7 PM),0.2083,55.83
1225,13,6:00:00 PM,18:00:00,18,Friday,0,1,Evening,70,26,16,2,114,137.0,0.82,0.1579,0.2254,normal,Weekday,Evening Rush (4-7 PM),0.1579,61.4
1226,13,6:15:00 PM,18:15:00,18,Friday,0,1,Evening,62,20,20,1,103,135.0,0.8,0.2039,0.3175,normal,Weekday,Evening Rush (4-7 PM),0.2039,60.19
1227,13,6:30:00 PM,18:30:00,18,Friday,0,1,Evening,67,29,1,0,97,84.5,0.5,0.0103,0.0147,low,Weekday,Evening Rush (4-7 PM),0.0103,69.07
1228,13,6:45:00 PM,18:45:00,18,Friday,0,1,Evening,65,25,1,1,92,83.5,0.5,0.0217,0.0152,low,Weekday,Evening Rush (4-7 PM),0.0217,70.65
1229,13,7:00:00 PM,19:00:00,19,Friday,0,0,Evening,76,24,23,0,123,157.0,0.93,0.187,0.2987,normal,Weekday,Evening Rush (4-7 PM),0.187,61.79
1230,13,7:15:00 PM,19:15:00,19,Friday,0,0,Evening,42,1,5,11,59,90.5,0.54,0.2712,0.1163,low,Weekday,Evening Rush (4-7 PM),0.2712,71.19
1231,13,7:30:00 PM,19:30:00,19,Friday,0,0,Evening,42,10,3,1,56,59.0,0.35,0.0714,0.0698,low,Weekday,Evening Rush (4-7 PM),0.0714,75.0
1232,13,7:45:00 PM,19:45:00,19,Friday,0,0,Evening,31,11,1,12,55,75.5,0.45,0.2364,0.0312,low,Weekday,Evening Rush (4-7 PM),0.2364,56.36
1233,13,8:00:00 PM,20:00:00,20,Friday,0,0,Evening,47,7,3,6,63,77.5,0.46,0.1429,0.0625,low,Weekday,Night Freight (8-11 PM),0.1429,74.6
1234,13,8:15:00 PM,20:15:00,20,Friday,0,0,Evening,28,7,2,4,41,49.5,0.29,0.1463,0.069,low,Weekday,Night Freight (8-11 PM),0.1463,68.29
1235,13,8:30:00 PM,20:30:00,20,Friday,0,0,Evening,22,3,6,1,32,44.5,0.26,0.2188,0.2609,low,Weekday,Night Freight (8-11 PM),0.2187,68.75
1236,13,8:45:00 PM,20:45:00,20,Friday,0,0,Evening,29,1,7,5,42,65.5,0.39,0.2857,0.2333,low,Weekday,Night Freight (8-11 PM),0.2857,69.05
1237,13,9:00:00 PM,21:00:00,21,Friday,0,0,Evening,43,9,1,11,64,83.5,0.5,0.1875,0.0227,low,Weekday,Night Freight (8-11 PM),0.1875,67.19
1238,13,9:15:00 PM,21:15:00,21,Friday,0,0,Evening,23,3,3,8,37,57.5,0.34,0.2973,0.125,low,Weekday,Night Freight (8-11 PM),0.2973,62.16
1239,13,9:30:00 PM,21:30:00,21,Friday,0,0,Evening,21,2,5,15,43,82.0,0.49,0.4651,0.2273,normal,Weekday,Night Freight (8-11 PM),0.4651,48.84
1240,13,9:45:00 PM,21:45:00,21,Friday,0,0,Evening,31,2,1,9,43,62.0,0.37,0.2326,0.0312,low,Weekday,Night Freight (8-11 PM),0.2326,72.09
1241,13,10:00:00 PM,22:00:00,22,Friday,0,0,Night,15,5,0,18,38,71.5,0.43,0.4737,0.0,normal,Weekday,Night Freight (8-11 PM),0.4737,39.47
1242,13,10:15:00 PM,22:15:00,22,Friday,0,0,Night,11,2,0,15,28,57.0,0.34,0.5357,0.0,normal,Weekday,Night Freight (8-11 PM),0.5357,39.29
1243,13,10:30:00 PM,22:30:00,22,Friday,0,0,Night,12,0,1,17,30,66.0,0.39,0.6,0.0769,normal,Weekday,Night Freight (8-11 PM),0.6,40.0
1244,13,10:45:00 PM,22:45:00,22,Friday,0,0,Night,18,3,0,18,39,73.5,0.44,0.4615,0.0,normal,Weekday,Night Freight (8-11 PM),0.4615,46.15
1245,13,11:00:00 PM,23:00:00,23,Friday,0,0,Night,19,1,0,31,51,112.5,0.67,0.6078,0.0,normal,Weekday,Night Freight (8-11 PM),0.6078,37.25
1246,13,11:15:00 PM,23:15:00,23,Friday,0,0,Night,17,0,0,22,39,83.0,0.49,0.5641,0.0,normal,Weekday,Night Freight (8-11 PM),0.5641,43.59
1247,13,11:30:00 PM,23:30:00,23,Friday,0,0,Night,15,5,0,14,34,59.5,0.35,0.4118,0.0,normal,Weekday,Night Freight (8-11 PM),0.4118,44.12
1248,13,11:45:00 PM,23:45:00,23,Friday,0,0,Night,15,1,1,24,41,90.5,0.54,0.6098,0.0625,normal,Weekday,Night Freight (8-11 PM),0.6098,36.59
1249,14,12:00:00 AM,00:00:00,0,Saturday,1,0,Night,18,4,0,33,55,119.0,0.71,0.6,0.0,normal,Weekend,Off-Peak Hours,0.6,32.73
1250,14,12:15:00 AM,00:15:00,0,Saturday,1,0,Night,14,4,0,34,52,118.0,0.7,0.6538,0.0,normal,Weekend,Off-Peak Hours,0.6538,26.92
1251,14,12:30:00 AM,00:30:00,0,Saturday,1,0,Night,14,0,1,19,34,74.0,0.44,0.5882,0.0667,normal,Weekend,Off-Peak Hours,0.5882,41.18
1252,14,12:45:00 AM,00:45:00,0,Saturday,1,0,Night,19,3,0,36,58,128.5,0.77,0.6207,0.0,normal,Weekend,Off-Peak Hours,0.6207,32.76
1253,14,1:00:00 AM,01:00:00,1,Saturday,1,0,Night,10,4,1,21,36,78.0,0.46,0.6111,0.0909,normal,Weekend,Off-Peak Hours,0.6111,27.78
1254,14,1:15:00 AM,01:15:00,1,Saturday,1,0,Night,19,1,0,19,39,76.5,0.46,0.4872,0.0,normal,Weekend,Off-Peak Hours,0.4872,48.72
1255,14,1:30:00 AM,01:30:00,1,Saturday,1,0,Night,18,5,0,26,49,98.5,0.59,0.5306,0.0,normal,Weekend,Off-Peak Hours,0.5306,36.73
1256,14,1:45:00 AM,01:45:00,1,Saturday,1,0,Night,17,1,1,25,44,95.5,0.57,0.5909,0.0556,normal,Weekend,Off-Peak Hours,0.5909,38.64
1257,14,2:00:00 AM,02:00:00,2,Saturday,1,0,Night,20,2,0,12,34,57.0,0.34,0.3529,0.0,low,Weekend,Off-Peak Hours,0.3529,58.82
1258,14,2:15:00 AM,02:15:00,2,Saturday,1,0,Night,15,5,0,15,35,62.5,0.37,0.4286,0.0,normal,Weekend,Off-Peak Hours,0.4286,42.86
1259,14,2:30:00 AM,02:30:00,2,Saturday,1,0,Night,11,4,0,14,29,55.0,0.33,0.4828,0.0,normal,Weekend,Off-Peak Hours,0.4828,37.93
1260,14,2:45:00 AM,02:45:00,2,Saturday,1,0,Night,14,3,1,18,36,72.5,0.43,0.5278,0.0667,normal,Weekend,Off-Peak Hours,0.5278,38.89
1261,14,3:00:00 AM,03:00:00,3,Saturday,1,0,Night,13,2,0,39,54,131.0,0.78,0.7222,0.0,normal,Weekend,Off-Peak Hours,0.7222,24.07
1262,14,3:15:00 AM,03:15:00,3,Saturday,1,0,Night,17,5,0,29,51,106.5,0.63,0.5686,0.0,normal,Weekend,Off-Peak Hours,0.5686,33.33
1263,14,3:30:00 AM,03:30:00,3,Saturday,1,0,Night,13,5,0,31,49,108.5,0.65,0.6327,0.0,normal,Weekend,Off-Peak Hours,0.6327,26.53
1264,14,3:45:00 AM,03:45:00,3,Saturday,1,0,Night,18,5,0,35,58,125.5,0.75,0.6034,0.0,normal,Weekend,Off-Peak Hours,0.6034,31.03
1265,14,4:00:00 AM,04:00:00,4,Saturday,1,0,Night,15,4,0,16,35,65.0,0.39,0.4571,0.0,normal,Weekend,Off-Peak Hours,0.4571,42.86
1266,14,4:15:00 AM,04:15:00,4,Saturday,1,0,Night,55,15,5,3,78,86.5,0.51,0.1026,0.0893,low,Weekend,Off-Peak Hours,0.1026,70.51
1267,14,4:30:00 AM,04:30:00,4,Saturday,1,0,Night,76,10,7,9,102,129.0,0.77,0.1569,0.0909,low,Weekend,Off-Peak Hours,0.1569,74.51
1268,14,4:45:00 AM,04:45:00,4,Saturday,1,0,Night,98,0,9,19,126,182.0,1.08,0.2222,0.0909,normal,Weekend,Off-Peak Hours,0.2222,77.78
1269,14,5:00:00 AM,05:00:00,5,Saturday,1,0,Morning,98,12,6,6,122,140.0,0.83,0.0984,0.0606,normal,Weekend,Off-Peak Hours,0.0984,80.33
1270,14,5:15:00 AM,05:15:00,5,Saturday,1,0,Morning,103,2,10,20,135,194.0,1.15,0.2222,0.0962,normal,Weekend,Off-Peak Hours,0.2222,76.3
1271,14,5:30:00 AM,05:30:00,5,Saturday,1,0,Morning,93,17,8,12,130,161.5,0.96,0.1538,0.0851,normal,Weekend,Off-Peak Hours,0.1538,71.54
1272,14,5:45:00 AM,05:45:00,5,Saturday,1,0,Morning,115,27,9,16,167,203.5,1.21,0.1497,0.0776,normal,Weekend,Off-Peak Hours,0.1497,68.86
1273,14,6:00:00 AM,06:00:00,6,Saturday,1,1,Morning,120,12,22,3,157,201.0,1.2,0.1592,0.1818,normal,Weekend,Off-Peak Hours,0.1592,76.43
1274,14,6:15:00 AM,06:15:00,6,Saturday,1,1,Morning,142,18,27,0,187,232.0,1.38,0.1444,0.1888,heavy,Weekend,Off-Peak Hours,0.1444,75.94
1275,14,6:30:00 AM,06:30:00,6,Saturday,1,1,Morning,117,29,49,2,197,284.5,1.69,0.2589,0.4153,heavy,Weekend,Off-Peak Hours,0.2589,59.39
1276,14,6:45:00 AM,06:45:00,6,Saturday,1,1,Morning,126,36,24,0,186,216.0,1.29,0.129,0.189,heavy,Weekend,Off-Peak Hours,0.129,67.74
1277,14,7:00:00 AM,07:00:00,7,Saturday,1,1,Morning,110,39,38,5,192,258.5,1.54,0.224,0.3423,heavy,Weekend,Morning Rush (7-10 AM),0.224,57.29
1278,14,7:15:00 AM,07:15:00,7,Saturday,1,1,Morning,149,20,39,5,213,291.0,1.73,0.2066,0.26,heavy,Weekend,Morning Rush (7-10 AM),0.2066,69.95
1279,14,7:30:00 AM,07:30:00,7,Saturday,1,1,Morning,109,29,23,5,166,207.5,1.24,0.1687,0.2091,normal,Weekend,Morning Rush (7-10 AM),0.1687,65.66
1280,14,7:45:00 AM,07:45:00,7,Saturday,1,1,Morning,124,34,24,4,186,225.0,1.34,0.1505,0.192,heavy,Weekend,Morning Rush (7-10 AM),0.1505,66.67
1281,14,8:00:00 AM,08:00:00,8,Saturday,1,1,Morning,149,35,32,1,217,265.5,1.58,0.1521,0.2133,heavy,Weekend,Morning Rush (7-10 AM),0.1521,68.66
1282,14,8:15:00 AM,08:15:00,8,Saturday,1,1,Morning,125,32,38,4,199,267.0,1.59,0.2111,0.3016,heavy,Weekend,Morning Rush (7-10 AM),0.2111,62.81
1283,14,8:30:00 AM,08:30:00,8,Saturday,1,1,Morning,101,23,38,1,163,229.5,1.37,0.2393,0.3725,high,Weekend,Morning Rush (7-10 AM),0.2393,61.96
1284,14,8:45:00 AM,08:45:00,8,Saturday,1,1,Morning,137,36,30,0,203,245.0,1.46,0.1478,0.2174,heavy,Weekend,Morning Rush (7-10 AM),0.1478,67.49
1285,14,9:00:00 AM,09:00:00,9,Saturday,1,0,Morning,139,15,21,3,178,218.5,1.3,0.1348,0.15,heavy,Weekend,Morning Rush (7-10 AM),0.1348,78.09
1286,14,9:15:00 AM,09:15:00,9,Saturday,1,0,Morning,19,3,29,9,60,134.5,0.8,0.6333,1.45,normal,Weekend,Morning Rush (7-10 AM),0.6333,31.67
1287,14,9:30:00 AM,09:30:00,9,Saturday,1,0,Morning,13,11,39,7,70,156.5,0.93,0.6571,2.7857,normal,Weekend,Morning Rush (7-10 AM),0.6571,18.57
1288,14,9:45:00 AM,09:45:00,9,Saturday,1,0,Morning,31,2,29,27,89,200.0,1.19,0.6292,0.9062,normal,Weekend,Morning Rush (7-10 AM),0.6292,34.83
1289,14,10:00:00 AM,10:00:00,10,Saturday,1,0,Morning,18,24,21,22,85,159.0,0.95,0.5059,1.1053,normal,Weekend,Morning Rush (7-10 AM),0.5059,21.18
1290,14,10:15:00 AM,10:15:00,10,Saturday,1,0,Morning,26,12,14,13,65,113.0,0.67,0.4154,0.5185,normal,Weekend,Morning Rush (7-10 AM),0.4154,40.0
1291,14,10:30:00 AM,10:30:00,10,Saturday,1,0,Morning,31,15,13,28,87,161.5,0.96,0.4713,0.4062,normal,Weekend,Morning Rush (7-10 AM),0.4713,35.63
1292,14,10:45:00 AM,10:45:00,10,Saturday,1,0,Morning,12,22,8,11,53,80.0,0.48,0.3585,0.6154,low,Weekend,Morning Rush (7-10 AM),0.3585,22.64
1293,14,11:00:00 AM,11:00:00,11,Saturday,1,0,Morning,54,5,13,23,95,164.5,0.98,0.3789,0.2364,normal,Weekend,Off-Peak Hours,0.3789,56.84
1294,14,11:15:00 AM,11:15:00,11,Saturday,1,0,Morning,59,7,13,21,100,164.5,0.98,0.34,0.2167,normal,Weekend,Off-Peak Hours,0.34,59.0
1295,14,11:30:00 AM,11:30:00,11,Saturday,1,0,Morning,58,8,6,23,95,149.0,0.89,0.3053,0.1017,normal,Weekend,Off-Peak Hours,0.3053,61.05
1296,14,11:45:00 AM,11:45:00,11,Saturday,1,0,Morning,53,8,9,25,95,159.0,0.95,0.3579,0.1667,normal,Weekend,Off-Peak Hours,0.3579,55.79
1297,14,12:00:00 PM,12:00:00,12,Saturday,1,0,Afternoon,54,7,7,20,88,138.5,0.82,0.3068,0.1273,normal,Weekend,Off-Peak Hours,0.3068,61.36
1298,14,12:15:00 PM,12:15:00,12,Saturday,1,0,Afternoon,39,10,4,29,82,143.0,0.85,0.4024,0.1,normal,Weekend,Off-Peak Hours,0.4024,47.56
1299,14,12:30:00 PM,12:30:00,12,Saturday,1,0,Afternoon,38,9,8,22,77,132.5,0.79,0.3896,0.2051,normal,Weekend,Off-Peak Hours,0.3896,49.35
1300,14,12:45:00 PM,12:45:00,12,Saturday,1,0,Afternoon,36,5,10,23,74,137.5,0.82,0.4459,0.2703,normal,Weekend,Off-Peak Hours,0.4459,48.65
1301,14,1:00:00 PM,13:00:00,13,Saturday,1,0,Afternoon,68,6,12,24,110,179.0,1.07,0.3273,0.1739,normal,Weekend,Off-Peak Hours,0.3273,61.82
1302,14,1:15:00 PM,13:15:00,13,Saturday,1,0,Afternoon,50,18,26,14,108,179.0,1.07,0.3704,0.5098,normal,Weekend,Off-Peak Hours,0.3704,46.3
1303,14,1:30:00 PM,13:30:00,13,Saturday,1,0,Afternoon,120,28,22,20,190,260.0,1.55,0.2211,0.1818,heavy,Weekend,Off-Peak Hours,0.2211,63.16
1304,14,1:45:00 PM,13:45:00,13,Saturday,1,0,Afternoon,60,14,28,9,111,178.0,1.06,0.3333,0.459,normal,Weekend,Off-Peak Hours,0.3333,54.05
1305,14,2:00:00 PM,14:00:00,14,Saturday,1,0,Afternoon,105,14,8,19,146,193.0,1.15,0.1849,0.0755,normal,Weekend,Off-Peak Hours,0.1849,71.92
1306,14,2:15:00 PM,14:15:00,14,Saturday,1,0,Afternoon,89,27,18,8,142,180.5,1.07,0.1831,0.2,normal,Weekend,Off-Peak Hours,0.1831,62.68
1307,14,2:30:00 PM,14:30:00,14,Saturday,1,0,Afternoon,28,17,31,10,86,159.5,0.95,0.4767,1.069,normal,Weekend,Off-Peak Hours,0.4767,32.56
1308,14,2:45:00 PM,14:45:00,14,Saturday,1,0,Afternoon,79,14,23,6,122,173.0,1.03,0.2377,0.2875,normal,Weekend,Off-Peak Hours,0.2377,64.75
1309,14,3:00:00 PM,15:00:00,15,Saturday,1,0,Afternoon,15,11,30,14,70,152.5,0.91,0.6286,1.875,normal,Weekend,Off-Peak Hours,0.6286,21.43
1310,14,3:15:00 PM,15:15:00,15,Saturday,1,0,Afternoon,77,27,23,18,145,213.5,1.27,0.2828,0.2949,normal,Weekend,Off-Peak Hours,0.2828,53.1
1311,14,3:30:00 PM,15:30:00,15,Saturday,1,0,Afternoon,19,14,24,6,63,116.0,0.69,0.4762,1.2,normal,Weekend,Off-Peak Hours,0.4762,30.16
1312,14,3:45:00 PM,15:45:00,15,Saturday,1,0,Afternoon,79,13,28,7,127,190.5,1.13,0.2756,0.35,high,Weekend,Off-Peak Hours,0.2756,62.2
1313,14,4:00:00 PM,16:00:00,16,Saturday,1,1,Afternoon,114,10,22,9,155,212.0,1.26,0.2,0.1913,normal,Weekend,Evening Rush (4-7 PM),0.2,73.55
1314,14,4:15:00 PM,16:15:00,16,Saturday,1,1,Afternoon,150,30,22,5,207,246.0,1.46,0.1304,0.1457,heavy,Weekend,Evening Rush (4-7 PM),0.1304,72.46
1315,14,4:30:00 PM,16:30:00,16,Saturday,1,1,Afternoon,142,23,25,7,197,249.5,1.49,0.1624,0.1748,heavy,Weekend,Evening Rush (4-7 PM),0.1624,72.08
1316,14,4:45:00 PM,16:45:00,16,Saturday,1,1,Afternoon,111,36,25,6,178,222.0,1.32,0.1742,0.2232,heavy,Weekend,Evening Rush (4-7 PM),0.1742,62.36
1317,14,5:00:00 PM,17:00:00,17,Saturday,1,1,Evening,143,37,38,8,226,299.5,1.78,0.2035,0.2639,heavy,Weekend,Evening Rush (4-7 PM),0.2035,63.27
1318,14,5:15:00 PM,17:15:00,17,Saturday,1,1,Evening,120,37,43,10,210,297.5,1.77,0.2524,0.3554,heavy,Weekend,Evening Rush (4-7 PM),0.2524,57.14
1319,14,5:30:00 PM,17:30:00,17,Saturday,1,1,Evening,147,20,49,7,223,325.0,1.93,0.2511,0.3311,normal,Weekend,Evening Rush (4-7 PM),0.2511,65.92
1320,14,5:45:00 PM,17:45:00,17,Saturday,1,1,Evening,140,22,27,5,194,247.0,1.47,0.1649,0.1915,heavy,Weekend,Evening Rush (4-7 PM),0.1649,72.16
1321,14,6:00:00 PM,18:00:00,18,Saturday,1,1,Evening,128,37,20,9,194,233.5,1.39,0.1495,0.155,heavy,Weekend,Evening Rush (4-7 PM),0.1495,65.98
1322,14,6:15:00 PM,18:15:00,18,Saturday,1,1,Evening,114,23,42,10,189,281.5,1.68,0.2751,0.3652,heavy,Weekend,Evening Rush (4-7 PM),0.2751,60.32
1323,14,6:30:00 PM,18:30:00,18,Saturday,1,1,Evening,117,20,22,9,168,220.0,1.31,0.1845,0.1864,heavy,Weekend,Evening Rush (4-7 PM),0.1845,69.64
1324,14,6:45:00 PM,18:45:00,18,Saturday,1,1,Evening,93,24,17,23,157,225.0,1.34,0.2548,0.1809,high,Weekend,Evening Rush (4-7 PM),0.2548,59.24
1325,14,7:00:00 PM,19:00:00,19,Saturday,1,0,Evening,65,15,15,8,103,141.5,0.84,0.2233,0.2273,low,Weekend,Evening Rush (4-7 PM),0.2233,63.11
1326,14,7:15:00 PM,19:15:00,19,Saturday,1,0,Evening,100,22,14,8,144,177.0,1.05,0.1528,0.1386,normal,Weekend,Evening Rush (4-7 PM),0.1528,69.44
1327,14,7:30:00 PM,19:30:00,19,Saturday,1,0,Evening,85,12,11,18,126,178.0,1.06,0.2302,0.1279,normal,Weekend,Evening Rush (4-7 PM),0.2302,67.46
1328,14,7:45:00 PM,19:45:00,19,Saturday,1,0,Evening,56,7,12,12,87,131.5,0.78,0.2759,0.2105,low,Weekend,Evening Rush (4-7 PM),0.2759,64.37
1329,14,8:00:00 PM,20:00:00,20,Saturday,1,0,Evening,50,12,15,18,95,155.0,0.92,0.3474,0.2941,normal,Weekend,Night Freight (8-11 PM),0.3474,52.63
1330,14,8:15:00 PM,20:15:00,20,Saturday,1,0,Evening,74,9,11,12,106,147.5,0.88,0.217,0.1467,low,Weekend,Night Freight (8-11 PM),0.217,69.81
1331,14,8:30:00 PM,20:30:00,20,Saturday,1,0,Evening,73,15,18,7,113,155.5,0.93,0.2212,0.2432,normal,Weekend,Night Freight (8-11 PM),0.2212,64.6
1332,14,8:45:00 PM,20:45:00,20,Saturday,1,0,Evening,99,13,20,30,162,255.5,1.52,0.3086,0.2,high,Weekend,Night Freight (8-11 PM),0.3086,61.11
1333,14,9:00:00 PM,21:00:00,21,Saturday,1,0,Evening,110,14,17,8,149,192.0,1.14,0.1678,0.1532,normal,Weekend,Night Freight (8-11 PM),0.1678,73.83
1334,14,9:15:00 PM,21:15:00,21,Saturday,1,0,Evening,82,5,12,34,133,222.5,1.32,0.3459,0.1446,high,Weekend,Night Freight (8-11 PM),0.3459,61.65
1335,14,9:30:00 PM,21:30:00,21,Saturday,1,0,Evening,58,19,12,17,106,154.5,0.92,0.2736,0.2034,normal,Weekend,Night Freight (8-11 PM),0.2736,54.72
1336,14,9:45:00 PM,21:45:00,21,Saturday,1,0,Evening,70,10,14,32,126,213.0,1.27,0.3651,0.1972,high,Weekend,Night Freight (8-11 PM),0.3651,55.56
1337,14,10:00:00 PM,22:00:00,22,Saturday,1,0,Night,10,1,0,33,44,109.5,0.65,0.75,0.0,normal,Weekend,Night Freight (8-11 PM),0.75,22.73
1338,14,10:15:00 PM,22:15:00,22,Saturday,1,0,Night,14,1,1,40,56,137.5,0.82,0.7321,0.0667,normal,Weekend,Night Freight (8-11 PM),0.7321,25.0
1339,14,10:30:00 PM,22:30:00,22,Saturday,1,0,Night,17,1,1,17,36,71.5,0.43,0.5,0.0556,normal,Weekend,Night Freight (8-11 PM),0.5,47.22
1340,14,10:45:00 PM,22:45:00,22,Saturday,1,0,Night,12,4,1,22,39,83.0,0.49,0.5897,0.0769,normal,Weekend,Night Freight (8-11 PM),0.5897,30.77
1341,14,11:00:00 PM,23:00:00,23,Saturday,1,0,Night,15,0,0,16,31,63.0,0.38,0.5161,0.0,normal,Weekend,Night Freight (8-11 PM),0.5161,48.39
1342,14,11:15:00 PM,23:15:00,23,Saturday,1,0,Night,13,4,0,25,42,90.0,0.54,0.5952,0.0,normal,Weekend,Night Freight (8-11 PM),0.5952,30.95
1343,14,11:30:00 PM,23:30:00,23,Saturday,1,0,Night,14,5,1,12,32,55.5,0.33,0.4062,0.0667,low,Weekend,Night Freight (8-11 PM),0.4062,43.75
1344,14,11:45:00 PM,23:45:00,23,Saturday,1,0,Night,18,1,1,35,55,126.5,0.75,0.6545,0.0526,normal,Weekend,Night Freight (8-11 PM),0.6545,32.73
1345,15,12:00:00 AM,00:00:00,0,Sunday,1,0,Night,18,5,1,19,43,80.5,0.48,0.4651,0.0526,normal,Weekend,Off-Peak Hours,0.4651,41.86
1346,15,12:15:00 AM,00:15:00,0,Sunday,1,0,Night,19,3,0,38,60,134.5,0.8,0.6333,0.0,normal,Weekend,Off-Peak Hours,0.6333,31.67
1347,15,12:30:00 AM,00:30:00,0,Sunday,1,0,Night,13,0,1,12,26,52.0,0.31,0.5,0.0714,low,Weekend,Off-Peak Hours,0.5,50.0
1348,15,12:45:00 AM,00:45:00,0,Sunday,1,0,Night,20,0,1,38,59,137.0,0.82,0.661,0.0476,normal,Weekend,Off-Peak Hours,0.661,33.9
1349,15,1:00:00 AM,01:00:00,1,Sunday,1,0,Night,20,1,1,24,46,95.5,0.57,0.5435,0.0476,normal,Weekend,Off-Peak Hours,0.5435,43.48
1350,15,1:15:00 AM,01:15:00,1,Sunday,1,0,Night,17,3,1,17,38,72.5,0.43,0.4737,0.0556,normal,Weekend,Off-Peak Hours,0.4737,44.74
1351,15,1:30:00 AM,01:30:00,1,Sunday,1,0,Night,12,3,1,35,51,121.5,0.72,0.7059,0.0769,normal,Weekend,Off-Peak Hours,0.7059,23.53
1352,15,1:45:00 AM,01:45:00,1,Sunday,1,0,Night,19,0,1,30,50,112.0,0.67,0.62,0.05,normal,Weekend,Off-Peak Hours,0.62,38.0
1353,15,2:00:00 AM,02:00:00,2,Sunday,1,0,Night,19,2,1,30,52,113.0,0.67,0.5962,0.05,normal,Weekend,Off-Peak Hours,0.5962,36.54
1354,15,2:15:00 AM,02:15:00,2,Sunday,1,0,Night,18,1,0,16,35,66.5,0.4,0.4571,0.0,normal,Weekend,Off-Peak Hours,0.4571,51.43
1355,15,2:30:00 AM,02:30:00,2,Sunday,1,0,Night,11,0,0,31,42,104.0,0.62,0.7381,0.0,normal,Weekend,Off-Peak Hours,0.7381,26.19
1356,15,2:45:00 AM,02:45:00,2,Sunday,1,0,Night,10,1,1,12,24,49.5,0.29,0.5417,0.0909,low,Weekend,Off-Peak Hours,0.5417,41.67
1357,15,3:00:00 AM,03:00:00,3,Sunday,1,0,Night,16,1,0,24,41,88.5,0.53,0.5854,0.0,normal,Weekend,Off-Peak Hours,0.5854,39.02
1358,15,3:15:00 AM,03:15:00,3,Sunday,1,0,Night,18,3,0,28,49,103.5,0.62,0.5714,0.0,normal,Weekend,Off-Peak Hours,0.5714,36.73
1359,15,3:30:00 AM,03:30:00,3,Sunday,1,0,Night,20,1,1,39,61,140.5,0.84,0.6557,0.0476,normal,Weekend,Off-Peak Hours,0.6557,32.79
1360,15,3:45:00 AM,03:45:00,3,Sunday,1,0,Night,19,3,1,27,50,104.5,0.62,0.56,0.05,normal,Weekend,Off-Peak Hours,0.56,38.0
1361,15,4:00:00 AM,04:00:00,4,Sunday,1,0,Night,14,1,1,34,50,119.5,0.71,0.7,0.0667,normal,Weekend,Off-Peak Hours,0.7,28.0
1362,15,4:15:00 AM,04:15:00,4,Sunday,1,0,Night,61,26,1,16,104,125.0,0.74,0.1635,0.0161,normal,Weekend,Off-Peak Hours,0.1635,58.65
1363,15,4:30:00 AM,04:30:00,4,Sunday,1,0,Night,72,26,6,4,108,115.0,0.68,0.0926,0.0822,low,Weekend,Off-Peak Hours,0.0926,66.67
1364,15,4:45:00 AM,04:45:00,4,Sunday,1,0,Night,86,24,3,18,131,161.0,0.96,0.1603,0.0345,normal,Weekend,Off-Peak Hours,0.1603,65.65
1365,15,5:00:00 AM,05:00:00,5,Sunday,1,0,Morning,75,1,8,10,94,129.5,0.77,0.1915,0.1053,low,Weekend,Off-Peak Hours,0.1915,79.79
1366,15,5:15:00 AM,05:15:00,5,Sunday,1,0,Morning,75,1,7,9,92,123.5,0.74,0.1739,0.0921,low,Weekend,Off-Peak Hours,0.1739,81.52
1367,15,5:30:00 AM,05:30:00,5,Sunday,1,0,Morning,93,5,4,1,103,110.5,0.66,0.0485,0.0426,low,Weekend,Off-Peak Hours,0.0485,90.29
1368,15,5:45:00 AM,05:45:00,5,Sunday,1,0,Morning,111,6,2,5,124,135.0,0.8,0.0565,0.0179,normal,Weekend,Off-Peak Hours,0.0565,89.52
1369,15,6:00:00 AM,06:00:00,6,Sunday,1,1,Morning,111,18,41,2,172,249.0,1.48,0.25,0.3661,heavy,Weekend,Off-Peak Hours,0.25,64.53
1370,15,6:15:00 AM,06:15:00,6,Sunday,1,1,Morning,114,27,46,0,187,265.5,1.58,0.246,0.4,heavy,Weekend,Off-Peak Hours,0.246,60.96
1371,15,6:30:00 AM,06:30:00,6,Sunday,1,1,Morning,139,19,50,2,210,304.5,1.81,0.2476,0.3571,heavy,Weekend,Off-Peak Hours,0.2476,66.19
1372,15,6:45:00 AM,06:45:00,6,Sunday,1,1,Morning,109,14,38,1,162,233.0,1.39,0.2407,0.3455,high,Weekend,Off-Peak Hours,0.2407,67.28
1373,15,7:00:00 AM,07:00:00,7,Sunday,1,1,Morning,105,16,22,3,146,188.0,1.12,0.1712,0.2075,normal,Weekend,Morning Rush (7-10 AM),0.1712,71.92
1374,15,7:15:00 AM,07:15:00,7,Sunday,1,1,Morning,150,13,31,4,198,261.5,1.56,0.1768,0.2053,heavy,Weekend,Morning Rush (7-10 AM),0.1768,75.76
1375,15,7:30:00 AM,07:30:00,7,Sunday,1,1,Morning,122,13,47,3,185,278.5,1.66,0.2703,0.3821,heavy,Weekend,Morning Rush (7-10 AM),0.2703,65.95
1376,15,7:45:00 AM,07:45:00,7,Sunday,1,1,Morning,114,24,46,2,186,270.0,1.61,0.2581,0.4,heavy,Weekend,Morning Rush (7-10 AM),0.2581,61.29
1377,15,8:00:00 AM,08:00:00,8,Sunday,1,1,Morning,119,36,41,0,196,260.0,1.55,0.2092,0.3417,heavy,Weekend,Morning Rush (7-10 AM),0.2092,60.71
1378,15,8:15:00 AM,08:15:00,8,Sunday,1,1,Morning,108,35,39,0,182,242.5,1.44,0.2143,0.3578,heavy,Weekend,Morning Rush (7-10 AM),0.2143,59.34
1379,15,8:30:00 AM,08:30:00,8,Sunday,1,1,Morning,113,18,28,1,160,209.0,1.24,0.1812,0.2456,high,Weekend,Morning Rush (7-10 AM),0.1812,70.62
1380,15,8:45:00 AM,08:45:00,8,Sunday,1,1,Morning,118,36,37,0,191,247.0,1.47,0.1937,0.3109,heavy,Weekend,Morning Rush (7-10 AM),0.1937,61.78
1381,15,9:00:00 AM,09:00:00,9,Sunday,1,0,Morning,113,35,48,3,199,283.5,1.69,0.2563,0.4211,heavy,Weekend,Morning Rush (7-10 AM),0.2563,56.78
1382,15,9:15:00 AM,09:15:00,9,Sunday,1,0,Morning,66,7,22,30,125,225.5,1.34,0.416,0.3284,high,Weekend,Morning Rush (7-10 AM),0.416,52.8
1383,15,9:30:00 AM,09:30:00,9,Sunday,1,0,Morning,64,12,27,8,111,175.0,1.04,0.3153,0.4154,normal,Weekend,Morning Rush (7-10 AM),0.3153,57.66
1384,15,9:45:00 AM,09:45:00,9,Sunday,1,0,Morning,37,5,13,11,66,111.5,0.66,0.3636,0.3421,low,Weekend,Morning Rush (7-10 AM),0.3636,56.06
1385,15,10:00:00 AM,10:00:00,10,Sunday,1,0,Morning,82,17,31,20,150,243.5,1.45,0.34,0.3735,high,Weekend,Morning Rush (7-10 AM),0.34,54.67
1386,15,10:15:00 AM,10:15:00,10,Sunday,1,0,Morning,63,5,23,12,103,170.5,1.02,0.3398,0.3594,normal,Weekend,Morning Rush (7-10 AM),0.3398,61.17
1387,15,10:30:00 AM,10:30:00,10,Sunday,1,0,Morning,20,12,16,24,72,146.0,0.87,0.5556,0.7619,normal,Weekend,Morning Rush (7-10 AM),0.5556,27.78
1388,15,10:45:00 AM,10:45:00,10,Sunday,1,0,Morning,46,5,34,9,94,177.5,1.06,0.4574,0.7234,normal,Weekend,Morning Rush (7-10 AM),0.4574,48.94
1389,15,11:00:00 AM,11:00:00,11,Sunday,1,0,Morning,35,9,8,29,81,150.5,0.9,0.4568,0.2222,normal,Weekend,Off-Peak Hours,0.4568,43.21
1390,15,11:15:00 AM,11:15:00,11,Sunday,1,0,Morning,33,9,11,21,74,133.5,0.79,0.4324,0.3235,normal,Weekend,Off-Peak Hours,0.4324,44.59
1391,15,11:30:00 AM,11:30:00,11,Sunday,1,0,Morning,32,9,10,30,81,156.5,0.93,0.4938,0.303,normal,Weekend,Off-Peak Hours,0.4938,39.51
1392,15,11:45:00 AM,11:45:00,11,Sunday,1,0,Morning,62,10,6,22,100,151.0,0.9,0.28,0.0952,normal,Weekend,Off-Peak Hours,0.28,62.0
1393,15,12:00:00 PM,12:00:00,12,Sunday,1,0,Afternoon,62,10,11,22,105,166.0,0.99,0.3143,0.1746,normal,Weekend,Off-Peak Hours,0.3143,59.05
1394,15,12:15:00 PM,12:15:00,12,Sunday,1,0,Afternoon,54,10,12,25,101,170.0,1.01,0.3663,0.2182,normal,Weekend,Off-Peak Hours,0.3663,53.47
1395,15,12:30:00 PM,12:30:00,12,Sunday,1,0,Afternoon,48,8,15,23,94,166.0,0.99,0.4043,0.3061,normal,Weekend,Off-Peak Hours,0.4043,51.06
1396,15,12:45:00 PM,12:45:00,12,Sunday,1,0,Afternoon,20,10,12,24,66,133.0,0.79,0.5455,0.5714,normal,Weekend,Off-Peak Hours,0.5455,30.3
1397,15,1:00:00 PM,13:00:00,13,Sunday,1,0,Afternoon,35,10,5,30,80,145.0,0.86,0.4375,0.1389,normal,Weekend,Off-Peak Hours,0.4375,43.75
1398,15,1:15:00 PM,13:15:00,13,Sunday,1,0,Afternoon,112,15,40,10,177,269.5,1.6,0.2825,0.354,heavy,Weekend,Off-Peak Hours,0.2825,63.28
1399,15,1:30:00 PM,13:30:00,13,Sunday,1,0,Afternoon,51,21,25,13,110,175.5,1.04,0.3455,0.4808,normal,Weekend,Off-Peak Hours,0.3455,46.36
1400,15,1:45:00 PM,13:45:00,13,Sunday,1,0,Afternoon,53,12,23,8,96,152.0,0.9,0.3229,0.4259,normal,Weekend,Off-Peak Hours,0.3229,55.21
1401,15,2:00:00 PM,14:00:00,14,Sunday,1,0,Afternoon,63,22,18,15,118,173.0,1.03,0.2797,0.2812,normal,Weekend,Off-Peak Hours,0.2797,53.39
1402,15,2:15:00 PM,14:15:00,14,Sunday,1,0,Afternoon,50,23,16,8,97,133.5,0.79,0.2474,0.3137,normal,Weekend,Off-Peak Hours,0.2474,51.55
1403,15,2:30:00 PM,14:30:00,14,Sunday,1,0,Afternoon,94,20,35,17,166,260.0,1.55,0.3133,0.3684,high,Weekend,Off-Peak Hours,0.3133,56.63
1404,15,2:45:00 PM,14:45:00,14,Sunday,1,0,Afternoon,7,27,39,17,90,188.5,1.12,0.6222,4.875,normal,Weekend,Off-Peak Hours,0.6222,7.78
1405,15,3:00:00 PM,15:00:00,15,Sunday,1,0,Afternoon,109,18,13,6,146,175.0,1.04,0.1301,0.1182,normal,Weekend,Off-Peak Hours,0.1301,74.66
1406,15,3:15:00 PM,15:15:00,15,Sunday,1,0,Afternoon,18,27,19,6,70,106.5,0.63,0.3571,1.0,normal,Weekend,Off-Peak Hours,0.3571,25.71
1407,15,3:30:00 PM,15:30:00,15,Sunday,1,0,Afternoon,21,30,5,5,61,66.0,0.39,0.1639,0.2273,low,Weekend,Off-Peak Hours,0.1639,34.43
1408,15,3:45:00 PM,15:45:00,15,Sunday,1,0,Afternoon,49,16,9,12,86,120.0,0.71,0.2442,0.18,low,Weekend,Off-Peak Hours,0.2442,56.98
1409,15,4:00:00 PM,16:00:00,16,Sunday,1,1,Afternoon,129,28,40,6,203,281.0,1.67,0.2266,0.3077,heavy,Weekend,Evening Rush (4-7 PM),0.2266,63.55
1410,15,4:15:00 PM,16:15:00,16,Sunday,1,1,Afternoon,141,18,28,8,195,258.0,1.54,0.1846,0.1972,heavy,Weekend,Evening Rush (4-7 PM),0.1846,72.31
1411,15,4:30:00 PM,16:30:00,16,Sunday,1,1,Afternoon,131,14,43,7,195,288.0,1.71,0.2564,0.3258,heavy,Weekend,Evening Rush (4-7 PM),0.2564,67.18
1412,15,4:45:00 PM,16:45:00,16,Sunday,1,1,Afternoon,105,38,23,5,171,208.0,1.24,0.1637,0.217,heavy,Weekend,Evening Rush (4-7 PM),0.1637,61.4
1413,15,5:00:00 PM,17:00:00,17,Sunday,1,1,Evening,125,35,37,5,202,268.5,1.6,0.2079,0.2937,heavy,Weekend,Evening Rush (4-7 PM),0.2079,61.88
1414,15,5:15:00 PM,17:15:00,17,Sunday,1,1,Evening,127,36,42,9,214,298.0,1.77,0.2383,0.3281,heavy,Weekend,Evening Rush (4-7 PM),0.2383,59.35
1415,15,5:30:00 PM,17:30:00,17,Sunday,1,1,Evening,129,22,25,9,185,242.0,1.44,0.1838,0.1923,heavy,Weekend,Evening Rush (4-7 PM),0.1838,69.73
1416,15,5:45:00 PM,17:45:00,17,Sunday,1,1,Evening,121,39,47,8,215,305.5,1.82,0.2558,0.3852,heavy,Weekend,Evening Rush (4-7 PM),0.2558,56.28
1417,15,6:00:00 PM,18:00:00,18,Sunday,1,1,Evening,138,29,42,9,218,305.5,1.82,0.2339,0.3022,heavy,Weekend,Evening Rush (4-7 PM),0.2339,63.3
1418,15,6:15:00 PM,18:15:00,18,Sunday,1,1,Evening,119,26,21,5,171,210.0,1.25,0.152,0.175,heavy,Weekend,Evening Rush (4-7 PM),0.152,69.59
1419,15,6:30:00 PM,18:30:00,18,Sunday,1,1,Evening,138,17,48,8,211,314.5,1.87,0.2654,0.3453,heavy,Weekend,Evening Rush (4-7 PM),0.2654,65.4
1420,15,6:45:00 PM,18:45:00,18,Sunday,1,1,Evening,72,12,14,32,130,216.0,1.29,0.3538,0.1918,high,Weekend,Evening Rush (4-7 PM),0.3538,55.38
1421,15,7:00:00 PM,19:00:00,19,Sunday,1,0,Evening,92,23,20,30,165,253.5,1.51,0.303,0.2151,high,Weekend,Evening Rush (4-7 PM),0.303,55.76
1422,15,7:15:00 PM,19:15:00,19,Sunday,1,0,Evening,94,17,11,24,146,207.5,1.24,0.2397,0.1158,high,Weekend,Evening Rush (4-7 PM),0.2397,64.38
1423,15,7:30:00 PM,19:30:00,19,Sunday,1,0,Evening,102,25,12,24,163,222.5,1.32,0.2209,0.1165,high,Weekend,Evening Rush (4-7 PM),0.2209,62.58
1424,15,7:45:00 PM,19:45:00,19,Sunday,1,0,Evening,71,23,17,14,125,175.5,1.04,0.248,0.2361,normal,Weekend,Evening Rush (4-7 PM),0.248,56.8
1425,15,8:00:00 PM,20:00:00,20,Sunday,1,0,Evening,58,5,19,25,107,192.5,1.15,0.4112,0.322,normal,Weekend,Night Freight (8-11 PM),0.4112,54.21
1426,15,8:15:00 PM,20:15:00,20,Sunday,1,0,Evening,93,22,18,10,143,188.0,1.12,0.1958,0.1915,normal,Weekend,Night Freight (8-11 PM),0.1958,65.03
1427,15,8:30:00 PM,20:30:00,20,Sunday,1,0,Evening,59,23,10,35,127,205.5,1.22,0.3543,0.1667,high,Weekend,Night Freight (8-11 PM),0.3543,46.46
1428,15,8:45:00 PM,20:45:00,20,Sunday,1,0,Evening,57,20,10,20,107,157.0,0.93,0.2804,0.1724,normal,Weekend,Night Freight (8-11 PM),0.2804,53.27
1429,15,9:00:00 PM,21:00:00,21,Sunday,1,0,Evening,96,9,18,25,148,229.5,1.37,0.2905,0.1856,high,Weekend,Night Freight (8-11 PM),0.2905,64.86
1430,15,9:15:00 PM,21:15:00,21,Sunday,1,0,Evening,104,12,16,20,152,218.0,1.3,0.2368,0.1524,normal,Weekend,Night Freight (8-11 PM),0.2368,68.42
1431,15,9:30:00 PM,21:30:00,21,Sunday,1,0,Evening,104,22,17,23,166,235.0,1.4,0.241,0.1619,high,Weekend,Night Freight (8-11 PM),0.241,62.65
1432,15,9:45:00 PM,21:45:00,21,Sunday,1,0,Evening,88,8,11,29,136,212.0,1.26,0.2941,0.1236,high,Weekend,Night Freight (8-11 PM),0.2941,64.71
1433,15,10:00:00 PM,22:00:00,22,Sunday,1,0,Night,20,3,0,16,39,69.5,0.41,0.4103,0.0,normal,Weekend,Night Freight (8-11 PM),0.4103,51.28
1434,15,10:15:00 PM,22:15:00,22,Sunday,1,0,Night,17,2,1,30,50,111.0,0.66,0.62,0.0556,normal,Weekend,Night Freight (8-11 PM),0.62,34.0
1435,15,10:30:00 PM,22:30:00,22,Sunday,1,0,Night,17,4,0,23,44,88.0,0.52,0.5227,0.0,normal,Weekend,Night Freight (8-11 PM),0.5227,38.64
1436,15,10:45:00 PM,22:45:00,22,Sunday,1,0,Night,15,5,0,21,41,80.5,0.48,0.5122,0.0,normal,Weekend,Night Freight (8-11 PM),0.5122,36.59
1437,15,11:00:00 PM,23:00:00,23,Sunday,1,0,Night,10,0,1,31,42,106.0,0.63,0.7619,0.0909,normal,Weekend,Night Freight (8-11 PM),0.7619,23.81
1438,15,11:15:00 PM,23:15:00,23,Sunday,1,0,Night,11,1,1,19,32,71.5,0.43,0.625,0.0833,normal,Weekend,Night Freight (8-11 PM),0.625,34.37
1439,15,11:30:00 PM,23:30:00,23,Sunday,1,0,Night,12,2,0,29,43,100.0,0.6,0.6744,0.0,normal,Weekend,Night Freight (8-11 PM),0.6744,27.91
1440,15,11:45:00 PM,23:45:00,23,Sunday,1,0,Night,11,0,1,11,23,47.0,0.28,0.5217,0.0833,low,Weekend,Night Freight (8-11 PM),0.5217,47.83
1441,16,12:00:00 AM,00:00:00,0,Monday,0,0,Night,18,4,1,28,51,107.0,0.64,0.5686,0.0526,normal,Weekday,Off-Peak Hours,0.5686,35.29
1442,16,12:15:00 AM,00:15:00,0,Monday,0,0,Night,13,3,0,26,42,92.5,0.55,0.619,0.0,normal,Weekday,Off-Peak Hours,0.619,30.95
1443,16,12:30:00 AM,00:30:00,0,Monday,0,0,Night,16,3,0,34,53,119.5,0.71,0.6415,0.0,normal,Weekday,Off-Peak Hours,0.6415,30.19
1444,16,12:45:00 AM,00:45:00,0,Monday,0,0,Night,16,4,0,35,55,123.0,0.73,0.6364,0.0,normal,Weekday,Off-Peak Hours,0.6364,29.09
1445,16,1:00:00 AM,01:00:00,1,Monday,0,0,Night,20,2,1,33,56,123.0,0.73,0.6071,0.0476,normal,Weekday,Off-Peak Hours,0.6071,35.71
1446,16,1:15:00 AM,01:15:00,1,Monday,0,0,Night,14,4,1,28,47,103.0,0.61,0.617,0.0667,normal,Weekday,Off-Peak Hours,0.617,29.79
1447,16,1:30:00 AM,01:30:00,1,Monday,0,0,Night,11,4,1,19,35,73.0,0.43,0.5714,0.0833,normal,Weekday,Off-Peak Hours,0.5714,31.43
1448,16,1:45:00 AM,01:45:00,1,Monday,0,0,Night,19,4,0,17,40,72.0,0.43,0.425,0.0,normal,Weekday,Off-Peak Hours,0.425,47.5
1449,16,2:00:00 AM,02:00:00,2,Monday,0,0,Night,18,3,1,26,48,100.5,0.6,0.5625,0.0526,normal,Weekday,Off-Peak Hours,0.5625,37.5
1450,16,2:15:00 AM,02:15:00,2,Monday,0,0,Night,10,1,1,21,33,76.5,0.46,0.6667,0.0909,normal,Weekday,Off-Peak Hours,0.6667,30.3
1451,16,2:30:00 AM,02:30:00,2,Monday,0,0,Night,20,5,1,40,66,145.5,0.87,0.6212,0.0476,normal,Weekday,Off-Peak Hours,0.6212,30.3
1452,16,2:45:00 AM,02:45:00,2,Monday,0,0,Night,11,5,0,37,53,124.5,0.74,0.6981,0.0,normal,Weekday,Off-Peak Hours,0.6981,20.75
1453,16,3:00:00 AM,03:00:00,3,Monday,0,0,Night,15,4,1,29,49,107.0,0.64,0.6122,0.0625,normal,Weekday,Off-Peak Hours,0.6122,30.61
1454,16,3:15:00 AM,03:15:00,3,Monday,0,0,Night,16,2,1,27,46,101.0,0.6,0.6087,0.0588,normal,Weekday,Off-Peak Hours,0.6087,34.78
1455,16,3:30:00 AM,03:30:00,3,Monday,0,0,Night,10,3,1,23,37,83.5,0.5,0.6486,0.0909,normal,Weekday,Off-Peak Hours,0.6486,27.03
1456,16,3:45:00 AM,03:45:00,3,Monday,0,0,Night,16,5,1,31,53,114.5,0.68,0.6038,0.0588,normal,Weekday,Off-Peak Hours,0.6038,30.19
1457,16,4:00:00 AM,04:00:00,4,Monday,0,0,Night,20,0,1,30,51,113.0,0.67,0.6078,0.0476,normal,Weekday,Off-Peak Hours,0.6078,39.22
1458,16,4:15:00 AM,04:15:00,4,Monday,0,0,Night,61,4,5,17,87,129.0,0.77,0.2529,0.0806,normal,Weekday,Off-Peak Hours,0.2529,70.11
1459,16,4:30:00 AM,04:30:00,4,Monday,0,0,Night,91,8,6,2,107,119.0,0.71,0.0748,0.0652,low,Weekday,Off-Peak Hours,0.0748,85.05
1460,16,4:45:00 AM,04:45:00,4,Monday,0,0,Night,94,4,5,2,105,117.0,0.7,0.0667,0.0526,low,Weekday,Off-Peak Hours,0.0667,89.52
1461,16,5:00:00 AM,05:00:00,5,Monday,0,0,Morning,117,8,6,16,147,187.0,1.11,0.1497,0.0508,normal,Weekday,Off-Peak Hours,0.1497,79.59
1462,16,5:15:00 AM,05:15:00,5,Monday,0,0,Morning,111,14,10,14,149,190.0,1.13,0.1611,0.0893,normal,Weekday,Off-Peak Hours,0.1611,74.5
1463,16,5:30:00 AM,05:30:00,5,Monday,0,0,Morning,91,2,3,5,101,116.0,0.69,0.0792,0.0326,low,Weekday,Off-Peak Hours,0.0792,90.1
1464,16,5:45:00 AM,05:45:00,5,Monday,0,0,Morning,96,9,1,16,122,151.5,0.9,0.1393,0.0103,normal,Weekday,Off-Peak Hours,0.1393,78.69
1465,16,6:00:00 AM,06:00:00,6,Monday,0,1,Morning,134,15,42,5,196,282.5,1.68,0.2398,0.3111,heavy,Weekday,Off-Peak Hours,0.2398,68.37
1466,16,6:15:00 AM,06:15:00,6,Monday,0,1,Morning,121,35,39,4,199,267.5,1.59,0.2161,0.3197,heavy,Weekday,Off-Peak Hours,0.2161,60.8
1467,16,6:30:00 AM,06:30:00,6,Monday,0,1,Morning,118,40,40,3,201,267.0,1.59,0.2139,0.3361,heavy,Weekday,Off-Peak Hours,0.2139,58.71
1468,16,6:45:00 AM,06:45:00,6,Monday,0,1,Morning,115,17,40,1,173,246.5,1.47,0.237,0.3448,heavy,Weekday,Off-Peak Hours,0.237,66.47
1469,16,7:00:00 AM,07:00:00,7,Monday,0,1,Morning,106,22,37,0,165,228.0,1.36,0.2242,0.3458,high,Weekday,Morning Rush (7-10 AM),0.2242,64.24
1470,16,7:15:00 AM,07:15:00,7,Monday,0,1,Morning,147,26,40,0,213,280.0,1.67,0.1878,0.2703,heavy,Weekday,Morning Rush (7-10 AM),0.1878,69.01
1471,16,7:30:00 AM,07:30:00,7,Monday,0,1,Morning,102,13,31,2,148,207.5,1.24,0.223,0.301,high,Weekday,Morning Rush (7-10 AM),0.223,68.92
1472,16,7:45:00 AM,07:45:00,7,Monday,0,1,Morning,102,12,24,3,141,189.0,1.13,0.1915,0.233,normal,Weekday,Morning Rush (7-10 AM),0.1915,72.34
1473,16,8:00:00 AM,08:00:00,8,Monday,0,1,Morning,130,40,31,2,203,249.0,1.48,0.1626,0.2366,heavy,Weekday,Morning Rush (7-10 AM),0.1626,64.04
1474,16,8:15:00 AM,08:15:00,8,Monday,0,1,Morning,102,17,33,0,152,209.5,1.25,0.2171,0.3204,high,Weekday,Morning Rush (7-10 AM),0.2171,67.11
1475,16,8:30:00 AM,08:30:00,8,Monday,0,1,Morning,105,13,48,5,171,270.5,1.61,0.3099,0.4528,heavy,Weekday,Morning Rush (7-10 AM),0.3099,61.4
1476,16,8:45:00 AM,08:45:00,8,Monday,0,1,Morning,129,24,25,0,178,216.0,1.29,0.1404,0.1923,heavy,Weekday,Morning Rush (7-10 AM),0.1404,72.47
1477,16,9:00:00 AM,09:00:00,9,Monday,0,0,Morning,117,11,45,0,173,257.5,1.53,0.2601,0.3814,heavy,Weekday,Morning Rush (7-10 AM),0.2601,67.63
1478,16,9:15:00 AM,09:15:00,9,Monday,0,0,Morning,74,14,23,21,132,213.0,1.27,0.3333,0.3067,high,Weekday,Morning Rush (7-10 AM),0.3333,56.06
1479,16,9:30:00 AM,09:30:00,9,Monday,0,0,Morning,80,14,35,18,147,246.0,1.46,0.3605,0.4321,high,Weekday,Morning Rush (7-10 AM),0.3605,54.42
1480,16,9:45:00 AM,09:45:00,9,Monday,0,0,Morning,31,7,34,24,96,208.5,1.24,0.6042,1.0625,normal,Weekday,Morning Rush (7-10 AM),0.6042,32.29
1481,16,10:00:00 AM,10:00:00,10,Monday,0,0,Morning,18,15,9,15,57,97.5,0.58,0.4211,0.4737,normal,Weekday,Morning Rush (7-10 AM),0.4211,31.58
1482,16,10:15:00 AM,10:15:00,10,Monday,0,0,Morning,15,10,23,20,68,149.0,0.89,0.6324,1.4375,normal,Weekday,Morning Rush (7-10 AM),0.6324,22.06
1483,16,10:30:00 AM,10:30:00,10,Monday,0,0,Morning,37,18,8,16,79,118.0,0.7,0.3038,0.2105,normal,Weekday,Morning Rush (7-10 AM),0.3038,46.84
1484,16,10:45:00 AM,10:45:00,10,Monday,0,0,Morning,10,7,5,14,36,70.5,0.42,0.5278,0.4545,normal,Weekday,Morning Rush (7-10 AM),0.5278,27.78
1485,16,11:00:00 AM,11:00:00,11,Monday,0,0,Morning,54,6,15,23,98,171.0,1.02,0.3878,0.2727,normal,Weekday,Off-Peak Hours,0.3878,55.1
1486,16,11:15:00 AM,11:15:00,11,Monday,0,0,Morning,34,7,5,24,70,124.5,0.74,0.4143,0.1429,normal,Weekday,Off-Peak Hours,0.4143,48.57
1487,16,11:30:00 AM,11:30:00,11,Monday,0,0,Morning,50,7,8,21,86,140.5,0.84,0.3372,0.1569,normal,Weekday,Off-Peak Hours,0.3372,58.14
1488,16,11:45:00 AM,11:45:00,11,Monday,0,0,Morning,44,9,10,24,87,150.5,0.9,0.3908,0.2222,normal,Weekday,Off-Peak Hours,0.3908,50.57
1489,16,12:00:00 PM,12:00:00,12,Monday,0,0,Afternoon,63,8,15,24,110,184.0,1.1,0.3545,0.2344,normal,Weekday,Off-Peak Hours,0.3545,57.27
1490,16,12:15:00 PM,12:15:00,12,Monday,0,0,Afternoon,56,6,6,29,97,164.0,0.98,0.3608,0.1053,normal,Weekday,Off-Peak Hours,0.3608,57.73
1491,16,12:30:00 PM,12:30:00,12,Monday,0,0,Afternoon,69,5,13,27,114,191.5,1.14,0.3509,0.1857,high,Weekday,Off-Peak Hours,0.3509,60.53
1492,16,12:45:00 PM,12:45:00,12,Monday,0,0,Afternoon,39,5,3,30,77,140.5,0.84,0.4286,0.075,normal,Weekday,Off-Peak Hours,0.4286,50.65
1493,16,1:00:00 PM,13:00:00,13,Monday,0,0,Afternoon,61,10,14,24,109,180.0,1.07,0.3486,0.2258,normal,Weekday,Off-Peak Hours,0.3486,55.96
1494,16,1:15:00 PM,13:15:00,13,Monday,0,0,Afternoon,61,30,5,20,116,151.0,0.9,0.2155,0.0806,normal,Weekday,Off-Peak Hours,0.2155,52.59
1495,16,1:30:00 PM,13:30:00,13,Monday,0,0,Afternoon,20,17,9,5,51,70.5,0.42,0.2745,0.4286,low,Weekday,Off-Peak Hours,0.2745,39.22
1496,16,1:45:00 PM,13:45:00,13,Monday,0,0,Afternoon,70,22,38,7,137,216.0,1.29,0.3285,0.5352,high,Weekday,Off-Peak Hours,0.3285,51.09
1497,16,2:00:00 PM,14:00:00,14,Monday,0,0,Afternoon,25,30,31,9,95,160.0,0.95,0.4211,1.1923,normal,Weekday,Off-Peak Hours,0.4211,26.32
1498,16,2:15:00 PM,14:15:00,14,Monday,0,0,Afternoon,23,13,12,6,54,83.5,0.5,0.3333,0.5,low,Weekday,Off-Peak Hours,0.3333,42.59
1499,16,2:30:00 PM,14:30:00,14,Monday,0,0,Afternoon,105,30,24,8,167,216.0,1.29,0.1916,0.2264,normal,Weekday,Off-Peak Hours,0.1916,62.87
1500,16,2:45:00 PM,14:45:00,14,Monday,0,0,Afternoon,107,10,6,6,129,148.0,0.88,0.093,0.0556,normal,Weekday,Off-Peak Hours,0.093,82.95
1501,16,3:00:00 PM,15:00:00,15,Monday,0,0,Afternoon,40,20,36,7,103,179.0,1.07,0.4175,0.878,normal,Weekday,Off-Peak Hours,0.4175,38.83
1502,16,3:15:00 PM,15:15:00,15,Monday,0,0,Afternoon,74,18,37,11,140,227.0,1.35,0.3429,0.4933,high,Weekday,Off-Peak Hours,0.3429,52.86
1503,16,3:30:00 PM,15:30:00,15,Monday,0,0,Afternoon,62,15,8,11,96,126.5,0.75,0.1979,0.127,low,Weekday,Off-Peak Hours,0.1979,64.58
1504,16,3:45:00 PM,15:45:00,15,Monday,0,0,Afternoon,81,20,14,12,127,169.0,1.01,0.2047,0.1707,normal,Weekday,Off-Peak Hours,0.2047,63.78
1505,16,4:00:00 PM,16:00:00,16,Monday,0,1,Afternoon,111,32,43,5,191,271.0,1.61,0.2513,0.3839,heavy,Weekday,Evening Rush (4-7 PM),0.2513,58.12
1506,16,4:15:00 PM,16:15:00,16,Monday,0,1,Afternoon,145,12,41,6,204,292.0,1.74,0.2304,0.2808,heavy,Weekday,Evening Rush (4-7 PM),0.2304,71.08
1507,16,4:30:00 PM,16:30:00,16,Monday,0,1,Afternoon,139,11,20,7,177,225.5,1.34,0.1525,0.1429,heavy,Weekday,Evening Rush (4-7 PM),0.1525,78.53
1508,16,4:45:00 PM,16:45:00,16,Monday,0,1,Afternoon,129,40,31,10,210,272.0,1.62,0.1952,0.2385,heavy,Weekday,Evening Rush (4-7 PM),0.1952,61.43
1509,16,5:00:00 PM,17:00:00,17,Monday,0,1,Evening,128,22,28,8,186,247.0,1.47,0.1935,0.2171,heavy,Weekday,Evening Rush (4-7 PM),0.1935,68.82
1510,16,5:15:00 PM,17:15:00,17,Monday,0,1,Evening,103,17,23,8,151,204.5,1.22,0.2053,0.2212,normal,Weekday,Evening Rush (4-7 PM),0.2053,68.21
1511,16,5:30:00 PM,17:30:00,17,Monday,0,1,Evening,127,32,29,7,195,251.0,1.49,0.1846,0.2266,heavy,Weekday,Evening Rush (4-7 PM),0.1846,65.13
1512,16,5:45:00 PM,17:45:00,17,Monday,0,1,Evening,120,35,44,8,207,293.5,1.75,0.2512,0.3636,heavy,Weekday,Evening Rush (4-7 PM),0.2512,57.97
1513,16,6:00:00 PM,18:00:00,18,Monday,0,1,Evening,106,11,41,7,165,255.5,1.52,0.2909,0.3832,high,Weekday,Evening Rush (4-7 PM),0.2909,64.24
1514,16,6:15:00 PM,18:15:00,18,Monday,0,1,Evening,114,40,31,5,190,242.0,1.44,0.1895,0.2696,heavy,Weekday,Evening Rush (4-7 PM),0.1895,60.0
1515,16,6:30:00 PM,18:30:00,18,Monday,0,1,Evening,101,13,20,7,141,188.5,1.12,0.1915,0.1961,normal,Weekday,Evening Rush (4-7 PM),0.1915,71.63
1516,16,6:45:00 PM,18:45:00,18,Monday,0,1,Evening,110,25,19,34,188,281.5,1.68,0.2819,0.1712,heavy,Weekday,Evening Rush (4-7 PM),0.2819,58.51
1517,16,7:00:00 PM,19:00:00,19,Monday,0,0,Evening,108,6,17,23,154,231.0,1.38,0.2597,0.156,high,Weekday,Evening Rush (4-7 PM),0.2597,70.13
1518,16,7:15:00 PM,19:15:00,19,Monday,0,0,Evening,104,12,10,10,136,170.0,1.01,0.1471,0.0952,normal,Weekday,Evening Rush (4-7 PM),0.1471,76.47
1519,16,7:30:00 PM,19:30:00,19,Monday,0,0,Evening,102,22,17,23,164,233.0,1.39,0.2439,0.165,high,Weekday,Evening Rush (4-7 PM),0.2439,62.2
1520,16,7:45:00 PM,19:45:00,19,Monday,0,0,Evening,77,19,16,8,120,158.5,0.94,0.2,0.2051,normal,Weekday,Evening Rush (4-7 PM),0.2,64.17
1521,16,8:00:00 PM,20:00:00,20,Monday,0,0,Evening,70,16,19,33,138,234.0,1.39,0.3768,0.2676,high,Weekday,Night Freight (8-11 PM),0.3768,50.72
1522,16,8:15:00 PM,20:15:00,20,Monday,0,0,Evening,75,9,13,28,125,202.5,1.21,0.328,0.1711,high,Weekday,Night Freight (8-11 PM),0.328,60.0
1523,16,8:30:00 PM,20:30:00,20,Monday,0,0,Evening,95,9,16,29,149,234.5,1.4,0.302,0.1667,high,Weekday,Night Freight (8-11 PM),0.302,63.76
1524,16,8:45:00 PM,20:45:00,20,Monday,0,0,Evening,77,17,17,22,133,202.5,1.21,0.2932,0.2179,high,Weekday,Night Freight (8-11 PM),0.2932,57.89
1525,16,9:00:00 PM,21:00:00,21,Monday,0,0,Evening,73,16,14,34,137,225.0,1.34,0.3504,0.1892,high,Weekday,Night Freight (8-11 PM),0.3504,53.28
1526,16,9:15:00 PM,21:15:00,21,Monday,0,0,Evening,59,7,18,12,96,152.5,0.91,0.3125,0.3,normal,Weekday,Night Freight (8-11 PM),0.3125,61.46
1527,16,9:30:00 PM,21:30:00,21,Monday,0,0,Evening,54,20,10,9,93,121.0,0.72,0.2043,0.1818,low,Weekday,Night Freight (8-11 PM),0.2043,58.06
1528,16,9:45:00 PM,21:45:00,21,Monday,0,0,Evening,90,6,18,32,146,243.0,1.45,0.3425,0.1978,high,Weekday,Night Freight (8-11 PM),0.3425,61.64
1529,16,10:00:00 PM,22:00:00,22,Monday,0,0,Night,15,5,1,32,53,116.5,0.69,0.6226,0.0625,normal,Weekday,Night Freight (8-11 PM),0.6226,28.3
1530,16,10:15:00 PM,22:15:00,22,Monday,0,0,Night,12,1,0,11,24,45.5,0.27,0.4583,0.0,low,Weekday,Night Freight (8-11 PM),0.4583,50.0
1531,16,10:30:00 PM,22:30:00,22,Monday,0,0,Night,17,2,0,28,47,102.0,0.61,0.5957,0.0,normal,Weekday,Night Freight (8-11 PM),0.5957,36.17
1532,16,10:45:00 PM,22:45:00,22,Monday,0,0,Night,13,5,1,12,31,54.5,0.32,0.4194,0.0714,low,Weekday,Night Freight (8-11 PM),0.4194,41.94
1533,16,11:00:00 PM,23:00:00,23,Monday,0,0,Night,15,5,0,21,41,80.5,0.48,0.5122,0.0,normal,Weekday,Night Freight (8-11 PM),0.5122,36.59
1534,16,11:15:00 PM,23:15:00,23,Monday,0,0,Night,18,4,0,11,33,53.0,0.32,0.3333,0.0,low,Weekday,Night Freight (8-11 PM),0.3333,54.55
1535,16,11:30:00 PM,23:30:00,23,Monday,0,0,Night,12,4,0,21,37,77.0,0.46,0.5676,0.0,normal,Weekday,Night Freight (8-11 PM),0.5676,32.43
1536,16,11:45:00 PM,23:45:00,23,Monday,0,0,Night,10,4,1,12,27,51.0,0.3,0.4815,0.0909,low,Weekday,Night Freight (8-11 PM),0.4815,37.04
1537,17,12:00:00 AM,00:00:00,0,Tuesday,0,0,Night,15,2,0,25,42,91.0,0.54,0.5952,0.0,normal,Weekday,Off-Peak Hours,0.5952,35.71
1538,17,12:15:00 AM,00:15:00,0,Tuesday,0,0,Night,11,0,0,24,35,83.0,0.49,0.6857,0.0,normal,Weekday,Off-Peak Hours,0.6857,31.43
1539,17,12:30:00 AM,00:30:00,0,Tuesday,0,0,Night,15,2,1,15,33,64.0,0.38,0.4848,0.0625,normal,Weekday,Off-Peak Hours,0.4848,45.45
1540,17,12:45:00 AM,00:45:00,0,Tuesday,0,0,Night,20,3,1,29,53,111.5,0.66,0.566,0.0476,normal,Weekday,Off-Peak Hours,0.566,37.74
1541,17,1:00:00 AM,01:00:00,1,Tuesday,0,0,Night,17,2,0,24,43,90.0,0.54,0.5581,0.0,normal,Weekday,Off-Peak Hours,0.5581,39.53
1542,17,1:15:00 AM,01:15:00,1,Tuesday,0,0,Night,19,5,1,26,51,102.5,0.61,0.5294,0.05,normal,Weekday,Off-Peak Hours,0.5294,37.25
1543,17,1:30:00 AM,01:30:00,1,Tuesday,0,0,Night,20,3,1,32,56,120.5,0.72,0.5893,0.0476,normal,Weekday,Off-Peak Hours,0.5893,35.71
1544,17,1:45:00 AM,01:45:00,1,Tuesday,0,0,Night,15,3,0,19,37,73.5,0.44,0.5135,0.0,normal,Weekday,Off-Peak Hours,0.5135,40.54
1545,17,2:00:00 AM,02:00:00,2,Tuesday,0,0,Night,13,5,0,17,35,66.5,0.4,0.4857,0.0,normal,Weekday,Off-Peak Hours,0.4857,37.14
1546,17,2:15:00 AM,02:15:00,2,Tuesday,0,0,Night,12,5,1,19,37,74.5,0.44,0.5405,0.0769,normal,Weekday,Off-Peak Hours,0.5405,32.43
1547,17,2:30:00 AM,02:30:00,2,Tuesday,0,0,Night,10,2,0,27,39,92.0,0.55,0.6923,0.0,normal,Weekday,Off-Peak Hours,0.6923,25.64
1548,17,2:45:00 AM,02:45:00,2,Tuesday,0,0,Night,20,4,1,23,48,94.0,0.56,0.5,0.0476,normal,Weekday,Off-Peak Hours,0.5,41.67
1549,17,3:00:00 AM,03:00:00,3,Tuesday,0,0,Night,14,0,0,16,30,62.0,0.37,0.5333,0.0,normal,Weekday,Off-Peak Hours,0.5333,46.67
1550,17,3:15:00 AM,03:15:00,3,Tuesday,0,0,Night,12,4,1,28,45,101.0,0.6,0.6444,0.0769,normal,Weekday,Off-Peak Hours,0.6444,26.67
1551,17,3:30:00 AM,03:30:00,3,Tuesday,0,0,Night,19,2,0,20,41,80.0,0.48,0.4878,0.0,normal,Weekday,Off-Peak Hours,0.4878,46.34
1552,17,3:45:00 AM,03:45:00,3,Tuesday,0,0,Night,20,2,1,19,42,81.0,0.48,0.4762,0.0476,normal,Weekday,Off-Peak Hours,0.4762,47.62
1553,17,4:00:00 AM,04:00:00,4,Tuesday,0,0,Night,16,0,0,36,52,124.0,0.74,0.6923,0.0,normal,Weekday,Off-Peak Hours,0.6923,30.77
1554,17,4:15:00 AM,04:15:00,4,Tuesday,0,0,Night,62,20,4,18,104,138.0,0.82,0.2115,0.0635,normal,Weekday,Off-Peak Hours,0.2115,59.62
1555,17,4:30:00 AM,04:30:00,4,Tuesday,0,0,Night,50,13,2,14,79,104.5,0.62,0.2025,0.0392,normal,Weekday,Off-Peak Hours,0.2025,63.29
1556,17,4:45:00 AM,04:45:00,4,Tuesday,0,0,Night,101,3,6,6,116,138.5,0.82,0.1034,0.0588,normal,Weekday,Off-Peak Hours,0.1034,87.07
1557,17,5:00:00 AM,05:00:00,5,Tuesday,0,0,Morning,94,15,2,9,120,134.5,0.8,0.0917,0.0211,normal,Weekday,Off-Peak Hours,0.0917,78.33
1558,17,5:15:00 AM,05:15:00,5,Tuesday,0,0,Morning,68,10,8,1,87,100.0,0.6,0.1034,0.1159,low,Weekday,Off-Peak Hours,0.1034,78.16
1559,17,5:30:00 AM,05:30:00,5,Tuesday,0,0,Morning,95,3,8,20,126,180.5,1.07,0.2222,0.0833,normal,Weekday,Off-Peak Hours,0.2222,75.4
1560,17,5:45:00 AM,05:45:00,5,Tuesday,0,0,Morning,113,7,10,16,146,194.5,1.16,0.1781,0.0877,normal,Weekday,Off-Peak Hours,0.1781,77.4
1561,17,6:00:00 AM,06:00:00,6,Tuesday,0,1,Morning,106,13,39,1,159,232.5,1.38,0.2516,0.3645,high,Weekday,Off-Peak Hours,0.2516,66.67
1562,17,6:15:00 AM,06:15:00,6,Tuesday,0,1,Morning,105,32,47,4,188,274.0,1.63,0.2713,0.4434,heavy,Weekday,Off-Peak Hours,0.2713,55.85
1563,17,6:30:00 AM,06:30:00,6,Tuesday,0,1,Morning,150,19,34,4,207,273.5,1.63,0.1836,0.2252,heavy,Weekday,Off-Peak Hours,0.1836,72.46
1564,17,6:45:00 AM,06:45:00,6,Tuesday,0,1,Morning,137,38,39,2,216,279.0,1.66,0.1898,0.2826,heavy,Weekday,Off-Peak Hours,0.1898,63.43
1565,17,7:00:00 AM,07:00:00,7,Tuesday,0,1,Morning,113,11,32,1,157,217.5,1.29,0.2102,0.2807,high,Weekday,Morning Rush (7-10 AM),0.2102,71.97
1566,17,7:15:00 AM,07:15:00,7,Tuesday,0,1,Morning,117,30,26,5,178,225.0,1.34,0.1742,0.2203,heavy,Weekday,Morning Rush (7-10 AM),0.1742,65.73
1567,17,7:30:00 AM,07:30:00,7,Tuesday,0,1,Morning,130,10,37,1,178,249.0,1.48,0.2135,0.2824,heavy,Weekday,Morning Rush (7-10 AM),0.2135,73.03
1568,17,7:45:00 AM,07:45:00,7,Tuesday,0,1,Morning,150,32,31,1,214,262.0,1.56,0.1495,0.2053,heavy,Weekday,Morning Rush (7-10 AM),0.1495,70.09
1569,17,8:00:00 AM,08:00:00,8,Tuesday,0,1,Morning,146,10,30,3,189,250.0,1.49,0.1746,0.2041,heavy,Weekday,Morning Rush (7-10 AM),0.1746,77.25
1570,17,8:15:00 AM,08:15:00,8,Tuesday,0,1,Morning,123,24,46,2,195,279.0,1.66,0.2462,0.371,heavy,Weekday,Morning Rush (7-10 AM),0.2462,63.08
1571,17,8:30:00 AM,08:30:00,8,Tuesday,0,1,Morning,110,24,26,4,164,212.0,1.26,0.1829,0.2342,high,Weekday,Morning Rush (7-10 AM),0.1829,67.07
1572,17,8:45:00 AM,08:45:00,8,Tuesday,0,1,Morning,111,33,31,2,177,226.5,1.35,0.1864,0.2768,heavy,Weekday,Morning Rush (7-10 AM),0.1864,62.71
1573,17,9:00:00 AM,09:00:00,9,Tuesday,0,0,Morning,132,18,32,2,184,243.0,1.45,0.1848,0.2406,heavy,Weekday,Morning Rush (7-10 AM),0.1848,71.74
1574,17,9:15:00 AM,09:15:00,9,Tuesday,0,0,Morning,66,16,22,13,117,179.0,1.07,0.2991,0.3284,normal,Weekday,Morning Rush (7-10 AM),0.2991,56.41
1575,17,9:30:00 AM,09:30:00,9,Tuesday,0,0,Morning,45,24,5,23,97,141.0,0.84,0.2887,0.1087,normal,Weekday,Morning Rush (7-10 AM),0.2887,46.39
1576,17,9:45:00 AM,09:45:00,9,Tuesday,0,0,Morning,92,19,15,7,133,167.5,1.0,0.1654,0.1613,normal,Weekday,Morning Rush (7-10 AM),0.1654,69.17
1577,17,10:00:00 AM,10:00:00,10,Tuesday,0,0,Morning,78,22,16,25,141,212.0,1.26,0.2908,0.2025,high,Weekday,Morning Rush (7-10 AM),0.2908,55.32
1578,17,10:15:00 AM,10:15:00,10,Tuesday,0,0,Morning,90,2,15,18,125,190.0,1.13,0.264,0.1648,normal,Weekday,Morning Rush (7-10 AM),0.264,72.0
1579,17,10:30:00 AM,10:30:00,10,Tuesday,0,0,Morning,23,2,37,9,71,162.0,0.96,0.6479,1.5417,normal,Weekday,Morning Rush (7-10 AM),0.6479,32.39
1580,17,10:45:00 AM,10:45:00,10,Tuesday,0,0,Morning,17,5,6,20,48,97.5,0.58,0.5417,0.3333,normal,Weekday,Morning Rush (7-10 AM),0.5417,35.42
1581,17,11:00:00 AM,11:00:00,11,Tuesday,0,0,Morning,41,5,4,24,74,127.5,0.76,0.3784,0.0952,normal,Weekday,Off-Peak Hours,0.3784,55.41
1582,17,11:15:00 AM,11:15:00,11,Tuesday,0,0,Morning,32,5,15,26,78,157.5,0.94,0.5256,0.4545,normal,Weekday,Off-Peak Hours,0.5256,41.03
1583,17,11:30:00 AM,11:30:00,11,Tuesday,0,0,Morning,65,7,7,22,101,155.5,0.93,0.2871,0.1061,normal,Weekday,Off-Peak Hours,0.2871,64.36
1584,17,11:45:00 AM,11:45:00,11,Tuesday,0,0,Morning,22,6,3,25,56,109.0,0.65,0.5,0.1304,normal,Weekday,Off-Peak Hours,0.5,39.29
1585,17,12:00:00 PM,12:00:00,12,Tuesday,0,0,Afternoon,54,7,4,28,93,153.5,0.91,0.3441,0.0727,normal,Weekday,Off-Peak Hours,0.3441,58.06
1586,17,12:15:00 PM,12:15:00,12,Tuesday,0,0,Afternoon,38,5,8,28,79,148.5,0.88,0.4557,0.2051,normal,Weekday,Off-Peak Hours,0.4557,48.1
1587,17,12:30:00 PM,12:30:00,12,Tuesday,0,0,Afternoon,59,7,15,23,104,176.5,1.05,0.3654,0.25,normal,Weekday,Off-Peak Hours,0.3654,56.73
1588,17,12:45:00 PM,12:45:00,12,Tuesday,0,0,Afternoon,34,8,10,23,75,137.0,0.82,0.44,0.2857,normal,Weekday,Off-Peak Hours,0.44,45.33
1589,17,1:00:00 PM,13:00:00,13,Tuesday,0,0,Afternoon,28,6,3,27,64,121.0,0.72,0.4688,0.1034,normal,Weekday,Off-Peak Hours,0.4687,43.75
1590,17,1:15:00 PM,13:15:00,13,Tuesday,0,0,Afternoon,7,16,11,14,48,90.0,0.54,0.5208,1.375,normal,Weekday,Off-Peak Hours,0.5208,14.58
1591,17,1:30:00 PM,13:30:00,13,Tuesday,0,0,Afternoon,8,12,22,8,50,104.0,0.62,0.6,2.4444,normal,Weekday,Off-Peak Hours,0.6,16.0
1592,17,1:45:00 PM,13:45:00,13,Tuesday,0,0,Afternoon,42,25,38,18,123,222.5,1.32,0.4553,0.8837,high,Weekday,Off-Peak Hours,0.4553,34.15
1593,17,2:00:00 PM,14:00:00,14,Tuesday,0,0,Afternoon,82,13,28,5,128,187.5,1.12,0.2578,0.3373,high,Weekday,Off-Peak Hours,0.2578,64.06
1594,17,2:15:00 PM,14:15:00,14,Tuesday,0,0,Afternoon,14,24,26,9,73,131.0,0.78,0.4795,1.7333,normal,Weekday,Off-Peak Hours,0.4795,19.18
1595,17,2:30:00 PM,14:30:00,14,Tuesday,0,0,Afternoon,39,25,33,9,106,177.5,1.06,0.3962,0.825,normal,Weekday,Off-Peak Hours,0.3962,36.79
1596,17,2:45:00 PM,14:45:00,14,Tuesday,0,0,Afternoon,47,14,29,6,96,159.0,0.95,0.3646,0.6042,normal,Weekday,Off-Peak Hours,0.3646,48.96
1597,17,3:00:00 PM,15:00:00,15,Tuesday,0,0,Afternoon,120,20,21,18,179,247.0,1.47,0.2179,0.1736,heavy,Weekday,Off-Peak Hours,0.2179,67.04
1598,17,3:15:00 PM,15:15:00,15,Tuesday,0,0,Afternoon,114,11,39,10,174,266.5,1.59,0.2816,0.3391,heavy,Weekday,Off-Peak Hours,0.2816,65.52
1599,17,3:30:00 PM,15:30:00,15,Tuesday,0,0,Afternoon,99,24,30,10,163,231.0,1.38,0.2454,0.3,high,Weekday,Off-Peak Hours,0.2454,60.74
1600,17,3:45:00 PM,15:45:00,15,Tuesday,0,0,Afternoon,78,18,30,8,134,201.0,1.2,0.2836,0.3797,high,Weekday,Off-Peak Hours,0.2836,58.21
1601,17,4:00:00 PM,16:00:00,16,Tuesday,0,1,Afternoon,144,40,29,10,223,281.0,1.67,0.1749,0.2,normal,Weekday,Evening Rush (4-7 PM),0.1749,64.57
1602,17,4:15:00 PM,16:15:00,16,Tuesday,0,1,Afternoon,107,28,38,9,182,262.0,1.56,0.2582,0.3519,heavy,Weekday,Evening Rush (4-7 PM),0.2582,58.79
1603,17,4:30:00 PM,16:30:00,16,Tuesday,0,1,Afternoon,123,28,24,10,185,239.0,1.42,0.1838,0.1935,heavy,Weekday,Evening Rush (4-7 PM),0.1838,66.49
1604,17,4:45:00 PM,16:45:00,16,Tuesday,0,1,Afternoon,126,15,28,6,175,235.5,1.4,0.1943,0.2205,heavy,Weekday,Evening Rush (4-7 PM),0.1943,72.0
1605,17,5:00:00 PM,17:00:00,17,Tuesday,0,1,Evening,147,28,23,5,203,245.0,1.46,0.1379,0.1554,heavy,Weekday,Evening Rush (4-7 PM),0.1379,72.41
1606,17,5:15:00 PM,17:15:00,17,Tuesday,0,1,Evening,100,21,33,7,161,230.5,1.37,0.2484,0.3267,high,Weekday,Evening Rush (4-7 PM),0.2484,62.11
1607,17,5:30:00 PM,17:30:00,17,Tuesday,0,1,Evening,113,12,22,6,153,203.0,1.21,0.183,0.193,normal,Weekday,Evening Rush (4-7 PM),0.183,73.86
1608,17,5:45:00 PM,17:45:00,17,Tuesday,0,1,Evening,130,34,30,6,200,255.0,1.52,0.18,0.229,heavy,Weekday,Evening Rush (4-7 PM),0.18,65.0
1609,17,6:00:00 PM,18:00:00,18,Tuesday,0,1,Evening,118,40,29,10,197,255.0,1.52,0.198,0.2437,heavy,Weekday,Evening Rush (4-7 PM),0.198,59.9
1610,17,6:15:00 PM,18:15:00,18,Tuesday,0,1,Evening,113,38,44,9,204,291.0,1.73,0.2598,0.386,heavy,Weekday,Evening Rush (4-7 PM),0.2598,55.39
1611,17,6:30:00 PM,18:30:00,18,Tuesday,0,1,Evening,117,29,29,9,184,245.5,1.46,0.2065,0.2458,heavy,Weekday,Evening Rush (4-7 PM),0.2065,63.59
1612,17,6:45:00 PM,18:45:00,18,Tuesday,0,1,Evening,106,12,20,32,170,268.0,1.6,0.3059,0.1869,heavy,Weekday,Evening Rush (4-7 PM),0.3059,62.35
1613,17,7:00:00 PM,19:00:00,19,Tuesday,0,0,Evening,96,11,15,14,136,188.5,1.12,0.2132,0.1546,normal,Weekday,Evening Rush (4-7 PM),0.2132,70.59
1614,17,7:15:00 PM,19:15:00,19,Tuesday,0,0,Evening,58,11,14,24,107,177.5,1.06,0.3551,0.2373,normal,Weekday,Evening Rush (4-7 PM),0.3551,54.21
1615,17,7:30:00 PM,19:30:00,19,Tuesday,0,0,Evening,76,22,10,9,117,144.0,0.86,0.1624,0.1299,normal,Weekday,Evening Rush (4-7 PM),0.1624,64.96
1616,17,7:45:00 PM,19:45:00,19,Tuesday,0,0,Evening,66,6,12,33,117,204.0,1.21,0.3846,0.1791,high,Weekday,Evening Rush (4-7 PM),0.3846,56.41
1617,17,8:00:00 PM,20:00:00,20,Tuesday,0,0,Evening,61,23,13,18,115,165.5,0.99,0.2696,0.2097,normal,Weekday,Night Freight (8-11 PM),0.2696,53.04
1618,17,8:15:00 PM,20:15:00,20,Tuesday,0,0,Evening,93,6,15,17,131,192.0,1.14,0.2443,0.1596,normal,Weekday,Night Freight (8-11 PM),0.2443,70.99
1619,17,8:30:00 PM,20:30:00,20,Tuesday,0,0,Evening,51,11,16,26,104,182.5,1.09,0.4038,0.3077,normal,Weekday,Night Freight (8-11 PM),0.4038,49.04
1620,17,8:45:00 PM,20:45:00,20,Tuesday,0,0,Evening,86,6,12,9,113,152.0,0.9,0.1858,0.1379,normal,Weekday,Night Freight (8-11 PM),0.1858,76.11
1621,17,9:00:00 PM,21:00:00,21,Tuesday,0,0,Evening,77,15,12,29,133,207.5,1.24,0.3083,0.1538,high,Weekday,Night Freight (8-11 PM),0.3083,57.89
1622,17,9:15:00 PM,21:15:00,21,Tuesday,0,0,Evening,84,15,16,8,123,163.5,0.97,0.1951,0.1882,normal,Weekday,Night Freight (8-11 PM),0.1951,68.29
1623,17,9:30:00 PM,21:30:00,21,Tuesday,0,0,Evening,103,12,15,10,140,184.0,1.1,0.1786,0.1442,normal,Weekday,Night Freight (8-11 PM),0.1786,73.57
1624,17,9:45:00 PM,21:45:00,21,Tuesday,0,0,Evening,60,9,11,27,107,178.5,1.06,0.3551,0.1803,normal,Weekday,Night Freight (8-11 PM),0.3551,56.07
1625,17,10:00:00 PM,22:00:00,22,Tuesday,0,0,Night,14,1,1,22,38,83.5,0.5,0.6053,0.0667,normal,Weekday,Night Freight (8-11 PM),0.6053,36.84
1626,17,10:15:00 PM,22:15:00,22,Tuesday,0,0,Night,14,2,0,35,51,120.0,0.71,0.6863,0.0,normal,Weekday,Night Freight (8-11 PM),0.6863,27.45
1627,17,10:30:00 PM,22:30:00,22,Tuesday,0,0,Night,13,1,1,31,46,109.5,0.65,0.6957,0.0714,normal,Weekday,Night Freight (8-11 PM),0.6957,28.26
1628,17,10:45:00 PM,22:45:00,22,Tuesday,0,0,Night,19,0,1,22,42,88.0,0.52,0.5476,0.05,normal,Weekday,Night Freight (8-11 PM),0.5476,45.24
1629,17,11:00:00 PM,23:00:00,23,Tuesday,0,0,Night,13,4,0,28,45,99.0,0.59,0.6222,0.0,normal,Weekday,Night Freight (8-11 PM),0.6222,28.89
1630,17,11:15:00 PM,23:15:00,23,Tuesday,0,0,Night,13,1,0,26,40,91.5,0.54,0.65,0.0,normal,Weekday,Night Freight (8-11 PM),0.65,32.5
1631,17,11:30:00 PM,23:30:00,23,Tuesday,0,0,Night,12,0,1,34,47,117.0,0.7,0.7447,0.0769,normal,Weekday,Night Freight (8-11 PM),0.7447,25.53
1632,17,11:45:00 PM,23:45:00,23,Tuesday,0,0,Night,20,1,1,38,60,137.5,0.82,0.65,0.0476,normal,Weekday,Night Freight (8-11 PM),0.65,33.33
1633,18,12:00:00 AM,00:00:00,0,Wednesday,0,0,Night,12,3,0,38,53,127.5,0.76,0.717,0.0,normal,Weekday,Off-Peak Hours,0.717,22.64
1634,18,12:15:00 AM,00:15:00,0,Wednesday,0,0,Night,12,1,0,40,53,132.5,0.79,0.7547,0.0,normal,Weekday,Off-Peak Hours,0.7547,22.64
1635,18,12:30:00 AM,00:30:00,0,Wednesday,0,0,Night,20,5,0,10,35,52.5,0.31,0.2857,0.0,low,Weekday,Off-Peak Hours,0.2857,57.14
1636,18,12:45:00 AM,00:45:00,0,Wednesday,0,0,Night,12,4,1,27,44,98.0,0.58,0.6364,0.0769,normal,Weekday,Off-Peak Hours,0.6364,27.27
1637,18,1:00:00 AM,01:00:00,1,Wednesday,0,0,Night,15,5,0,21,41,80.5,0.48,0.5122,0.0,normal,Weekday,Off-Peak Hours,0.5122,36.59
1638,18,1:15:00 AM,01:15:00,1,Wednesday,0,0,Night,19,2,0,30,51,110.0,0.65,0.5882,0.0,normal,Weekday,Off-Peak Hours,0.5882,37.25
1639,18,1:30:00 AM,01:30:00,1,Wednesday,0,0,Night,11,0,1,40,52,134.0,0.8,0.7885,0.0833,normal,Weekday,Off-Peak Hours,0.7885,21.15
1640,18,1:45:00 AM,01:45:00,1,Wednesday,0,0,Night,15,3,0,35,53,121.5,0.72,0.6604,0.0,normal,Weekday,Off-Peak Hours,0.6604,28.3
1641,18,2:00:00 AM,02:00:00,2,Wednesday,0,0,Night,15,0,1,37,53,129.0,0.77,0.717,0.0625,normal,Weekday,Off-Peak Hours,0.717,28.3
1642,18,2:15:00 AM,02:15:00,2,Wednesday,0,0,Night,16,2,0,37,55,128.0,0.76,0.6727,0.0,normal,Weekday,Off-Peak Hours,0.6727,29.09
1643,18,2:30:00 AM,02:30:00,2,Wednesday,0,0,Night,10,0,1,24,35,85.0,0.51,0.7143,0.0909,normal,Weekday,Off-Peak Hours,0.7143,28.57
1644,18,2:45:00 AM,02:45:00,2,Wednesday,0,0,Night,12,0,1,31,44,108.0,0.64,0.7273,0.0769,normal,Weekday,Off-Peak Hours,0.7273,27.27
1645,18,3:00:00 AM,03:00:00,3,Wednesday,0,0,Night,15,1,1,36,53,126.5,0.75,0.6981,0.0625,normal,Weekday,Off-Peak Hours,0.6981,28.3
1646,18,3:15:00 AM,03:15:00,3,Wednesday,0,0,Night,14,5,0,17,36,67.5,0.4,0.4722,0.0,normal,Weekday,Off-Peak Hours,0.4722,38.89
1647,18,3:30:00 AM,03:30:00,3,Wednesday,0,0,Night,17,3,1,38,59,135.5,0.81,0.661,0.0556,normal,Weekday,Off-Peak Hours,0.661,28.81
1648,18,3:45:00 AM,03:45:00,3,Wednesday,0,0,Night,19,0,0,18,37,73.0,0.43,0.4865,0.0,normal,Weekday,Off-Peak Hours,0.4865,51.35
1649,18,4:00:00 AM,04:00:00,4,Wednesday,0,0,Night,18,5,1,30,54,113.5,0.68,0.5741,0.0526,normal,Weekday,Off-Peak Hours,0.5741,33.33
1650,18,4:15:00 AM,04:15:00,4,Wednesday,0,0,Night,119,12,6,4,141,155.0,0.92,0.0709,0.05,normal,Weekday,Off-Peak Hours,0.0709,84.4
1651,18,4:30:00 AM,04:30:00,4,Wednesday,0,0,Night,74,28,1,13,116,130.0,0.77,0.1207,0.0133,normal,Weekday,Off-Peak Hours,0.1207,63.79
1652,18,4:45:00 AM,04:45:00,4,Wednesday,0,0,Night,101,26,10,0,137,144.0,0.86,0.073,0.098,normal,Weekday,Off-Peak Hours,0.073,73.72
1653,18,5:00:00 AM,05:00:00,5,Wednesday,0,0,Morning,99,4,7,19,129,179.0,1.07,0.2016,0.07,normal,Weekday,Off-Peak Hours,0.2016,76.74
1654,18,5:15:00 AM,05:15:00,5,Wednesday,0,0,Morning,99,18,7,5,129,144.0,0.86,0.093,0.07,normal,Weekday,Off-Peak Hours,0.093,76.74
1655,18,5:30:00 AM,05:30:00,5,Wednesday,0,0,Morning,102,24,2,8,136,144.0,0.86,0.0735,0.0194,normal,Weekday,Off-Peak Hours,0.0735,75.0
1656,18,5:45:00 AM,05:45:00,5,Wednesday,0,0,Morning,50,4,6,13,73,109.0,0.65,0.2603,0.1176,normal,Weekday,Off-Peak Hours,0.2603,68.49
1657,18,6:00:00 AM,06:00:00,6,Wednesday,0,1,Morning,128,11,46,4,189,283.5,1.69,0.2646,0.3566,heavy,Weekday,Off-Peak Hours,0.2646,67.72
1658,18,6:15:00 AM,06:15:00,6,Wednesday,0,1,Morning,129,39,43,0,211,277.5,1.65,0.2038,0.3308,heavy,Weekday,Off-Peak Hours,0.2038,61.14
1659,18,6:30:00 AM,06:30:00,6,Wednesday,0,1,Morning,129,27,38,0,194,256.5,1.53,0.1959,0.2923,heavy,Weekday,Off-Peak Hours,0.1959,66.49
1660,18,6:45:00 AM,06:45:00,6,Wednesday,0,1,Morning,113,24,22,2,161,197.0,1.17,0.1491,0.193,normal,Weekday,Off-Peak Hours,0.1491,70.19
1661,18,7:00:00 AM,07:00:00,7,Wednesday,0,1,Morning,141,15,21,5,182,226.5,1.35,0.1429,0.1479,heavy,Weekday,Morning Rush (7-10 AM),0.1429,77.47
1662,18,7:15:00 AM,07:15:00,7,Wednesday,0,1,Morning,120,22,29,1,172,221.0,1.32,0.1744,0.2397,heavy,Weekday,Morning Rush (7-10 AM),0.1744,69.77
1663,18,7:30:00 AM,07:30:00,7,Wednesday,0,1,Morning,141,24,47,4,216,306.0,1.82,0.2361,0.331,heavy,Weekday,Morning Rush (7-10 AM),0.2361,65.28
1664,18,7:45:00 AM,07:45:00,7,Wednesday,0,1,Morning,149,24,33,1,207,263.0,1.57,0.1643,0.22,heavy,Weekday,Morning Rush (7-10 AM),0.1643,71.98
1665,18,8:00:00 AM,08:00:00,8,Wednesday,0,1,Morning,140,40,36,1,217,271.0,1.61,0.1705,0.2553,heavy,Weekday,Morning Rush (7-10 AM),0.1705,64.52
1666,18,8:15:00 AM,08:15:00,8,Wednesday,0,1,Morning,140,20,36,0,196,258.0,1.54,0.1837,0.2553,heavy,Weekday,Morning Rush (7-10 AM),0.1837,71.43
1667,18,8:30:00 AM,08:30:00,8,Wednesday,0,1,Morning,107,13,31,4,155,218.5,1.3,0.2258,0.287,high,Weekday,Morning Rush (7-10 AM),0.2258,69.03
1668,18,8:45:00 AM,08:45:00,8,Wednesday,0,1,Morning,141,15,32,4,192,256.5,1.53,0.1875,0.2254,heavy,Weekday,Morning Rush (7-10 AM),0.1875,73.44
1669,18,9:00:00 AM,09:00:00,9,Wednesday,0,0,Morning,120,27,38,4,189,259.5,1.54,0.2222,0.314,heavy,Weekday,Morning Rush (7-10 AM),0.2222,63.49
1670,18,9:15:00 AM,09:15:00,9,Wednesday,0,0,Morning,70,14,21,5,110,155.0,0.92,0.2364,0.2958,normal,Weekday,Morning Rush (7-10 AM),0.2364,63.64
1671,18,9:30:00 AM,09:30:00,9,Wednesday,0,0,Morning,55,24,16,21,116,178.0,1.06,0.319,0.2857,high,Weekday,Morning Rush (7-10 AM),0.319,47.41
1672,18,9:45:00 AM,09:45:00,9,Wednesday,0,0,Morning,52,18,22,16,108,175.0,1.04,0.3519,0.4151,normal,Weekday,Morning Rush (7-10 AM),0.3519,48.15
1673,18,10:00:00 AM,10:00:00,10,Wednesday,0,0,Morning,65,4,19,21,109,187.0,1.11,0.367,0.2879,normal,Weekday,Morning Rush (7-10 AM),0.367,59.63
1674,18,10:15:00 AM,10:15:00,10,Wednesday,0,0,Morning,54,10,30,28,122,233.0,1.39,0.4754,0.5455,high,Weekday,Morning Rush (7-10 AM),0.4754,44.26
1675,18,10:30:00 AM,10:30:00,10,Wednesday,0,0,Morning,37,3,32,18,90,188.5,1.12,0.5556,0.8421,normal,Weekday,Morning Rush (7-10 AM),0.5556,41.11
1676,18,10:45:00 AM,10:45:00,10,Wednesday,0,0,Morning,23,3,37,18,81,189.5,1.13,0.679,1.5417,normal,Weekday,Morning Rush (7-10 AM),0.679,28.4
1677,18,11:00:00 AM,11:00:00,11,Wednesday,0,0,Morning,43,7,7,29,86,154.5,0.92,0.4186,0.1591,normal,Weekday,Off-Peak Hours,0.4186,50.0
1678,18,11:15:00 AM,11:15:00,11,Wednesday,0,0,Morning,22,6,13,24,65,136.0,0.81,0.5692,0.5652,normal,Weekday,Off-Peak Hours,0.5692,33.85
1679,18,11:30:00 AM,11:30:00,11,Wednesday,0,0,Morning,21,10,6,30,67,134.0,0.8,0.5373,0.2727,normal,Weekday,Off-Peak Hours,0.5373,31.34
1680,18,11:45:00 AM,11:45:00,11,Wednesday,0,0,Morning,48,8,11,22,89,151.0,0.9,0.3708,0.2245,normal,Weekday,Off-Peak Hours,0.3708,53.93
1681,18,12:00:00 PM,12:00:00,12,Wednesday,0,0,Afternoon,35,5,12,20,72,133.5,0.79,0.4444,0.3333,normal,Weekday,Off-Peak Hours,0.4444,48.61
1682,18,12:15:00 PM,12:15:00,12,Wednesday,0,0,Afternoon,69,5,13,22,109,176.5,1.05,0.3211,0.1857,normal,Weekday,Off-Peak Hours,0.3211,63.3
1683,18,12:30:00 PM,12:30:00,12,Wednesday,0,0,Afternoon,22,9,10,21,62,119.5,0.71,0.5,0.4348,normal,Weekday,Off-Peak Hours,0.5,35.48
1684,18,12:45:00 PM,12:45:00,12,Wednesday,0,0,Afternoon,46,5,9,23,83,144.5,0.86,0.3855,0.1915,normal,Weekday,Off-Peak Hours,0.3855,55.42
1685,18,1:00:00 PM,13:00:00,13,Wednesday,0,0,Afternoon,49,5,11,21,86,147.5,0.88,0.3721,0.22,normal,Weekday,Off-Peak Hours,0.3721,56.98
1686,18,1:15:00 PM,13:15:00,13,Wednesday,0,0,Afternoon,29,18,29,20,96,185.0,1.1,0.5104,0.9667,normal,Weekday,Off-Peak Hours,0.5104,30.21
1687,18,1:30:00 PM,13:30:00,13,Wednesday,0,0,Afternoon,96,23,31,14,164,242.5,1.44,0.2744,0.3196,high,Weekday,Off-Peak Hours,0.2744,58.54
1688,18,1:45:00 PM,13:45:00,13,Wednesday,0,0,Afternoon,100,27,23,16,166,230.5,1.37,0.2349,0.2277,normal,Weekday,Off-Peak Hours,0.2349,60.24
1689,18,2:00:00 PM,14:00:00,14,Wednesday,0,0,Afternoon,96,22,36,5,159,230.0,1.37,0.2579,0.3711,high,Weekday,Off-Peak Hours,0.2579,60.38
1690,18,2:15:00 PM,14:15:00,14,Wednesday,0,0,Afternoon,27,26,25,15,93,160.0,0.95,0.4301,0.8929,normal,Weekday,Off-Peak Hours,0.4301,29.03
1691,18,2:30:00 PM,14:30:00,14,Wednesday,0,0,Afternoon,114,21,32,5,172,235.5,1.4,0.2151,0.2783,heavy,Weekday,Off-Peak Hours,0.2151,66.28
1692,18,2:45:00 PM,14:45:00,14,Wednesday,0,0,Afternoon,74,27,34,10,145,219.5,1.31,0.3034,0.4533,high,Weekday,Off-Peak Hours,0.3034,51.03
1693,18,3:00:00 PM,15:00:00,15,Wednesday,0,0,Afternoon,14,16,9,14,53,91.0,0.54,0.434,0.6,normal,Weekday,Off-Peak Hours,0.434,26.42
1694,18,3:15:00 PM,15:15:00,15,Wednesday,0,0,Afternoon,84,30,26,10,150,207.0,1.23,0.24,0.3059,high,Weekday,Off-Peak Hours,0.24,56.0
1695,18,3:30:00 PM,15:30:00,15,Wednesday,0,0,Afternoon,96,19,14,18,147,201.5,1.2,0.2177,0.1443,normal,Weekday,Off-Peak Hours,0.2177,65.31
1696,18,3:45:00 PM,15:45:00,15,Wednesday,0,0,Afternoon,40,15,28,5,88,146.5,0.87,0.375,0.6829,normal,Weekday,Off-Peak Hours,0.375,45.45
1697,18,4:00:00 PM,16:00:00,16,Wednesday,0,1,Afternoon,110,15,46,5,176,270.5,1.61,0.2898,0.4144,heavy,Weekday,Evening Rush (4-7 PM),0.2898,62.5
1698,18,4:15:00 PM,16:15:00,16,Wednesday,0,1,Afternoon,138,39,31,7,215,271.5,1.62,0.1767,0.223,heavy,Weekday,Evening Rush (4-7 PM),0.1767,64.19
1699,18,4:30:00 PM,16:30:00,16,Wednesday,0,1,Afternoon,118,32,32,10,192,260.0,1.55,0.2188,0.2689,heavy,Weekday,Evening Rush (4-7 PM),0.2187,61.46
1700,18,4:45:00 PM,16:45:00,16,Wednesday,0,1,Afternoon,142,34,38,9,223,300.0,1.79,0.2108,0.2657,normal,Weekday,Evening Rush (4-7 PM),0.2108,63.68
1701,18,5:00:00 PM,17:00:00,17,Wednesday,0,1,Evening,113,13,36,5,167,242.5,1.44,0.2455,0.3158,normal,Weekday,Evening Rush (4-7 PM),0.2455,67.66
1702,18,5:15:00 PM,17:15:00,17,Wednesday,0,1,Evening,104,29,32,7,172,235.5,1.4,0.2267,0.3048,heavy,Weekday,Evening Rush (4-7 PM),0.2267,60.47
1703,18,5:30:00 PM,17:30:00,17,Wednesday,0,1,Evening,134,39,21,9,203,243.5,1.45,0.1478,0.1556,heavy,Weekday,Evening Rush (4-7 PM),0.1478,66.01
1704,18,5:45:00 PM,17:45:00,17,Wednesday,0,1,Evening,107,15,48,5,175,273.5,1.63,0.3029,0.4444,heavy,Weekday,Evening Rush (4-7 PM),0.3029,61.14
1705,18,6:00:00 PM,18:00:00,18,Wednesday,0,1,Evening,139,25,43,7,214,301.5,1.79,0.2336,0.3071,heavy,Weekday,Evening Rush (4-7 PM),0.2336,64.95
1706,18,6:15:00 PM,18:15:00,18,Wednesday,0,1,Evening,128,20,20,6,174,216.0,1.29,0.1494,0.155,heavy,Weekday,Evening Rush (4-7 PM),0.1494,73.56
1707,18,6:30:00 PM,18:30:00,18,Wednesday,0,1,Evening,101,13,47,10,171,278.5,1.66,0.3333,0.4608,heavy,Weekday,Evening Rush (4-7 PM),0.3333,59.06
1708,18,6:45:00 PM,18:45:00,18,Wednesday,0,1,Evening,105,17,13,23,158,221.5,1.32,0.2278,0.1226,high,Weekday,Evening Rush (4-7 PM),0.2278,66.46
1709,18,7:00:00 PM,19:00:00,19,Wednesday,0,0,Evening,103,14,13,9,139,176.0,1.05,0.1583,0.125,normal,Weekday,Evening Rush (4-7 PM),0.1583,74.1
1710,18,7:15:00 PM,19:15:00,19,Wednesday,0,0,Evening,51,23,15,13,102,146.5,0.87,0.2745,0.2885,normal,Weekday,Evening Rush (4-7 PM),0.2745,50.0
1711,18,7:30:00 PM,19:30:00,19,Wednesday,0,0,Evening,84,10,16,20,130,197.0,1.17,0.2769,0.1882,normal,Weekday,Evening Rush (4-7 PM),0.2769,64.62
1712,18,7:45:00 PM,19:45:00,19,Wednesday,0,0,Evening,97,25,19,24,165,238.5,1.42,0.2606,0.1939,high,Weekday,Evening Rush (4-7 PM),0.2606,58.79
1713,18,8:00:00 PM,20:00:00,20,Wednesday,0,0,Evening,98,8,10,19,135,189.0,1.13,0.2148,0.101,normal,Weekday,Night Freight (8-11 PM),0.2148,72.59
1714,18,8:15:00 PM,20:15:00,20,Wednesday,0,0,Evening,94,13,19,25,151,232.5,1.38,0.2914,0.2,high,Weekday,Night Freight (8-11 PM),0.2914,62.25
1715,18,8:30:00 PM,20:30:00,20,Wednesday,0,0,Evening,105,25,11,35,176,255.5,1.52,0.2614,0.1038,heavy,Weekday,Night Freight (8-11 PM),0.2614,59.66
1716,18,8:45:00 PM,20:45:00,20,Wednesday,0,0,Evening,74,9,13,6,102,135.5,0.81,0.1863,0.1733,low,Weekday,Night Freight (8-11 PM),0.1863,72.55
1717,18,9:00:00 PM,21:00:00,21,Wednesday,0,0,Evening,57,18,13,28,116,189.0,1.13,0.3534,0.2241,high,Weekday,Night Freight (8-11 PM),0.3534,49.14
1718,18,9:15:00 PM,21:15:00,21,Wednesday,0,0,Evening,57,14,11,33,115,196.0,1.17,0.3826,0.1897,high,Weekday,Night Freight (8-11 PM),0.3826,49.57
1719,18,9:30:00 PM,21:30:00,21,Wednesday,0,0,Evening,84,23,19,15,141,197.5,1.18,0.2411,0.2235,normal,Weekday,Night Freight (8-11 PM),0.2411,59.57
1720,18,9:45:00 PM,21:45:00,21,Wednesday,0,0,Evening,105,14,16,33,168,259.0,1.54,0.2917,0.1509,heavy,Weekday,Night Freight (8-11 PM),0.2917,62.5
1721,18,10:00:00 PM,22:00:00,22,Wednesday,0,0,Night,10,4,1,38,53,129.0,0.77,0.7358,0.0909,normal,Weekday,Night Freight (8-11 PM),0.7358,18.87
1722,18,10:15:00 PM,22:15:00,22,Wednesday,0,0,Night,15,1,1,29,46,105.5,0.63,0.6522,0.0625,normal,Weekday,Night Freight (8-11 PM),0.6522,32.61
1723,18,10:30:00 PM,22:30:00,22,Wednesday,0,0,Night,14,1,1,25,41,92.5,0.55,0.6341,0.0667,normal,Weekday,Night Freight (8-11 PM),0.6341,34.15
1724,18,10:45:00 PM,22:45:00,22,Wednesday,0,0,Night,20,2,0,37,59,132.0,0.79,0.6271,0.0,normal,Weekday,Night Freight (8-11 PM),0.6271,33.9
1725,18,11:00:00 PM,23:00:00,23,Wednesday,0,0,Night,20,1,0,27,48,101.5,0.6,0.5625,0.0,normal,Weekday,Night Freight (8-11 PM),0.5625,41.67
1726,18,11:15:00 PM,23:15:00,23,Wednesday,0,0,Night,13,1,1,18,33,70.5,0.42,0.5758,0.0714,normal,Weekday,Night Freight (8-11 PM),0.5758,39.39
1727,18,11:30:00 PM,23:30:00,23,Wednesday,0,0,Night,19,0,0,35,54,124.0,0.74,0.6481,0.0,normal,Weekday,Night Freight (8-11 PM),0.6481,35.19
1728,18,11:45:00 PM,23:45:00,23,Wednesday,0,0,Night,14,1,1,27,43,98.5,0.59,0.6512,0.0667,normal,Weekday,Night Freight (8-11 PM),0.6512,32.56
1729,19,12:00:00 AM,00:00:00,0,Thursday,0,0,Night,13,5,0,12,30,51.5,0.31,0.4,0.0,low,Weekday,Off-Peak Hours,0.4,43.33
1730,19,12:15:00 AM,00:15:00,0,Thursday,0,0,Night,18,5,0,12,35,56.5,0.34,0.3429,0.0,low,Weekday,Off-Peak Hours,0.3429,51.43
1731,19,12:30:00 AM,00:30:00,0,Thursday,0,0,Night,10,3,1,32,46,110.5,0.66,0.7174,0.0909,normal,Weekday,Off-Peak Hours,0.7174,21.74
1732,19,12:45:00 AM,00:45:00,0,Thursday,0,0,Night,14,2,0,15,31,60.0,0.36,0.4839,0.0,normal,Weekday,Off-Peak Hours,0.4839,45.16
1733,19,1:00:00 AM,01:00:00,1,Thursday,0,0,Night,16,3,0,15,34,62.5,0.37,0.4412,0.0,normal,Weekday,Off-Peak Hours,0.4412,47.06
1734,19,1:15:00 AM,01:15:00,1,Thursday,0,0,Night,14,2,0,25,41,90.0,0.54,0.6098,0.0,normal,Weekday,Off-Peak Hours,0.6098,34.15
1735,19,1:30:00 AM,01:30:00,1,Thursday,0,0,Night,17,5,0,18,40,73.5,0.44,0.45,0.0,normal,Weekday,Off-Peak Hours,0.45,42.5
1736,19,1:45:00 AM,01:45:00,1,Thursday,0,0,Night,13,1,0,28,42,97.5,0.58,0.6667,0.0,normal,Weekday,Off-Peak Hours,0.6667,30.95
1737,19,2:00:00 AM,02:00:00,2,Thursday,0,0,Night,19,0,1,20,40,82.0,0.49,0.525,0.05,normal,Weekday,Off-Peak Hours,0.525,47.5
1738,19,2:15:00 AM,02:15:00,2,Thursday,0,0,Night,15,4,0,40,59,137.0,0.82,0.678,0.0,normal,Weekday,Off-Peak Hours,0.678,25.42
1739,19,2:30:00 AM,02:30:00,2,Thursday,0,0,Night,14,3,1,26,44,96.5,0.57,0.6136,0.0667,normal,Weekday,Off-Peak Hours,0.6136,31.82
1740,19,2:45:00 AM,02:45:00,2,Thursday,0,0,Night,15,4,0,14,33,59.0,0.35,0.4242,0.0,normal,Weekday,Off-Peak Hours,0.4242,45.45
1741,19,3:00:00 AM,03:00:00,3,Thursday,0,0,Night,12,3,1,13,29,55.5,0.33,0.4828,0.0769,normal,Weekday,Off-Peak Hours,0.4828,41.38
1742,19,3:15:00 AM,03:15:00,3,Thursday,0,0,Night,12,4,0,31,47,107.0,0.64,0.6596,0.0,normal,Weekday,Off-Peak Hours,0.6596,25.53
1743,19,3:30:00 AM,03:30:00,3,Thursday,0,0,Night,17,4,1,20,42,82.0,0.49,0.5,0.0556,normal,Weekday,Off-Peak Hours,0.5,40.48
1744,19,3:45:00 AM,03:45:00,3,Thursday,0,0,Night,12,0,1,13,26,54.0,0.32,0.5385,0.0769,normal,Weekday,Off-Peak Hours,0.5385,46.15
1745,19,4:00:00 AM,04:00:00,4,Thursday,0,0,Night,18,2,0,16,36,67.0,0.4,0.4444,0.0,normal,Weekday,Off-Peak Hours,0.4444,50.0
1746,19,4:15:00 AM,04:15:00,4,Thursday,0,0,Night,115,16,10,13,154,192.0,1.14,0.1494,0.0862,normal,Weekday,Off-Peak Hours,0.1494,74.68
1747,19,4:30:00 AM,04:30:00,4,Thursday,0,0,Night,117,5,10,15,147,194.5,1.16,0.1701,0.0847,normal,Weekday,Off-Peak Hours,0.1701,79.59
1748,19,4:45:00 AM,04:45:00,4,Thursday,0,0,Night,92,26,8,7,133,150.0,0.89,0.1128,0.086,normal,Weekday,Off-Peak Hours,0.1128,69.17
1749,19,5:00:00 AM,05:00:00,5,Thursday,0,0,Morning,88,3,6,4,101,119.5,0.71,0.099,0.0674,low,Weekday,Off-Peak Hours,0.099,87.13
1750,19,5:15:00 AM,05:15:00,5,Thursday,0,0,Morning,109,11,4,3,127,135.5,0.81,0.0551,0.0364,normal,Weekday,Off-Peak Hours,0.0551,85.83
1751,19,5:30:00 AM,05:30:00,5,Thursday,0,0,Morning,81,4,0,20,105,143.0,0.85,0.1905,0.0,normal,Weekday,Off-Peak Hours,0.1905,77.14
1752,19,5:45:00 AM,05:45:00,5,Thursday,0,0,Morning,118,2,5,19,144,191.0,1.14,0.1667,0.042,normal,Weekday,Off-Peak Hours,0.1667,81.94
1753,19,6:00:00 AM,06:00:00,6,Thursday,0,1,Morning,107,26,31,2,166,219.0,1.3,0.1988,0.287,high,Weekday,Off-Peak Hours,0.1988,64.46
1754,19,6:15:00 AM,06:15:00,6,Thursday,0,1,Morning,103,11,35,5,154,228.5,1.36,0.2597,0.3365,high,Weekday,Off-Peak Hours,0.2597,66.88
1755,19,6:30:00 AM,06:30:00,6,Thursday,0,1,Morning,145,13,33,3,194,259.5,1.54,0.1856,0.226,heavy,Weekday,Off-Peak Hours,0.1856,74.74
1756,19,6:45:00 AM,06:45:00,6,Thursday,0,1,Morning,143,22,37,4,206,277.0,1.65,0.199,0.2569,heavy,Weekday,Off-Peak Hours,0.199,69.42
1757,19,7:00:00 AM,07:00:00,7,Thursday,0,1,Morning,113,38,50,3,204,291.0,1.73,0.2598,0.4386,heavy,Weekday,Morning Rush (7-10 AM),0.2598,55.39
1758,19,7:15:00 AM,07:15:00,7,Thursday,0,1,Morning,149,10,47,3,209,304.0,1.81,0.2392,0.3133,heavy,Weekday,Morning Rush (7-10 AM),0.2392,71.29
1759,19,7:30:00 AM,07:30:00,7,Thursday,0,1,Morning,132,33,35,2,202,259.5,1.54,0.1832,0.2632,heavy,Weekday,Morning Rush (7-10 AM),0.1832,65.35
1760,19,7:45:00 AM,07:45:00,7,Thursday,0,1,Morning,119,40,41,2,202,268.0,1.6,0.2129,0.3417,heavy,Weekday,Morning Rush (7-10 AM),0.2129,58.91
1761,19,8:00:00 AM,08:00:00,8,Thursday,0,1,Morning,133,31,27,2,193,235.5,1.4,0.1503,0.2015,heavy,Weekday,Morning Rush (7-10 AM),0.1503,68.91
1762,19,8:15:00 AM,08:15:00,8,Thursday,0,1,Morning,140,20,44,4,208,294.0,1.75,0.2308,0.3121,heavy,Weekday,Morning Rush (7-10 AM),0.2308,67.31
1763,19,8:30:00 AM,08:30:00,8,Thursday,0,1,Morning,140,34,31,1,206,253.0,1.51,0.1553,0.2199,heavy,Weekday,Morning Rush (7-10 AM),0.1553,67.96
1764,19,8:45:00 AM,08:45:00,8,Thursday,0,1,Morning,128,37,50,2,217,302.5,1.8,0.2396,0.3876,heavy,Weekday,Morning Rush (7-10 AM),0.2396,58.99
1765,19,9:00:00 AM,09:00:00,9,Thursday,0,0,Morning,132,11,24,3,170,218.5,1.3,0.1588,0.1805,heavy,Weekday,Morning Rush (7-10 AM),0.1588,77.65
1766,19,9:15:00 AM,09:15:00,9,Thursday,0,0,Morning,23,8,40,27,98,228.0,1.36,0.6837,1.6667,normal,Weekday,Morning Rush (7-10 AM),0.6837,23.47
1767,19,9:30:00 AM,09:30:00,9,Thursday,0,0,Morning,75,2,18,29,124,217.0,1.29,0.379,0.2368,high,Weekday,Morning Rush (7-10 AM),0.379,60.48
1768,19,9:45:00 AM,09:45:00,9,Thursday,0,0,Morning,99,14,33,14,160,247.0,1.47,0.2938,0.33,high,Weekday,Morning Rush (7-10 AM),0.2937,61.87
1769,19,10:00:00 AM,10:00:00,10,Thursday,0,0,Morning,10,1,13,7,31,70.5,0.42,0.6452,1.1818,low,Weekday,Morning Rush (7-10 AM),0.6452,32.26
1770,19,10:15:00 AM,10:15:00,10,Thursday,0,0,Morning,74,21,29,26,150,249.5,1.49,0.3667,0.3867,high,Weekday,Morning Rush (7-10 AM),0.3667,49.33
1771,19,10:30:00 AM,10:30:00,10,Thursday,0,0,Morning,29,15,25,5,74,126.5,0.75,0.4054,0.8333,normal,Weekday,Morning Rush (7-10 AM),0.4054,39.19
1772,19,10:45:00 AM,10:45:00,10,Thursday,0,0,Morning,50,17,38,24,129,244.5,1.46,0.4806,0.7451,high,Weekday,Morning Rush (7-10 AM),0.4806,38.76
1773,19,11:00:00 AM,11:00:00,11,Thursday,0,0,Morning,64,9,14,20,107,170.5,1.02,0.3178,0.2154,normal,Weekday,Off-Peak Hours,0.3178,59.81
1774,19,11:15:00 AM,11:15:00,11,Thursday,0,0,Morning,49,5,10,21,85,144.5,0.86,0.3647,0.2,normal,Weekday,Off-Peak Hours,0.3647,57.65
1775,19,11:30:00 AM,11:30:00,11,Thursday,0,0,Morning,39,7,10,30,86,162.5,0.97,0.4651,0.25,normal,Weekday,Off-Peak Hours,0.4651,45.35
1776,19,11:45:00 AM,11:45:00,11,Thursday,0,0,Morning,68,5,5,24,102,157.5,0.94,0.2843,0.0725,normal,Weekday,Off-Peak Hours,0.2843,66.67
1777,19,12:00:00 PM,12:00:00,12,Thursday,0,0,Afternoon,67,7,8,22,104,160.5,0.96,0.2885,0.1176,normal,Weekday,Off-Peak Hours,0.2885,64.42
1778,19,12:15:00 PM,12:15:00,12,Thursday,0,0,Afternoon,47,8,3,25,83,135.0,0.8,0.3373,0.0625,normal,Weekday,Off-Peak Hours,0.3373,56.63
1779,19,12:30:00 PM,12:30:00,12,Thursday,0,0,Afternoon,66,9,7,24,106,163.5,0.97,0.2925,0.1045,normal,Weekday,Off-Peak Hours,0.2925,62.26
1780,19,12:45:00 PM,12:45:00,12,Thursday,0,0,Afternoon,46,8,3,22,79,125.0,0.74,0.3165,0.0638,normal,Weekday,Off-Peak Hours,0.3165,58.23
1781,19,1:00:00 PM,13:00:00,13,Thursday,0,0,Afternoon,54,6,12,21,93,156.0,0.93,0.3548,0.2182,normal,Weekday,Off-Peak Hours,0.3548,58.06
1782,19,1:15:00 PM,13:15:00,13,Thursday,0,0,Afternoon,18,16,32,18,84,176.0,1.05,0.5952,1.6842,normal,Weekday,Off-Peak Hours,0.5952,21.43
1783,19,1:30:00 PM,13:30:00,13,Thursday,0,0,Afternoon,24,20,7,9,60,82.0,0.49,0.2667,0.28,low,Weekday,Off-Peak Hours,0.2667,40.0
1784,19,1:45:00 PM,13:45:00,13,Thursday,0,0,Afternoon,113,17,16,20,166,229.5,1.37,0.2169,0.1404,normal,Weekday,Off-Peak Hours,0.2169,68.07
1785,19,2:00:00 PM,14:00:00,14,Thursday,0,0,Afternoon,52,13,15,10,90,133.5,0.79,0.2778,0.283,low,Weekday,Off-Peak Hours,0.2778,57.78
1786,19,2:15:00 PM,14:15:00,14,Thursday,0,0,Afternoon,58,26,25,18,127,200.0,1.19,0.3386,0.4237,normal,Weekday,Off-Peak Hours,0.3386,45.67
1787,19,2:30:00 PM,14:30:00,14,Thursday,0,0,Afternoon,44,19,22,6,91,137.5,0.82,0.3077,0.4889,normal,Weekday,Off-Peak Hours,0.3077,48.35
1788,19,2:45:00 PM,14:45:00,14,Thursday,0,0,Afternoon,8,26,34,9,77,150.0,0.89,0.5584,3.7778,normal,Weekday,Off-Peak Hours,0.5584,10.39
1789,19,3:00:00 PM,15:00:00,15,Thursday,0,0,Afternoon,31,10,27,8,76,141.0,0.84,0.4605,0.8438,normal,Weekday,Off-Peak Hours,0.4605,40.79
1790,19,3:15:00 PM,15:15:00,15,Thursday,0,0,Afternoon,115,24,16,5,160,190.0,1.13,0.1312,0.1379,normal,Weekday,Off-Peak Hours,0.1312,71.87
1791,19,3:30:00 PM,15:30:00,15,Thursday,0,0,Afternoon,56,29,16,16,117,166.5,0.99,0.2735,0.2807,normal,Weekday,Off-Peak Hours,0.2735,47.86
1792,19,3:45:00 PM,15:45:00,15,Thursday,0,0,Afternoon,7,12,33,12,64,148.0,0.88,0.7031,4.125,normal,Weekday,Off-Peak Hours,0.7031,10.94
1793,19,4:00:00 PM,16:00:00,16,Thursday,0,1,Afternoon,133,10,46,10,199,306.0,1.82,0.2814,0.3433,heavy,Weekday,Evening Rush (4-7 PM),0.2814,66.83
1794,19,4:15:00 PM,16:15:00,16,Thursday,0,1,Afternoon,104,31,37,6,178,248.5,1.48,0.2416,0.3524,heavy,Weekday,Evening Rush (4-7 PM),0.2416,58.43
1795,19,4:30:00 PM,16:30:00,16,Thursday,0,1,Afternoon,100,38,36,9,183,254.0,1.51,0.2459,0.3564,heavy,Weekday,Evening Rush (4-7 PM),0.2459,54.64
1796,19,4:45:00 PM,16:45:00,16,Thursday,0,1,Afternoon,127,25,37,5,194,265.5,1.58,0.2165,0.2891,heavy,Weekday,Evening Rush (4-7 PM),0.2165,65.46
1797,19,5:00:00 PM,17:00:00,17,Thursday,0,1,Evening,118,32,48,6,204,296.0,1.76,0.2647,0.4034,heavy,Weekday,Evening Rush (4-7 PM),0.2647,57.84
1798,19,5:15:00 PM,17:15:00,17,Thursday,0,1,Evening,147,19,31,8,205,273.5,1.63,0.1902,0.2095,heavy,Weekday,Evening Rush (4-7 PM),0.1902,71.71
1799,19,5:30:00 PM,17:30:00,17,Thursday,0,1,Evening,123,36,34,5,198,258.0,1.54,0.197,0.2742,heavy,Weekday,Evening Rush (4-7 PM),0.197,62.12
1800,19,5:45:00 PM,17:45:00,17,Thursday,0,1,Evening,111,24,25,5,165,213.0,1.27,0.1818,0.2232,normal,Weekday,Evening Rush (4-7 PM),0.1818,67.27
1801,19,6:00:00 PM,18:00:00,18,Thursday,0,1,Evening,121,16,42,8,187,279.0,1.66,0.2674,0.3443,heavy,Weekday,Evening Rush (4-7 PM),0.2674,64.71
1802,19,6:15:00 PM,18:15:00,18,Thursday,0,1,Evening,119,38,47,7,211,300.0,1.79,0.2559,0.3917,heavy,Weekday,Evening Rush (4-7 PM),0.2559,56.4
1803,19,6:30:00 PM,18:30:00,18,Thursday,0,1,Evening,132,30,41,6,209,288.0,1.71,0.2249,0.3083,heavy,Weekday,Evening Rush (4-7 PM),0.2249,63.16
1804,19,6:45:00 PM,18:45:00,18,Thursday,0,1,Evening,52,6,12,18,88,145.0,0.86,0.3409,0.2264,normal,Weekday,Evening Rush (4-7 PM),0.3409,59.09
1805,19,7:00:00 PM,19:00:00,19,Thursday,0,0,Evening,97,21,10,8,136,161.5,0.96,0.1324,0.102,normal,Weekday,Evening Rush (4-7 PM),0.1324,71.32
1806,19,7:15:00 PM,19:15:00,19,Thursday,0,0,Evening,50,16,20,31,117,211.0,1.26,0.4359,0.3922,high,Weekday,Evening Rush (4-7 PM),0.4359,42.74
1807,19,7:30:00 PM,19:30:00,19,Thursday,0,0,Evening,94,25,19,8,146,187.5,1.12,0.1849,0.2,normal,Weekday,Evening Rush (4-7 PM),0.1849,64.38
1808,19,7:45:00 PM,19:45:00,19,Thursday,0,0,Evening,66,11,18,34,129,227.5,1.35,0.4031,0.2687,high,Weekday,Evening Rush (4-7 PM),0.4031,51.16
1809,19,8:00:00 PM,20:00:00,20,Thursday,0,0,Evening,105,16,15,6,142,176.0,1.05,0.1479,0.1415,normal,Weekday,Night Freight (8-11 PM),0.1479,73.94
1810,19,8:15:00 PM,20:15:00,20,Thursday,0,0,Evening,56,23,10,18,107,151.5,0.9,0.2617,0.1754,normal,Weekday,Night Freight (8-11 PM),0.2617,52.34
1811,19,8:30:00 PM,20:30:00,20,Thursday,0,0,Evening,105,19,10,25,159,219.5,1.31,0.2201,0.0943,high,Weekday,Night Freight (8-11 PM),0.2201,66.04
1812,19,8:45:00 PM,20:45:00,20,Thursday,0,0,Evening,60,18,11,16,105,150.0,0.89,0.2571,0.1803,normal,Weekday,Night Freight (8-11 PM),0.2571,57.14
1813,19,9:00:00 PM,21:00:00,21,Thursday,0,0,Evening,88,10,14,11,123,168.0,1.0,0.2033,0.1573,normal,Weekday,Night Freight (8-11 PM),0.2033,71.54
1814,19,9:15:00 PM,21:15:00,21,Thursday,0,0,Evening,110,6,14,23,153,224.0,1.33,0.2418,0.1261,high,Weekday,Night Freight (8-11 PM),0.2418,71.9
1815,19,9:30:00 PM,21:30:00,21,Thursday,0,0,Evening,78,20,11,35,144,226.0,1.35,0.3194,0.1392,high,Weekday,Night Freight (8-11 PM),0.3194,54.17
1816,19,9:45:00 PM,21:45:00,21,Thursday,0,0,Evening,105,14,10,7,136,163.0,0.97,0.125,0.0943,normal,Weekday,Night Freight (8-11 PM),0.125,77.21
1817,19,10:00:00 PM,22:00:00,22,Thursday,0,0,Night,18,1,0,10,29,48.5,0.29,0.3448,0.0,low,Weekday,Night Freight (8-11 PM),0.3448,62.07
1818,19,10:15:00 PM,22:15:00,22,Thursday,0,0,Night,18,1,0,27,46,99.5,0.59,0.587,0.0,normal,Weekday,Night Freight (8-11 PM),0.587,39.13
1819,19,10:30:00 PM,22:30:00,22,Thursday,0,0,Night,12,4,1,18,35,71.0,0.42,0.5429,0.0769,normal,Weekday,Night Freight (8-11 PM),0.5429,34.29
1820,19,10:45:00 PM,22:45:00,22,Thursday,0,0,Night,15,4,1,32,52,116.0,0.69,0.6346,0.0625,normal,Weekday,Night Freight (8-11 PM),0.6346,28.85
1821,19,11:00:00 PM,23:00:00,23,Thursday,0,0,Night,13,4,0,32,49,111.0,0.66,0.6531,0.0,normal,Weekday,Night Freight (8-11 PM),0.6531,26.53
1822,19,11:15:00 PM,23:15:00,23,Thursday,0,0,Night,14,4,0,15,33,61.0,0.36,0.4545,0.0,normal,Weekday,Night Freight (8-11 PM),0.4545,42.42
1823,19,11:30:00 PM,23:30:00,23,Thursday,0,0,Night,15,4,0,17,36,68.0,0.4,0.4722,0.0,normal,Weekday,Night Freight (8-11 PM),0.4722,41.67
1824,19,11:45:00 PM,23:45:00,23,Thursday,0,0,Night,14,0,1,21,36,80.0,0.48,0.6111,0.0667,normal,Weekday,Night Freight (8-11 PM),0.6111,38.89
1825,20,12:00:00 AM,00:00:00,0,Friday,0,0,Night,17,5,0,37,59,130.5,0.78,0.6271,0.0,normal,Weekday,Off-Peak Hours,0.6271,28.81
1826,20,12:15:00 AM,00:15:00,0,Friday,0,0,Night,14,4,1,12,31,55.0,0.33,0.4194,0.0667,low,Weekday,Off-Peak Hours,0.4194,45.16
1827,20,12:30:00 AM,00:30:00,0,Friday,0,0,Night,16,2,0,15,33,62.0,0.37,0.4545,0.0,normal,Weekday,Off-Peak Hours,0.4545,48.48
1828,20,12:45:00 AM,00:45:00,0,Friday,0,0,Night,13,4,1,14,32,60.0,0.36,0.4688,0.0714,normal,Weekday,Off-Peak Hours,0.4687,40.62
1829,20,1:00:00 AM,01:00:00,1,Friday,0,0,Night,12,4,0,29,45,101.0,0.6,0.6444,0.0,normal,Weekday,Off-Peak Hours,0.6444,26.67
1830,20,1:15:00 AM,01:15:00,1,Friday,0,0,Night,19,4,1,30,54,114.0,0.68,0.5741,0.05,normal,Weekday,Off-Peak Hours,0.5741,35.19
1831,20,1:30:00 AM,01:30:00,1,Friday,0,0,Night,18,4,0,18,40,74.0,0.44,0.45,0.0,normal,Weekday,Off-Peak Hours,0.45,45.0
1832,20,1:45:00 AM,01:45:00,1,Friday,0,0,Night,18,1,1,12,32,57.5,0.34,0.4062,0.0526,low,Weekday,Off-Peak Hours,0.4062,56.25
1833,20,2:00:00 AM,02:00:00,2,Friday,0,0,Night,20,4,1,21,46,88.0,0.52,0.4783,0.0476,normal,Weekday,Off-Peak Hours,0.4783,43.48
1834,20,2:15:00 AM,02:15:00,2,Friday,0,0,Night,10,2,1,20,33,74.0,0.44,0.6364,0.0909,normal,Weekday,Off-Peak Hours,0.6364,30.3
1835,20,2:30:00 AM,02:30:00,2,Friday,0,0,Night,18,5,1,23,47,92.5,0.55,0.5106,0.0526,normal,Weekday,Off-Peak Hours,0.5106,38.3
1836,20,2:45:00 AM,02:45:00,2,Friday,0,0,Night,16,5,1,30,52,111.5,0.66,0.5962,0.0588,normal,Weekday,Off-Peak Hours,0.5962,30.77
1837,20,3:00:00 AM,03:00:00,3,Friday,0,0,Night,12,3,0,40,55,133.5,0.79,0.7273,0.0,normal,Weekday,Off-Peak Hours,0.7273,21.82
1838,20,3:15:00 AM,03:15:00,3,Friday,0,0,Night,12,2,0,40,54,133.0,0.79,0.7407,0.0,normal,Weekday,Off-Peak Hours,0.7407,22.22
1839,20,3:30:00 AM,03:30:00,3,Friday,0,0,Night,16,0,1,37,54,130.0,0.77,0.7037,0.0588,normal,Weekday,Off-Peak Hours,0.7037,29.63
1840,20,3:45:00 AM,03:45:00,3,Friday,0,0,Night,15,4,1,16,36,68.0,0.4,0.4722,0.0625,normal,Weekday,Off-Peak Hours,0.4722,41.67
1841,20,4:00:00 AM,04:00:00,4,Friday,0,0,Night,13,0,0,38,51,127.0,0.76,0.7451,0.0,normal,Weekday,Off-Peak Hours,0.7451,25.49
1842,20,4:15:00 AM,04:15:00,4,Friday,0,0,Night,61,5,3,14,83,114.5,0.68,0.2048,0.0484,normal,Weekday,Off-Peak Hours,0.2048,73.49
1843,20,4:30:00 AM,04:30:00,4,Friday,0,0,Night,27,15,6,10,58,82.5,0.49,0.2759,0.2143,low,Weekday,Off-Peak Hours,0.2759,46.55
1844,20,4:45:00 AM,04:45:00,4,Friday,0,0,Night,74,11,5,15,105,139.5,0.83,0.1905,0.0667,normal,Weekday,Off-Peak Hours,0.1905,70.48
1845,20,5:00:00 AM,05:00:00,5,Friday,0,0,Morning,70,6,7,14,97,136.0,0.81,0.2165,0.0986,normal,Weekday,Off-Peak Hours,0.2165,72.16
1846,20,5:15:00 AM,05:15:00,5,Friday,0,0,Morning,33,6,0,11,50,69.0,0.41,0.22,0.0,low,Weekday,Off-Peak Hours,0.22,66.0
1847,20,5:30:00 AM,05:30:00,5,Friday,0,0,Morning,29,12,1,13,55,77.0,0.46,0.2545,0.0333,normal,Weekday,Off-Peak Hours,0.2545,52.73
1848,20,5:45:00 AM,05:45:00,5,Friday,0,0,Morning,69,5,7,10,91,122.5,0.73,0.1868,0.1,low,Weekday,Off-Peak Hours,0.1868,75.82
1849,20,6:00:00 AM,06:00:00,6,Friday,0,1,Morning,41,16,7,15,79,115.0,0.68,0.2785,0.1667,normal,Weekday,Off-Peak Hours,0.2785,51.9
1850,20,6:15:00 AM,06:15:00,6,Friday,0,1,Morning,35,11,5,11,62,88.5,0.53,0.2581,0.1389,low,Weekday,Off-Peak Hours,0.2581,56.45
1851,20,6:30:00 AM,06:30:00,6,Friday,0,1,Morning,25,9,6,14,54,89.5,0.53,0.3704,0.2308,normal,Weekday,Off-Peak Hours,0.3704,46.3
1852,20,6:45:00 AM,06:45:00,6,Friday,0,1,Morning,65,15,1,11,92,108.5,0.65,0.1304,0.0152,low,Weekday,Off-Peak Hours,0.1304,70.65
1853,20,7:00:00 AM,07:00:00,7,Friday,0,1,Morning,66,6,3,14,89,120.0,0.71,0.191,0.0448,normal,Weekday,Morning Rush (7-10 AM),0.191,74.16
1854,20,7:15:00 AM,07:15:00,7,Friday,0,1,Morning,27,6,5,15,53,90.0,0.54,0.3774,0.1786,normal,Weekday,Morning Rush (7-10 AM),0.3774,50.94
1855,20,7:30:00 AM,07:30:00,7,Friday,0,1,Morning,75,6,1,10,92,111.0,0.66,0.1196,0.0132,low,Weekday,Morning Rush (7-10 AM),0.1196,81.52
1856,20,7:45:00 AM,07:45:00,7,Friday,0,1,Morning,54,11,4,12,81,107.5,0.64,0.1975,0.0727,low,Weekday,Morning Rush (7-10 AM),0.1975,66.67
1857,20,8:00:00 AM,08:00:00,8,Friday,0,1,Morning,54,18,3,12,87,108.0,0.64,0.1724,0.0545,low,Weekday,Morning Rush (7-10 AM),0.1724,62.07
1858,20,8:15:00 AM,08:15:00,8,Friday,0,1,Morning,69,8,0,14,91,115.0,0.68,0.1538,0.0,normal,Weekday,Morning Rush (7-10 AM),0.1538,75.82
1859,20,8:30:00 AM,08:30:00,8,Friday,0,1,Morning,52,19,6,10,87,109.5,0.65,0.1839,0.1132,low,Weekday,Morning Rush (7-10 AM),0.1839,59.77
1860,20,8:45:00 AM,08:45:00,8,Friday,0,1,Morning,66,8,0,12,86,106.0,0.63,0.1395,0.0,low,Weekday,Morning Rush (7-10 AM),0.1395,76.74
1861,20,9:00:00 AM,09:00:00,9,Friday,0,0,Morning,54,11,0,13,78,98.5,0.59,0.1667,0.0,normal,Weekday,Morning Rush (7-10 AM),0.1667,69.23
1862,20,9:15:00 AM,09:15:00,9,Friday,0,0,Morning,151,48,15,3,217,229.0,1.36,0.0829,0.0987,heavy,Weekday,Morning Rush (7-10 AM),0.0829,69.59
1863,20,9:30:00 AM,09:30:00,9,Friday,0,0,Morning,170,62,18,2,252,261.0,1.55,0.0794,0.1053,heavy,Weekday,Morning Rush (7-10 AM),0.0794,67.46
1864,20,9:45:00 AM,09:45:00,9,Friday,0,0,Morning,134,59,11,3,207,205.5,1.22,0.0676,0.0815,heavy,Weekday,Morning Rush (7-10 AM),0.0676,64.73
1865,20,10:00:00 AM,10:00:00,10,Friday,0,0,Morning,166,63,22,1,252,266.5,1.59,0.0913,0.1317,heavy,Weekday,Morning Rush (7-10 AM),0.0913,65.87
1866,20,10:15:00 AM,10:15:00,10,Friday,0,0,Morning,173,64,10,2,249,241.0,1.43,0.0482,0.0575,heavy,Weekday,Morning Rush (7-10 AM),0.0482,69.48
1867,20,10:30:00 AM,10:30:00,10,Friday,0,0,Morning,176,45,22,2,245,270.5,1.61,0.098,0.1243,heavy,Weekday,Morning Rush (7-10 AM),0.098,71.84
1868,20,10:45:00 AM,10:45:00,10,Friday,0,0,Morning,162,59,27,1,249,275.5,1.64,0.1124,0.1656,heavy,Weekday,Morning Rush (7-10 AM),0.1124,65.06
1869,20,11:00:00 AM,11:00:00,11,Friday,0,0,Morning,171,46,15,3,235,248.0,1.48,0.0766,0.0872,heavy,Weekday,Off-Peak Hours,0.0766,72.77
1870,20,11:15:00 AM,11:15:00,11,Friday,0,0,Morning,158,44,26,2,230,264.0,1.57,0.1217,0.1635,heavy,Weekday,Off-Peak Hours,0.1217,68.7
1871,20,11:30:00 AM,11:30:00,11,Friday,0,0,Morning,151,64,16,0,231,231.0,1.38,0.0693,0.1053,heavy,Weekday,Off-Peak Hours,0.0693,65.37
1872,20,11:45:00 AM,11:45:00,11,Friday,0,0,Morning,162,65,14,3,244,245.5,1.46,0.0697,0.0859,heavy,Weekday,Off-Peak Hours,0.0697,66.39
1873,20,12:00:00 PM,12:00:00,12,Friday,0,0,Afternoon,179,44,23,1,247,273.0,1.63,0.0972,0.1278,heavy,Weekday,Off-Peak Hours,0.0972,72.47
1874,20,12:15:00 PM,12:15:00,12,Friday,0,0,Afternoon,175,59,11,3,248,246.5,1.47,0.0565,0.0625,heavy,Weekday,Off-Peak Hours,0.0565,70.56
1875,20,12:30:00 PM,12:30:00,12,Friday,0,0,Afternoon,173,63,13,2,251,249.5,1.49,0.0598,0.0747,heavy,Weekday,Off-Peak Hours,0.0598,68.92
1876,20,12:45:00 PM,12:45:00,12,Friday,0,0,Afternoon,144,66,11,3,224,219.0,1.3,0.0625,0.0759,heavy,Weekday,Off-Peak Hours,0.0625,64.29
1877,20,1:00:00 PM,13:00:00,13,Friday,0,0,Afternoon,132,68,22,4,226,244.0,1.45,0.115,0.1654,heavy,Weekday,Off-Peak Hours,0.115,58.41
1878,20,1:15:00 PM,13:15:00,13,Friday,0,0,Afternoon,161,50,10,0,221,216.0,1.29,0.0452,0.0617,heavy,Weekday,Off-Peak Hours,0.0452,72.85
1879,20,1:30:00 PM,13:30:00,13,Friday,0,0,Afternoon,151,56,29,1,237,269.0,1.6,0.1266,0.1908,heavy,Weekday,Off-Peak Hours,0.1266,63.71
1880,20,1:45:00 PM,13:45:00,13,Friday,0,0,Afternoon,168,59,24,1,252,272.5,1.62,0.0992,0.142,heavy,Weekday,Off-Peak Hours,0.0992,66.67
1881,20,2:00:00 PM,14:00:00,14,Friday,0,0,Afternoon,144,65,20,3,232,245.5,1.46,0.0991,0.1379,heavy,Weekday,Off-Peak Hours,0.0991,62.07
1882,20,2:15:00 PM,14:15:00,14,Friday,0,0,Afternoon,179,63,12,2,256,252.5,1.5,0.0547,0.0667,heavy,Weekday,Off-Peak Hours,0.0547,69.92
1883,20,2:30:00 PM,14:30:00,14,Friday,0,0,Afternoon,161,56,12,4,233,237.0,1.41,0.0687,0.0741,heavy,Weekday,Off-Peak Hours,0.0687,69.1
1884,20,2:45:00 PM,14:45:00,14,Friday,0,0,Afternoon,134,67,12,1,214,206.5,1.23,0.0607,0.0889,heavy,Weekday,Off-Peak Hours,0.0607,62.62
1885,20,3:00:00 PM,15:00:00,15,Friday,0,0,Afternoon,140,70,23,4,237,256.0,1.52,0.1139,0.1631,heavy,Weekday,Off-Peak Hours,0.1139,59.07
1886,20,3:15:00 PM,15:15:00,15,Friday,0,0,Afternoon,66,29,24,1,120,155.5,0.93,0.2083,0.3582,normal,Weekday,Off-Peak Hours,0.2083,55.0
1887,20,3:30:00 PM,15:30:00,15,Friday,0,0,Afternoon,60,27,17,2,106,130.5,0.78,0.1792,0.2787,normal,Weekday,Off-Peak Hours,0.1792,56.6
1888,20,3:45:00 PM,15:45:00,15,Friday,0,0,Afternoon,89,27,10,2,128,138.5,0.82,0.0938,0.1111,normal,Weekday,Off-Peak Hours,0.0937,69.53
1889,20,4:00:00 PM,16:00:00,16,Friday,0,1,Afternoon,81,29,5,0,115,110.5,0.66,0.0435,0.061,normal,Weekday,Evening Rush (4-7 PM),0.0435,70.43
1890,20,4:15:00 PM,16:15:00,16,Friday,0,1,Afternoon,78,22,12,1,113,128.0,0.76,0.115,0.1519,normal,Weekday,Evening Rush (4-7 PM),0.115,69.03
1891,20,4:30:00 PM,16:30:00,16,Friday,0,1,Afternoon,71,24,18,2,115,143.0,0.85,0.1739,0.25,normal,Weekday,Evening Rush (4-7 PM),0.1739,61.74
1892,20,4:45:00 PM,16:45:00,16,Friday,0,1,Afternoon,50,26,9,1,86,93.0,0.55,0.1163,0.1765,low,Weekday,Evening Rush (4-7 PM),0.1163,58.14
1893,20,5:00:00 PM,17:00:00,17,Friday,0,1,Evening,55,28,5,0,88,84.0,0.5,0.0568,0.0893,low,Weekday,Evening Rush (4-7 PM),0.0568,62.5
1894,20,5:15:00 PM,17:15:00,17,Friday,0,1,Evening,61,20,25,1,107,149.0,0.89,0.243,0.4032,normal,Weekday,Evening Rush (4-7 PM),0.243,57.01
1895,20,5:30:00 PM,17:30:00,17,Friday,0,1,Evening,76,22,14,2,114,135.0,0.8,0.1404,0.1818,normal,Weekday,Evening Rush (4-7 PM),0.1404,66.67
1896,20,5:45:00 PM,17:45:00,17,Friday,0,1,Evening,50,20,23,1,94,132.0,0.79,0.2553,0.451,normal,Weekday,Evening Rush (4-7 PM),0.2553,53.19
1897,20,6:00:00 PM,18:00:00,18,Friday,0,1,Evening,89,26,0,2,117,108.0,0.64,0.0171,0.0,normal,Weekday,Evening Rush (4-7 PM),0.0171,76.07
1898,20,6:15:00 PM,18:15:00,18,Friday,0,1,Evening,62,20,17,0,99,123.0,0.73,0.1717,0.2698,normal,Weekday,Evening Rush (4-7 PM),0.1717,62.63
1899,20,6:30:00 PM,18:30:00,18,Friday,0,1,Evening,83,20,23,2,128,168.0,1.0,0.1953,0.2738,normal,Weekday,Evening Rush (4-7 PM),0.1953,64.84
1900,20,6:45:00 PM,18:45:00,18,Friday,0,1,Evening,65,20,2,0,87,81.0,0.48,0.023,0.0303,low,Weekday,Evening Rush (4-7 PM),0.023,74.71
1901,20,7:00:00 PM,19:00:00,19,Friday,0,0,Evening,60,21,2,1,84,79.5,0.47,0.0357,0.0328,low,Weekday,Evening Rush (4-7 PM),0.0357,71.43
1902,20,7:15:00 PM,19:15:00,19,Friday,0,0,Evening,36,8,3,9,56,76.0,0.45,0.2143,0.0811,low,Weekday,Evening Rush (4-7 PM),0.2143,64.29
1903,20,7:30:00 PM,19:30:00,19,Friday,0,0,Evening,39,5,4,11,59,86.5,0.51,0.2542,0.1,low,Weekday,Evening Rush (4-7 PM),0.2542,66.1
1904,20,7:45:00 PM,19:45:00,19,Friday,0,0,Evening,26,8,3,0,37,39.0,0.23,0.0811,0.1111,low,Weekday,Evening Rush (4-7 PM),0.0811,70.27
1905,20,8:00:00 PM,20:00:00,20,Friday,0,0,Evening,23,4,0,5,32,40.0,0.24,0.1562,0.0,low,Weekday,Night Freight (8-11 PM),0.1562,71.87
1906,20,8:15:00 PM,20:15:00,20,Friday,0,0,Evening,50,2,0,4,56,63.0,0.38,0.0714,0.0,low,Weekday,Night Freight (8-11 PM),0.0714,89.29
1907,20,8:30:00 PM,20:30:00,20,Friday,0,0,Evening,30,2,3,1,36,43.0,0.26,0.1111,0.0968,low,Weekday,Night Freight (8-11 PM),0.1111,83.33
1908,20,8:45:00 PM,20:45:00,20,Friday,0,0,Evening,48,10,4,2,64,71.0,0.42,0.0938,0.0816,low,Weekday,Night Freight (8-11 PM),0.0937,75.0
1909,20,9:00:00 PM,21:00:00,21,Friday,0,0,Evening,39,6,6,1,52,63.0,0.38,0.1346,0.15,low,Weekday,Night Freight (8-11 PM),0.1346,75.0
1910,20,9:15:00 PM,21:15:00,21,Friday,0,0,Evening,47,10,3,9,69,88.0,0.52,0.1739,0.0625,low,Weekday,Night Freight (8-11 PM),0.1739,68.12
1911,20,9:30:00 PM,21:30:00,21,Friday,0,0,Evening,26,3,5,3,37,51.5,0.31,0.2162,0.1852,low,Weekday,Night Freight (8-11 PM),0.2162,70.27
1912,20,9:45:00 PM,21:45:00,21,Friday,0,0,Evening,25,6,3,9,43,64.0,0.38,0.2791,0.1154,low,Weekday,Night Freight (8-11 PM),0.2791,58.14
1913,20,10:00:00 PM,22:00:00,22,Friday,0,0,Night,19,1,0,11,31,52.5,0.31,0.3548,0.0,low,Weekday,Night Freight (8-11 PM),0.3548,61.29
1914,20,10:15:00 PM,22:15:00,22,Friday,0,0,Night,16,5,0,26,47,96.5,0.57,0.5532,0.0,normal,Weekday,Night Freight (8-11 PM),0.5532,34.04
1915,20,10:30:00 PM,22:30:00,22,Friday,0,0,Night,15,2,1,39,57,136.0,0.81,0.7018,0.0625,normal,Weekday,Night Freight (8-11 PM),0.7018,26.32
1916,20,10:45:00 PM,22:45:00,22,Friday,0,0,Night,14,5,0,11,30,49.5,0.29,0.3667,0.0,low,Weekday,Night Freight (8-11 PM),0.3667,46.67
1917,20,11:00:00 PM,23:00:00,23,Friday,0,0,Night,12,2,0,20,34,73.0,0.43,0.5882,0.0,normal,Weekday,Night Freight (8-11 PM),0.5882,35.29
1918,20,11:15:00 PM,23:15:00,23,Friday,0,0,Night,11,2,0,35,48,117.0,0.7,0.7292,0.0,normal,Weekday,Night Freight (8-11 PM),0.7292,22.92
1919,20,11:30:00 PM,23:30:00,23,Friday,0,0,Night,18,5,1,11,35,56.5,0.34,0.3429,0.0526,low,Weekday,Night Freight (8-11 PM),0.3429,51.43
1920,20,11:45:00 PM,23:45:00,23,Friday,0,0,Night,17,2,0,20,39,78.0,0.46,0.5128,0.0,normal,Weekday,Night Freight (8-11 PM),0.5128,43.59
1921,21,12:00:00 AM,00:00:00,0,Sunday,1,0,Night,19,5,1,30,55,114.5,0.68,0.5636,0.05,normal,Weekend,Off-Peak Hours,0.5636,34.55
1922,21,12:15:00 AM,00:15:00,0,Sunday,1,0,Night,17,4,1,24,46,94.0,0.56,0.5435,0.0556,normal,Weekend,Off-Peak Hours,0.5435,36.96
1923,21,12:30:00 AM,00:30:00,0,Sunday,1,0,Night,16,3,0,14,33,59.5,0.35,0.4242,0.0,normal,Weekend,Off-Peak Hours,0.4242,48.48
1924,21,12:45:00 AM,00:45:00,0,Sunday,1,0,Night,16,3,1,23,43,89.5,0.53,0.5581,0.0588,normal,Weekend,Off-Peak Hours,0.5581,37.21
1925,21,1:00:00 AM,01:00:00,1,Sunday,1,0,Night,20,0,1,17,38,74.0,0.44,0.4737,0.0476,normal,Weekend,Off-Peak Hours,0.4737,52.63
1926,21,1:15:00 AM,01:15:00,1,Sunday,1,0,Night,20,0,0,37,57,131.0,0.78,0.6491,0.0,normal,Weekend,Off-Peak Hours,0.6491,35.09
1927,21,1:30:00 AM,01:30:00,1,Sunday,1,0,Night,18,0,1,30,49,111.0,0.66,0.6327,0.0526,normal,Weekend,Off-Peak Hours,0.6327,36.73
1928,21,1:45:00 AM,01:45:00,1,Sunday,1,0,Night,19,1,0,14,34,61.5,0.37,0.4118,0.0,normal,Weekend,Off-Peak Hours,0.4118,55.88
1929,21,2:00:00 AM,02:00:00,2,Sunday,1,0,Night,18,5,0,29,52,107.5,0.64,0.5577,0.0,normal,Weekend,Off-Peak Hours,0.5577,34.62
1930,21,2:15:00 AM,02:15:00,2,Sunday,1,0,Night,11,1,0,22,34,77.5,0.46,0.6471,0.0,normal,Weekend,Off-Peak Hours,0.6471,32.35
1931,21,2:30:00 AM,02:30:00,2,Sunday,1,0,Night,20,3,0,24,47,93.5,0.56,0.5106,0.0,normal,Weekend,Off-Peak Hours,0.5106,42.55
1932,21,2:45:00 AM,02:45:00,2,Sunday,1,0,Night,12,2,1,10,25,46.0,0.27,0.44,0.0769,low,Weekend,Off-Peak Hours,0.44,48.0
1933,21,3:00:00 AM,03:00:00,3,Sunday,1,0,Night,19,5,1,31,56,117.5,0.7,0.5714,0.05,normal,Weekend,Off-Peak Hours,0.5714,33.93
1934,21,3:15:00 AM,03:15:00,3,Sunday,1,0,Night,10,0,0,32,42,106.0,0.63,0.7619,0.0,normal,Weekend,Off-Peak Hours,0.7619,23.81
1935,21,3:30:00 AM,03:30:00,3,Sunday,1,0,Night,14,1,1,12,28,53.5,0.32,0.4643,0.0667,low,Weekend,Off-Peak Hours,0.4643,50.0
1936,21,3:45:00 AM,03:45:00,3,Sunday,1,0,Night,14,2,1,24,41,90.0,0.54,0.6098,0.0667,normal,Weekend,Off-Peak Hours,0.6098,34.15
1937,21,4:00:00 AM,04:00:00,4,Sunday,1,0,Night,10,3,0,32,45,107.5,0.64,0.7111,0.0,normal,Weekend,Off-Peak Hours,0.7111,22.22
1938,21,4:15:00 AM,04:15:00,4,Sunday,1,0,Night,97,23,6,17,143,177.5,1.06,0.1608,0.0612,normal,Weekend,Off-Peak Hours,0.1608,67.83
1939,21,4:30:00 AM,04:30:00,4,Sunday,1,0,Night,104,22,7,11,144,169.0,1.01,0.125,0.0667,normal,Weekend,Off-Peak Hours,0.125,72.22
1940,21,4:45:00 AM,04:45:00,4,Sunday,1,0,Night,100,15,8,20,143,191.5,1.14,0.1958,0.0792,normal,Weekend,Off-Peak Hours,0.1958,69.93
1941,21,5:00:00 AM,05:00:00,5,Sunday,1,0,Morning,87,7,7,4,105,123.5,0.74,0.1048,0.0795,low,Weekend,Off-Peak Hours,0.1048,82.86
1942,21,5:15:00 AM,05:15:00,5,Sunday,1,0,Morning,77,27,8,10,122,144.5,0.86,0.1475,0.1026,normal,Weekend,Off-Peak Hours,0.1475,63.11
1943,21,5:30:00 AM,05:30:00,5,Sunday,1,0,Morning,51,7,4,5,67,81.5,0.49,0.1343,0.0769,low,Weekend,Off-Peak Hours,0.1343,76.12
1944,21,5:45:00 AM,05:45:00,5,Sunday,1,0,Morning,79,1,10,6,96,127.5,0.76,0.1667,0.125,low,Weekend,Off-Peak Hours,0.1667,82.29
1945,21,6:00:00 AM,06:00:00,6,Sunday,1,1,Morning,100,40,29,5,174,222.0,1.32,0.1954,0.2871,heavy,Weekend,Off-Peak Hours,0.1954,57.47
1946,21,6:15:00 AM,06:15:00,6,Sunday,1,1,Morning,112,13,39,0,164,235.5,1.4,0.2378,0.3451,high,Weekend,Off-Peak Hours,0.2378,68.29
1947,21,6:30:00 AM,06:30:00,6,Sunday,1,1,Morning,120,16,34,2,172,236.0,1.41,0.2093,0.281,heavy,Weekend,Off-Peak Hours,0.2093,69.77
1948,21,6:45:00 AM,06:45:00,6,Sunday,1,1,Morning,123,14,26,3,166,217.0,1.29,0.1747,0.2097,high,Weekend,Off-Peak Hours,0.1747,74.1
1949,21,7:00:00 AM,07:00:00,7,Sunday,1,1,Morning,142,27,27,4,200,248.5,1.48,0.155,0.1888,heavy,Weekend,Morning Rush (7-10 AM),0.155,71.0
1950,21,7:15:00 AM,07:15:00,7,Sunday,1,1,Morning,139,38,49,2,228,311.0,1.85,0.2237,0.35,heavy,Weekend,Morning Rush (7-10 AM),0.2237,60.96
1951,21,7:30:00 AM,07:30:00,7,Sunday,1,1,Morning,134,24,21,2,181,215.0,1.28,0.1271,0.1556,heavy,Weekend,Morning Rush (7-10 AM),0.1271,74.03
1952,21,7:45:00 AM,07:45:00,7,Sunday,1,1,Morning,102,13,31,0,146,201.5,1.2,0.2123,0.301,high,Weekend,Morning Rush (7-10 AM),0.2123,69.86
1953,21,8:00:00 AM,08:00:00,8,Sunday,1,1,Morning,102,16,43,4,165,251.0,1.49,0.2848,0.4175,high,Weekend,Morning Rush (7-10 AM),0.2848,61.82
1954,21,8:15:00 AM,08:15:00,8,Sunday,1,1,Morning,106,16,32,1,155,213.0,1.27,0.2129,0.2991,high,Weekend,Morning Rush (7-10 AM),0.2129,68.39
1955,21,8:30:00 AM,08:30:00,8,Sunday,1,1,Morning,117,19,42,3,181,261.5,1.56,0.2486,0.3559,heavy,Weekend,Morning Rush (7-10 AM),0.2486,64.64
1956,21,8:45:00 AM,08:45:00,8,Sunday,1,1,Morning,139,36,40,3,218,286.0,1.7,0.1972,0.2857,heavy,Weekend,Morning Rush (7-10 AM),0.1972,63.76
1957,21,9:00:00 AM,09:00:00,9,Sunday,1,0,Morning,121,13,25,2,161,208.5,1.24,0.1677,0.2049,normal,Weekend,Morning Rush (7-10 AM),0.1677,75.16
1958,21,9:15:00 AM,09:15:00,9,Sunday,1,0,Morning,65,19,16,11,111,155.5,0.93,0.2432,0.2424,normal,Weekend,Morning Rush (7-10 AM),0.2432,58.56
1959,21,9:30:00 AM,09:30:00,9,Sunday,1,0,Morning,12,25,39,28,104,225.5,1.34,0.6442,3.0,normal,Weekend,Morning Rush (7-10 AM),0.6442,11.54
1960,21,9:45:00 AM,09:45:00,9,Sunday,1,0,Morning,98,21,10,5,134,153.5,0.91,0.1119,0.101,normal,Weekend,Morning Rush (7-10 AM),0.1119,73.13
1961,21,10:00:00 AM,10:00:00,10,Sunday,1,0,Morning,58,9,25,13,105,176.5,1.05,0.3619,0.4237,normal,Weekend,Morning Rush (7-10 AM),0.3619,55.24
1962,21,10:15:00 AM,10:15:00,10,Sunday,1,0,Morning,81,10,39,29,159,290.0,1.73,0.4277,0.4756,high,Weekend,Morning Rush (7-10 AM),0.4277,50.94
1963,21,10:30:00 AM,10:30:00,10,Sunday,1,0,Morning,67,20,33,29,149,263.0,1.57,0.4161,0.4853,high,Weekend,Morning Rush (7-10 AM),0.4161,44.97
1964,21,10:45:00 AM,10:45:00,10,Sunday,1,0,Morning,68,22,25,16,131,202.0,1.2,0.313,0.3623,normal,Weekend,Morning Rush (7-10 AM),0.313,51.91
1965,21,11:00:00 AM,11:00:00,11,Sunday,1,0,Morning,47,10,6,22,85,136.0,0.81,0.3294,0.125,normal,Weekend,Off-Peak Hours,0.3294,55.29
1966,21,11:15:00 AM,11:15:00,11,Sunday,1,0,Morning,45,7,10,27,89,159.5,0.95,0.4157,0.2174,normal,Weekend,Off-Peak Hours,0.4157,50.56
1967,21,11:30:00 AM,11:30:00,11,Sunday,1,0,Morning,54,5,11,24,94,161.5,0.96,0.3723,0.2,normal,Weekend,Off-Peak Hours,0.3723,57.45
1968,21,11:45:00 AM,11:45:00,11,Sunday,1,0,Morning,61,7,15,28,111,193.5,1.15,0.3874,0.2419,normal,Weekend,Off-Peak Hours,0.3874,54.95
1969,21,12:00:00 PM,12:00:00,12,Sunday,1,0,Afternoon,56,5,4,29,94,157.5,0.94,0.3511,0.0702,normal,Weekend,Off-Peak Hours,0.3511,59.57
1970,21,12:15:00 PM,12:15:00,12,Sunday,1,0,Afternoon,23,5,4,27,59,118.5,0.71,0.5254,0.1667,normal,Weekend,Off-Peak Hours,0.5254,38.98
1971,21,12:30:00 PM,12:30:00,12,Sunday,1,0,Afternoon,31,6,8,23,68,127.0,0.76,0.4559,0.25,normal,Weekend,Off-Peak Hours,0.4559,45.59
1972,21,12:45:00 PM,12:45:00,12,Sunday,1,0,Afternoon,27,7,14,28,76,156.5,0.93,0.5526,0.5,normal,Weekend,Off-Peak Hours,0.5526,35.53
1973,21,1:00:00 PM,13:00:00,13,Sunday,1,0,Afternoon,30,7,3,30,70,132.5,0.79,0.4714,0.0968,normal,Weekend,Off-Peak Hours,0.4714,42.86
1974,21,1:15:00 PM,13:15:00,13,Sunday,1,0,Afternoon,114,21,5,14,154,181.5,1.08,0.1234,0.0435,normal,Weekend,Off-Peak Hours,0.1234,74.03
1975,21,1:30:00 PM,13:30:00,13,Sunday,1,0,Afternoon,46,24,35,16,121,211.0,1.26,0.4215,0.7447,high,Weekend,Off-Peak Hours,0.4215,38.02
1976,21,1:45:00 PM,13:45:00,13,Sunday,1,0,Afternoon,68,29,29,20,146,229.5,1.37,0.3356,0.4203,high,Weekend,Off-Peak Hours,0.3356,46.58
1977,21,2:00:00 PM,14:00:00,14,Sunday,1,0,Afternoon,45,16,15,5,81,113.0,0.67,0.2469,0.3261,low,Weekend,Off-Peak Hours,0.2469,55.56
1978,21,2:15:00 PM,14:15:00,14,Sunday,1,0,Afternoon,86,13,11,20,130,185.5,1.1,0.2385,0.1264,normal,Weekend,Off-Peak Hours,0.2385,66.15
1979,21,2:30:00 PM,14:30:00,14,Sunday,1,0,Afternoon,44,11,19,15,89,151.5,0.9,0.382,0.4222,normal,Weekend,Off-Peak Hours,0.382,49.44
1980,21,2:45:00 PM,14:45:00,14,Sunday,1,0,Afternoon,45,17,13,20,95,152.5,0.91,0.3474,0.2826,normal,Weekend,Off-Peak Hours,0.3474,47.37
1981,21,3:00:00 PM,15:00:00,15,Sunday,1,0,Afternoon,106,17,7,12,142,171.5,1.02,0.1338,0.0654,normal,Weekend,Off-Peak Hours,0.1338,74.65
1982,21,3:15:00 PM,15:15:00,15,Sunday,1,0,Afternoon,44,16,9,13,82,118.0,0.7,0.2683,0.2,normal,Weekend,Off-Peak Hours,0.2683,53.66
1983,21,3:30:00 PM,15:30:00,15,Sunday,1,0,Afternoon,77,23,13,9,122,154.5,0.92,0.1803,0.1667,normal,Weekend,Off-Peak Hours,0.1803,63.11
1984,21,3:45:00 PM,15:45:00,15,Sunday,1,0,Afternoon,53,17,26,8,104,163.5,0.97,0.3269,0.4815,normal,Weekend,Off-Peak Hours,0.3269,50.96
1985,21,4:00:00 PM,16:00:00,16,Sunday,1,1,Afternoon,138,18,20,8,184,231.0,1.38,0.1522,0.1439,heavy,Weekend,Evening Rush (4-7 PM),0.1522,75.0
1986,21,4:15:00 PM,16:15:00,16,Sunday,1,1,Afternoon,142,24,39,9,214,298.0,1.77,0.2243,0.2727,heavy,Weekend,Evening Rush (4-7 PM),0.2243,66.36
1987,21,4:30:00 PM,16:30:00,16,Sunday,1,1,Afternoon,114,25,21,7,167,210.5,1.25,0.1677,0.1826,normal,Weekend,Evening Rush (4-7 PM),0.1677,68.26
1988,21,4:45:00 PM,16:45:00,16,Sunday,1,1,Afternoon,116,35,42,6,199,277.5,1.65,0.2412,0.359,heavy,Weekend,Evening Rush (4-7 PM),0.2412,58.29
1989,21,5:00:00 PM,17:00:00,17,Sunday,1,1,Evening,149,22,37,8,216,295.0,1.76,0.2083,0.2467,heavy,Weekend,Evening Rush (4-7 PM),0.2083,68.98
1990,21,5:15:00 PM,17:15:00,17,Sunday,1,1,Evening,100,12,39,7,158,244.0,1.45,0.2911,0.3861,high,Weekend,Evening Rush (4-7 PM),0.2911,63.29
1991,21,5:30:00 PM,17:30:00,17,Sunday,1,1,Evening,101,23,45,5,174,262.5,1.56,0.2874,0.4412,heavy,Weekend,Evening Rush (4-7 PM),0.2874,58.05
1992,21,5:45:00 PM,17:45:00,17,Sunday,1,1,Evening,122,40,48,10,220,316.0,1.88,0.2636,0.3902,heavy,Weekend,Evening Rush (4-7 PM),0.2636,55.45
1993,21,6:00:00 PM,18:00:00,18,Sunday,1,1,Evening,112,34,39,9,194,273.0,1.63,0.2474,0.3451,heavy,Weekend,Evening Rush (4-7 PM),0.2474,57.73
1994,21,6:15:00 PM,18:15:00,18,Sunday,1,1,Evening,112,12,41,5,170,256.0,1.52,0.2706,0.3628,heavy,Weekend,Evening Rush (4-7 PM),0.2706,65.88
1995,21,6:30:00 PM,18:30:00,18,Sunday,1,1,Evening,116,22,23,7,168,217.0,1.29,0.1786,0.1966,heavy,Weekend,Evening Rush (4-7 PM),0.1786,69.05
1996,21,6:45:00 PM,18:45:00,18,Sunday,1,1,Evening,90,13,15,33,151,240.5,1.43,0.3179,0.1648,high,Weekend,Evening Rush (4-7 PM),0.3179,59.6
1997,21,7:00:00 PM,19:00:00,19,Sunday,1,0,Evening,85,14,14,13,126,173.0,1.03,0.2143,0.1628,normal,Weekend,Evening Rush (4-7 PM),0.2143,67.46
1998,21,7:15:00 PM,19:15:00,19,Sunday,1,0,Evening,59,25,13,27,124,191.5,1.14,0.3226,0.2167,high,Weekend,Evening Rush (4-7 PM),0.3226,47.58
1999,21,7:30:00 PM,19:30:00,19,Sunday,1,0,Evening,108,5,15,22,150,221.5,1.32,0.2467,0.1376,high,Weekend,Evening Rush (4-7 PM),0.2467,72.0
2000,21,7:45:00 PM,19:45:00,19,Sunday,1,0,Evening,75,8,16,25,124,202.0,1.2,0.3306,0.2105,high,Weekend,Evening Rush (4-7 PM),0.3306,60.48
2001,21,8:00:00 PM,20:00:00,20,Sunday,1,0,Evening,96,15,12,27,150,220.5,1.31,0.26,0.1237,high,Weekend,Night Freight (8-11 PM),0.26,64.0
2002,21,8:15:00 PM,20:15:00,20,Sunday,1,0,Evening,61,17,10,8,96,123.5,0.74,0.1875,0.1613,low,Weekend,Night Freight (8-11 PM),0.1875,63.54
2003,21,8:30:00 PM,20:30:00,20,Sunday,1,0,Evening,84,25,20,30,159,246.5,1.47,0.3145,0.2353,high,Weekend,Night Freight (8-11 PM),0.3145,52.83
2004,21,8:45:00 PM,20:45:00,20,Sunday,1,0,Evening,55,9,12,19,95,152.5,0.91,0.3263,0.2143,normal,Weekend,Night Freight (8-11 PM),0.3263,57.89
2005,21,9:00:00 PM,21:00:00,21,Sunday,1,0,Evening,65,16,12,32,125,205.0,1.22,0.352,0.1818,high,Weekend,Night Freight (8-11 PM),0.352,52.0
2006,21,9:15:00 PM,21:15:00,21,Sunday,1,0,Evening,87,16,10,16,129,173.0,1.03,0.2016,0.1136,normal,Weekend,Night Freight (8-11 PM),0.2016,67.44
2007,21,9:30:00 PM,21:30:00,21,Sunday,1,0,Evening,75,5,12,21,113,176.5,1.05,0.292,0.1579,high,Weekend,Night Freight (8-11 PM),0.292,66.37
2008,21,9:45:00 PM,21:45:00,21,Sunday,1,0,Evening,82,16,14,34,146,234.0,1.39,0.3288,0.1687,high,Weekend,Night Freight (8-11 PM),0.3288,56.16
2009,21,10:00:00 PM,22:00:00,22,Sunday,1,0,Night,11,3,0,34,48,114.5,0.68,0.7083,0.0,normal,Weekend,Night Freight (8-11 PM),0.7083,22.92
2010,21,10:15:00 PM,22:15:00,22,Sunday,1,0,Night,15,5,0,14,34,59.5,0.35,0.4118,0.0,normal,Weekend,Night Freight (8-11 PM),0.4118,44.12
2011,21,10:30:00 PM,22:30:00,22,Sunday,1,0,Night,18,5,1,13,37,62.5,0.37,0.3784,0.0526,normal,Weekend,Night Freight (8-11 PM),0.3784,48.65
2012,21,10:45:00 PM,22:45:00,22,Sunday,1,0,Night,19,2,1,34,56,125.0,0.74,0.625,0.05,normal,Weekend,Night Freight (8-11 PM),0.625,33.93
2013,21,11:00:00 PM,23:00:00,23,Sunday,1,0,Night,20,4,1,26,51,103.0,0.61,0.5294,0.0476,normal,Weekend,Night Freight (8-11 PM),0.5294,39.22
2014,21,11:15:00 PM,23:15:00,23,Sunday,1,0,Night,14,4,0,10,28,46.0,0.27,0.3571,0.0,low,Weekend,Night Freight (8-11 PM),0.3571,50.0
2015,21,11:30:00 PM,23:30:00,23,Sunday,1,0,Night,11,1,1,36,49,122.5,0.73,0.7551,0.0833,normal,Weekend,Night Freight (8-11 PM),0.7551,22.45
2016,21,11:45:00 PM,23:45:00,23,Sunday,1,0,Night,10,2,1,15,28,59.0,0.35,0.5714,0.0909,normal,Weekend,Night Freight (8-11 PM),0.5714,35.71
2017,22,12:00:00 AM,00:00:00,0,Saturday,1,0,Night,10,3,0,33,46,110.5,0.66,0.7174,0.0,normal,Weekend,Off-Peak Hours,0.7174,21.74
2018,22,12:15:00 AM,00:15:00,0,Saturday,1,0,Night,14,3,0,23,40,84.5,0.5,0.575,0.0,normal,Weekend,Off-Peak Hours,0.575,35.0
2019,22,12:30:00 AM,00:30:00,0,Saturday,1,0,Night,11,5,1,11,28,49.5,0.29,0.4286,0.0833,low,Weekend,Off-Peak Hours,0.4286,39.29
2020,22,12:45:00 AM,00:45:00,0,Saturday,1,0,Night,10,1,1,34,46,115.5,0.69,0.7609,0.0909,normal,Weekend,Off-Peak Hours,0.7609,21.74
2021,22,1:00:00 AM,01:00:00,1,Saturday,1,0,Night,20,4,1,17,42,76.0,0.45,0.4286,0.0476,normal,Weekend,Off-Peak Hours,0.4286,47.62
2022,22,1:15:00 AM,01:15:00,1,Saturday,1,0,Night,17,5,0,24,46,91.5,0.54,0.5217,0.0,normal,Weekend,Off-Peak Hours,0.5217,36.96
2023,22,1:30:00 AM,01:30:00,1,Saturday,1,0,Night,12,2,1,18,33,70.0,0.42,0.5758,0.0769,normal,Weekend,Off-Peak Hours,0.5758,36.36
2024,22,1:45:00 AM,01:45:00,1,Saturday,1,0,Night,15,0,1,16,32,66.0,0.39,0.5312,0.0625,normal,Weekend,Off-Peak Hours,0.5312,46.87
2025,22,2:00:00 AM,02:00:00,2,Saturday,1,0,Night,19,5,0,15,39,66.5,0.4,0.3846,0.0,normal,Weekend,Off-Peak Hours,0.3846,48.72
2026,22,2:15:00 AM,02:15:00,2,Saturday,1,0,Night,11,3,1,39,54,132.5,0.79,0.7407,0.0833,normal,Weekend,Off-Peak Hours,0.7407,20.37
2027,22,2:30:00 AM,02:30:00,2,Saturday,1,0,Night,14,5,0,10,29,46.5,0.28,0.3448,0.0,low,Weekend,Off-Peak Hours,0.3448,48.28
2028,22,2:45:00 AM,02:45:00,2,Saturday,1,0,Night,20,0,1,33,54,122.0,0.73,0.6296,0.0476,normal,Weekend,Off-Peak Hours,0.6296,37.04
2029,22,3:00:00 AM,03:00:00,3,Saturday,1,0,Night,13,1,1,33,48,115.5,0.69,0.7083,0.0714,normal,Weekend,Off-Peak Hours,0.7083,27.08
2030,22,3:15:00 AM,03:15:00,3,Saturday,1,0,Night,18,2,1,12,33,58.0,0.35,0.3939,0.0526,low,Weekend,Off-Peak Hours,0.3939,54.55
2031,22,3:30:00 AM,03:30:00,3,Saturday,1,0,Night,19,2,1,23,45,92.0,0.55,0.5333,0.05,normal,Weekend,Off-Peak Hours,0.5333,42.22
2032,22,3:45:00 AM,03:45:00,3,Saturday,1,0,Night,10,4,0,36,50,120.0,0.71,0.72,0.0,normal,Weekend,Off-Peak Hours,0.72,20.0
2033,22,4:00:00 AM,04:00:00,4,Saturday,1,0,Night,13,4,0,17,34,66.0,0.39,0.5,0.0,normal,Weekend,Off-Peak Hours,0.5,38.24
2034,22,4:15:00 AM,04:15:00,4,Saturday,1,0,Night,86,28,2,18,134,160.0,0.95,0.1493,0.023,normal,Weekend,Off-Peak Hours,0.1493,64.18
2035,22,4:30:00 AM,04:30:00,4,Saturday,1,0,Night,59,29,9,14,111,142.5,0.85,0.2072,0.15,normal,Weekend,Off-Peak Hours,0.2072,53.15
2036,22,4:45:00 AM,04:45:00,4,Saturday,1,0,Night,102,20,9,13,144,178.0,1.06,0.1528,0.0874,normal,Weekend,Off-Peak Hours,0.1528,70.83
2037,22,5:00:00 AM,05:00:00,5,Saturday,1,0,Morning,114,28,8,16,166,200.0,1.19,0.1446,0.0696,normal,Weekend,Off-Peak Hours,0.1446,68.67
2038,22,5:15:00 AM,05:15:00,5,Saturday,1,0,Morning,87,23,5,0,115,113.5,0.68,0.0435,0.0568,normal,Weekend,Off-Peak Hours,0.0435,75.65
2039,22,5:30:00 AM,05:30:00,5,Saturday,1,0,Morning,88,5,8,13,114,153.5,0.91,0.1842,0.0899,normal,Weekend,Off-Peak Hours,0.1842,77.19
2040,22,5:45:00 AM,05:45:00,5,Saturday,1,0,Morning,83,6,4,9,102,125.0,0.74,0.1275,0.0476,low,Weekend,Off-Peak Hours,0.1275,81.37
2041,22,6:00:00 AM,06:00:00,6,Saturday,1,1,Morning,150,19,24,3,196,240.5,1.43,0.1378,0.1589,heavy,Weekend,Off-Peak Hours,0.1378,76.53
2042,22,6:15:00 AM,06:15:00,6,Saturday,1,1,Morning,148,35,46,1,230,306.5,1.82,0.2043,0.3087,heavy,Weekend,Off-Peak Hours,0.2043,64.35
2043,22,6:30:00 AM,06:30:00,6,Saturday,1,1,Morning,146,23,23,4,196,238.5,1.42,0.1378,0.1565,heavy,Weekend,Off-Peak Hours,0.1378,74.49
2044,22,6:45:00 AM,06:45:00,6,Saturday,1,1,Morning,140,21,39,3,203,276.5,1.65,0.2069,0.2766,heavy,Weekend,Off-Peak Hours,0.2069,68.97
2045,22,7:00:00 AM,07:00:00,7,Saturday,1,1,Morning,149,36,35,1,221,275.0,1.64,0.1629,0.2333,heavy,Weekend,Morning Rush (7-10 AM),0.1629,67.42
2046,22,7:15:00 AM,07:15:00,7,Saturday,1,1,Morning,125,34,42,0,201,268.0,1.6,0.209,0.3333,heavy,Weekend,Morning Rush (7-10 AM),0.209,62.19
2047,22,7:30:00 AM,07:30:00,7,Saturday,1,1,Morning,147,34,20,5,206,239.0,1.42,0.1214,0.1351,heavy,Weekend,Morning Rush (7-10 AM),0.1214,71.36
2048,22,7:45:00 AM,07:45:00,7,Saturday,1,1,Morning,128,33,21,4,186,219.5,1.31,0.1344,0.1628,heavy,Weekend,Morning Rush (7-10 AM),0.1344,68.82
2049,22,8:00:00 AM,08:00:00,8,Saturday,1,1,Morning,111,38,50,5,204,295.0,1.76,0.2696,0.4464,heavy,Weekend,Morning Rush (7-10 AM),0.2696,54.41
2050,22,8:15:00 AM,08:15:00,8,Saturday,1,1,Morning,144,20,32,4,200,262.0,1.56,0.18,0.2207,heavy,Weekend,Morning Rush (7-10 AM),0.18,72.0
2051,22,8:30:00 AM,08:30:00,8,Saturday,1,1,Morning,121,14,23,1,159,200.0,1.19,0.1509,0.1885,normal,Weekend,Morning Rush (7-10 AM),0.1509,76.1
2052,22,8:45:00 AM,08:45:00,8,Saturday,1,1,Morning,136,36,40,4,216,286.0,1.7,0.2037,0.292,heavy,Weekend,Morning Rush (7-10 AM),0.2037,62.96
2053,22,9:00:00 AM,09:00:00,9,Saturday,1,0,Morning,114,21,23,1,159,196.5,1.17,0.1509,0.2,normal,Weekend,Morning Rush (7-10 AM),0.1509,71.7
2054,22,9:15:00 AM,09:15:00,9,Saturday,1,0,Morning,75,17,37,29,158,281.5,1.68,0.4177,0.4868,high,Weekend,Morning Rush (7-10 AM),0.4177,47.47
2055,22,9:30:00 AM,09:30:00,9,Saturday,1,0,Morning,34,5,27,22,88,183.5,1.09,0.5568,0.7714,normal,Weekend,Morning Rush (7-10 AM),0.5568,38.64
2056,22,9:45:00 AM,09:45:00,9,Saturday,1,0,Morning,45,6,7,15,73,114.0,0.68,0.3014,0.1522,normal,Weekend,Morning Rush (7-10 AM),0.3014,61.64
2057,22,10:00:00 AM,10:00:00,10,Saturday,1,0,Morning,65,10,6,27,108,169.0,1.01,0.3056,0.0909,normal,Weekend,Morning Rush (7-10 AM),0.3056,60.19
2058,22,10:15:00 AM,10:15:00,10,Saturday,1,0,Morning,67,25,20,18,130,193.5,1.15,0.2923,0.2941,normal,Weekend,Morning Rush (7-10 AM),0.2923,51.54
2059,22,10:30:00 AM,10:30:00,10,Saturday,1,0,Morning,50,25,25,28,128,221.5,1.32,0.4141,0.4902,high,Weekend,Morning Rush (7-10 AM),0.4141,39.06
2060,22,10:45:00 AM,10:45:00,10,Saturday,1,0,Morning,37,19,38,12,106,196.5,1.17,0.4717,1.0,normal,Weekend,Morning Rush (7-10 AM),0.4717,34.91
2061,22,11:00:00 AM,11:00:00,11,Saturday,1,0,Morning,36,8,3,29,76,136.0,0.81,0.4211,0.0811,normal,Weekend,Off-Peak Hours,0.4211,47.37
2062,22,11:15:00 AM,11:15:00,11,Saturday,1,0,Morning,63,5,8,23,99,158.5,0.94,0.3131,0.125,normal,Weekend,Off-Peak Hours,0.3131,63.64
2063,22,11:30:00 AM,11:30:00,11,Saturday,1,0,Morning,67,5,7,22,101,156.5,0.93,0.2871,0.1029,normal,Weekend,Off-Peak Hours,0.2871,66.34
2064,22,11:45:00 AM,11:45:00,11,Saturday,1,0,Morning,36,9,14,22,81,148.5,0.88,0.4444,0.3784,normal,Weekend,Off-Peak Hours,0.4444,44.44
2065,22,12:00:00 PM,12:00:00,12,Saturday,1,0,Afternoon,57,8,10,22,97,157.0,0.93,0.3299,0.1724,normal,Weekend,Off-Peak Hours,0.3299,58.76
2066,22,12:15:00 PM,12:15:00,12,Saturday,1,0,Afternoon,65,7,14,25,111,185.5,1.1,0.3514,0.2121,normal,Weekend,Off-Peak Hours,0.3514,58.56
2067,22,12:30:00 PM,12:30:00,12,Saturday,1,0,Afternoon,54,10,3,29,96,155.0,0.92,0.3333,0.0545,normal,Weekend,Off-Peak Hours,0.3333,56.25
2068,22,12:45:00 PM,12:45:00,12,Saturday,1,0,Afternoon,41,5,4,25,75,130.5,0.78,0.3867,0.0952,normal,Weekend,Off-Peak Hours,0.3867,54.67
2069,22,1:00:00 PM,13:00:00,13,Saturday,1,0,Afternoon,43,9,3,25,80,131.5,0.78,0.35,0.0682,normal,Weekend,Off-Peak Hours,0.35,53.75
2070,22,1:15:00 PM,13:15:00,13,Saturday,1,0,Afternoon,9,27,32,17,85,169.5,1.01,0.5765,3.2,normal,Weekend,Off-Peak Hours,0.5765,10.59
2071,22,1:30:00 PM,13:30:00,13,Saturday,1,0,Afternoon,101,28,18,20,167,229.0,1.36,0.2275,0.1765,normal,Weekend,Off-Peak Hours,0.2275,60.48
2072,22,1:45:00 PM,13:45:00,13,Saturday,1,0,Afternoon,99,16,16,18,149,209.0,1.24,0.2282,0.16,normal,Weekend,Off-Peak Hours,0.2282,66.44
2073,22,2:00:00 PM,14:00:00,14,Saturday,1,0,Afternoon,20,27,32,12,91,165.5,0.99,0.4835,1.5238,normal,Weekend,Off-Peak Hours,0.4835,21.98
2074,22,2:15:00 PM,14:15:00,14,Saturday,1,0,Afternoon,96,16,39,17,168,272.0,1.62,0.3333,0.4021,heavy,Weekend,Off-Peak Hours,0.3333,57.14
2075,22,2:30:00 PM,14:30:00,14,Saturday,1,0,Afternoon,62,28,18,20,128,190.0,1.13,0.2969,0.2857,normal,Weekend,Off-Peak Hours,0.2969,48.44
2076,22,2:45:00 PM,14:45:00,14,Saturday,1,0,Afternoon,58,27,17,5,107,137.5,0.82,0.2056,0.2881,normal,Weekend,Off-Peak Hours,0.2056,54.21
2077,22,3:00:00 PM,15:00:00,15,Saturday,1,0,Afternoon,60,18,28,12,118,189.0,1.13,0.339,0.459,high,Weekend,Off-Peak Hours,0.339,50.85
2078,22,3:15:00 PM,15:15:00,15,Saturday,1,0,Afternoon,81,26,13,17,137,184.0,1.1,0.219,0.1585,normal,Weekend,Off-Peak Hours,0.219,59.12
2079,22,3:30:00 PM,15:30:00,15,Saturday,1,0,Afternoon,118,15,27,13,173,245.5,1.46,0.2312,0.2269,heavy,Weekend,Off-Peak Hours,0.2312,68.21
2080,22,3:45:00 PM,15:45:00,15,Saturday,1,0,Afternoon,53,12,25,20,110,194.0,1.15,0.4091,0.463,normal,Weekend,Off-Peak Hours,0.4091,48.18
2081,22,4:00:00 PM,16:00:00,16,Saturday,1,1,Afternoon,132,12,27,9,180,246.0,1.46,0.2,0.203,heavy,Weekend,Evening Rush (4-7 PM),0.2,73.33
2082,22,4:15:00 PM,16:15:00,16,Saturday,1,1,Afternoon,149,14,50,5,218,321.0,1.91,0.2523,0.3333,heavy,Weekend,Evening Rush (4-7 PM),0.2523,68.35
2083,22,4:30:00 PM,16:30:00,16,Saturday,1,1,Afternoon,106,35,41,5,187,261.5,1.56,0.246,0.3832,heavy,Weekend,Evening Rush (4-7 PM),0.246,56.68
2084,22,4:45:00 PM,16:45:00,16,Saturday,1,1,Afternoon,150,29,27,7,213,266.5,1.59,0.1596,0.1788,heavy,Weekend,Evening Rush (4-7 PM),0.1596,70.42
2085,22,5:00:00 PM,17:00:00,17,Saturday,1,1,Evening,110,30,46,5,191,278.0,1.66,0.267,0.4144,heavy,Weekend,Evening Rush (4-7 PM),0.267,57.59
2086,22,5:15:00 PM,17:15:00,17,Saturday,1,1,Evening,129,35,34,5,203,263.5,1.57,0.1921,0.2615,heavy,Weekend,Evening Rush (4-7 PM),0.1921,63.55
2087,22,5:30:00 PM,17:30:00,17,Saturday,1,1,Evening,133,21,26,5,185,236.5,1.41,0.1676,0.194,heavy,Weekend,Evening Rush (4-7 PM),0.1676,71.89
2088,22,5:45:00 PM,17:45:00,17,Saturday,1,1,Evening,148,34,45,7,234,321.0,1.91,0.2222,0.302,heavy,Weekend,Evening Rush (4-7 PM),0.2222,63.25
2089,22,6:00:00 PM,18:00:00,18,Saturday,1,1,Evening,144,39,43,8,234,316.5,1.88,0.2179,0.2966,heavy,Weekend,Evening Rush (4-7 PM),0.2179,61.54
2090,22,6:15:00 PM,18:15:00,18,Saturday,1,1,Evening,126,27,44,8,205,295.5,1.76,0.2537,0.3465,heavy,Weekend,Evening Rush (4-7 PM),0.2537,61.46
2091,22,6:30:00 PM,18:30:00,18,Saturday,1,1,Evening,103,34,49,5,191,282.0,1.68,0.2827,0.4712,heavy,Weekend,Evening Rush (4-7 PM),0.2827,53.93
2092,22,6:45:00 PM,18:45:00,18,Saturday,1,1,Evening,96,7,13,30,146,228.5,1.36,0.2945,0.134,high,Weekend,Evening Rush (4-7 PM),0.2945,65.75
2093,22,7:00:00 PM,19:00:00,19,Saturday,1,0,Evening,54,17,17,19,107,170.5,1.02,0.3364,0.3091,normal,Weekend,Evening Rush (4-7 PM),0.3364,50.47
2094,22,7:15:00 PM,19:15:00,19,Saturday,1,0,Evening,98,16,17,15,146,202.0,1.2,0.2192,0.1717,normal,Weekend,Evening Rush (4-7 PM),0.2192,67.12
2095,22,7:30:00 PM,19:30:00,19,Saturday,1,0,Evening,72,6,19,8,105,156.0,0.93,0.2571,0.2603,normal,Weekend,Evening Rush (4-7 PM),0.2571,68.57
2096,22,7:45:00 PM,19:45:00,19,Saturday,1,0,Evening,69,23,12,31,135,209.5,1.25,0.3185,0.1714,high,Weekend,Evening Rush (4-7 PM),0.3185,51.11
2097,22,8:00:00 PM,20:00:00,20,Saturday,1,0,Evening,85,13,16,24,138,211.5,1.26,0.2899,0.186,high,Weekend,Night Freight (8-11 PM),0.2899,61.59
2098,22,8:15:00 PM,20:15:00,20,Saturday,1,0,Evening,102,22,12,9,145,176.0,1.05,0.1448,0.1165,normal,Weekend,Night Freight (8-11 PM),0.1448,70.34
2099,22,8:30:00 PM,20:30:00,20,Saturday,1,0,Evening,103,14,20,14,151,212.0,1.26,0.2252,0.1923,normal,Weekend,Night Freight (8-11 PM),0.2252,68.21
2100,22,8:45:00 PM,20:45:00,20,Saturday,1,0,Evening,80,12,10,22,124,182.0,1.08,0.2581,0.1235,high,Weekend,Night Freight (8-11 PM),0.2581,64.52
2101,22,9:00:00 PM,21:00:00,21,Saturday,1,0,Evening,63,18,11,5,97,120.0,0.71,0.1649,0.1719,low,Weekend,Night Freight (8-11 PM),0.1649,64.95
2102,22,9:15:00 PM,21:15:00,21,Saturday,1,0,Evening,84,21,13,9,127,160.5,0.96,0.1732,0.1529,normal,Weekend,Night Freight (8-11 PM),0.1732,66.14
2103,22,9:30:00 PM,21:30:00,21,Saturday,1,0,Evening,72,10,10,29,121,194.0,1.15,0.3223,0.137,high,Weekend,Night Freight (8-11 PM),0.3223,59.5
2104,22,9:45:00 PM,21:45:00,21,Saturday,1,0,Evening,79,22,17,13,131,180.0,1.07,0.229,0.2125,normal,Weekend,Night Freight (8-11 PM),0.229,60.31
2105,22,10:00:00 PM,22:00:00,22,Saturday,1,0,Night,12,5,0,27,44,95.5,0.57,0.6136,0.0,normal,Weekend,Night Freight (8-11 PM),0.6136,27.27
2106,22,10:15:00 PM,22:15:00,22,Saturday,1,0,Night,19,1,1,38,59,136.5,0.81,0.661,0.05,normal,Weekend,Night Freight (8-11 PM),0.661,32.2
2107,22,10:30:00 PM,22:30:00,22,Saturday,1,0,Night,14,3,0,33,50,114.5,0.68,0.66,0.0,normal,Weekend,Night Freight (8-11 PM),0.66,28.0
2108,22,10:45:00 PM,22:45:00,22,Saturday,1,0,Night,16,3,1,37,57,131.5,0.78,0.6667,0.0588,normal,Weekend,Night Freight (8-11 PM),0.6667,28.07
2109,22,11:00:00 PM,23:00:00,23,Saturday,1,0,Night,14,5,0,37,56,127.5,0.76,0.6607,0.0,normal,Weekend,Night Freight (8-11 PM),0.6607,25.0
2110,22,11:15:00 PM,23:15:00,23,Saturday,1,0,Night,11,2,1,20,34,75.0,0.45,0.6176,0.0833,normal,Weekend,Night Freight (8-11 PM),0.6176,32.35
2111,22,11:30:00 PM,23:30:00,23,Saturday,1,0,Night,20,3,0,25,48,96.5,0.57,0.5208,0.0,normal,Weekend,Night Freight (8-11 PM),0.5208,41.67
2112,22,11:45:00 PM,23:45:00,23,Saturday,1,0,Night,20,0,1,30,51,113.0,0.67,0.6078,0.0476,normal,Weekend,Night Freight (8-11 PM),0.6078,39.22
2113,23,12:00:00 AM,00:00:00,0,Monday,0,0,Night,13,2,1,17,33,68.0,0.4,0.5455,0.0714,normal,Weekday,Off-Peak Hours,0.5455,39.39
2114,23,12:15:00 AM,00:15:00,0,Monday,0,0,Night,20,1,1,19,41,80.5,0.48,0.4878,0.0476,normal,Weekday,Off-Peak Hours,0.4878,48.78
2115,23,12:30:00 AM,00:30:00,0,Monday,0,0,Night,10,2,1,12,25,50.0,0.3,0.52,0.0909,low,Weekday,Off-Peak Hours,0.52,40.0
2116,23,12:45:00 AM,00:45:00,0,Monday,0,0,Night,14,2,0,25,41,90.0,0.54,0.6098,0.0,normal,Weekday,Off-Peak Hours,0.6098,34.15
2117,23,1:00:00 AM,01:00:00,1,Monday,0,0,Night,12,0,1,16,29,63.0,0.38,0.5862,0.0769,normal,Weekday,Off-Peak Hours,0.5862,41.38
2118,23,1:15:00 AM,01:15:00,1,Monday,0,0,Night,11,5,1,31,48,109.5,0.65,0.6667,0.0833,normal,Weekday,Off-Peak Hours,0.6667,22.92
2119,23,1:30:00 AM,01:30:00,1,Monday,0,0,Night,13,1,1,16,31,64.5,0.38,0.5484,0.0714,normal,Weekday,Off-Peak Hours,0.5484,41.94
2120,23,1:45:00 AM,01:45:00,1,Monday,0,0,Night,17,3,0,10,30,48.5,0.29,0.3333,0.0,low,Weekday,Off-Peak Hours,0.3333,56.67
2121,23,2:00:00 AM,02:00:00,2,Monday,0,0,Night,11,1,0,22,34,77.5,0.46,0.6471,0.0,normal,Weekday,Off-Peak Hours,0.6471,32.35
2122,23,2:15:00 AM,02:15:00,2,Monday,0,0,Night,10,4,1,16,31,63.0,0.38,0.5484,0.0909,normal,Weekday,Off-Peak Hours,0.5484,32.26
2123,23,2:30:00 AM,02:30:00,2,Monday,0,0,Night,15,3,1,32,51,115.5,0.69,0.6471,0.0625,normal,Weekday,Off-Peak Hours,0.6471,29.41
2124,23,2:45:00 AM,02:45:00,2,Monday,0,0,Night,10,0,0,22,32,76.0,0.45,0.6875,0.0,normal,Weekday,Off-Peak Hours,0.6875,31.25
2125,23,3:00:00 AM,03:00:00,3,Monday,0,0,Night,20,1,1,16,38,71.5,0.43,0.4474,0.0476,normal,Weekday,Off-Peak Hours,0.4474,52.63
2126,23,3:15:00 AM,03:15:00,3,Monday,0,0,Night,16,1,1,15,33,64.5,0.38,0.4848,0.0588,normal,Weekday,Off-Peak Hours,0.4848,48.48
2127,23,3:30:00 AM,03:30:00,3,Monday,0,0,Night,14,4,1,32,51,115.0,0.68,0.6471,0.0667,normal,Weekday,Off-Peak Hours,0.6471,27.45
2128,23,3:45:00 AM,03:45:00,3,Monday,0,0,Night,16,1,1,37,55,130.5,0.78,0.6909,0.0588,normal,Weekday,Off-Peak Hours,0.6909,29.09
2129,23,4:00:00 AM,04:00:00,4,Monday,0,0,Night,10,2,1,36,49,122.0,0.73,0.7551,0.0909,normal,Weekday,Off-Peak Hours,0.7551,20.41
2130,23,4:15:00 AM,04:15:00,4,Monday,0,0,Night,96,18,7,2,123,132.0,0.79,0.0732,0.0722,normal,Weekday,Off-Peak Hours,0.0732,78.05
2131,23,4:30:00 AM,04:30:00,4,Monday,0,0,Night,51,14,0,5,70,73.0,0.43,0.0714,0.0,low,Weekday,Off-Peak Hours,0.0714,72.86
2132,23,4:45:00 AM,04:45:00,4,Monday,0,0,Night,63,25,2,8,98,105.5,0.63,0.102,0.0312,low,Weekday,Off-Peak Hours,0.102,64.29
2133,23,5:00:00 AM,05:00:00,5,Monday,0,0,Morning,72,7,1,4,84,90.5,0.54,0.0595,0.0137,low,Weekday,Off-Peak Hours,0.0595,85.71
2134,23,5:15:00 AM,05:15:00,5,Monday,0,0,Morning,86,18,6,1,111,116.0,0.69,0.0631,0.069,low,Weekday,Off-Peak Hours,0.0631,77.48
2135,23,5:30:00 AM,05:30:00,5,Monday,0,0,Morning,105,4,4,20,133,179.0,1.07,0.1805,0.0377,normal,Weekday,Off-Peak Hours,0.1805,78.95
2136,23,5:45:00 AM,05:45:00,5,Monday,0,0,Morning,117,10,10,18,155,206.0,1.23,0.1806,0.0847,normal,Weekday,Off-Peak Hours,0.1806,75.48
2137,23,6:00:00 AM,06:00:00,6,Monday,0,1,Morning,120,36,32,0,188,234.0,1.39,0.1702,0.2645,heavy,Weekday,Off-Peak Hours,0.1702,63.83
2138,23,6:15:00 AM,06:15:00,6,Monday,0,1,Morning,135,20,31,0,186,238.0,1.42,0.1667,0.2279,heavy,Weekday,Off-Peak Hours,0.1667,72.58
2139,23,6:30:00 AM,06:30:00,6,Monday,0,1,Morning,112,40,42,3,197,267.0,1.59,0.2284,0.3717,heavy,Weekday,Off-Peak Hours,0.2284,56.85
2140,23,6:45:00 AM,06:45:00,6,Monday,0,1,Morning,135,13,20,3,171,210.5,1.25,0.1345,0.1471,heavy,Weekday,Off-Peak Hours,0.1345,78.95
2141,23,7:00:00 AM,07:00:00,7,Monday,0,1,Morning,105,35,24,2,166,200.5,1.19,0.1566,0.2264,normal,Weekday,Morning Rush (7-10 AM),0.1566,63.25
2142,23,7:15:00 AM,07:15:00,7,Monday,0,1,Morning,150,25,36,0,211,270.5,1.61,0.1706,0.2384,heavy,Weekday,Morning Rush (7-10 AM),0.1706,71.09
2143,23,7:30:00 AM,07:30:00,7,Monday,0,1,Morning,108,27,23,2,160,196.5,1.17,0.1562,0.211,normal,Weekday,Morning Rush (7-10 AM),0.1562,67.5
2144,23,7:45:00 AM,07:45:00,7,Monday,0,1,Morning,108,40,45,1,194,266.0,1.58,0.2371,0.4128,heavy,Weekday,Morning Rush (7-10 AM),0.2371,55.67
2145,23,8:00:00 AM,08:00:00,8,Monday,0,1,Morning,118,19,21,1,159,193.5,1.15,0.1384,0.1765,normal,Weekday,Morning Rush (7-10 AM),0.1384,74.21
2146,23,8:15:00 AM,08:15:00,8,Monday,0,1,Morning,131,18,41,1,191,266.0,1.58,0.2199,0.3106,heavy,Weekday,Morning Rush (7-10 AM),0.2199,68.59
2147,23,8:30:00 AM,08:30:00,8,Monday,0,1,Morning,148,31,20,4,203,235.5,1.4,0.1182,0.1342,heavy,Weekday,Morning Rush (7-10 AM),0.1182,72.91
2148,23,8:45:00 AM,08:45:00,8,Monday,0,1,Morning,120,26,22,1,169,202.0,1.2,0.1361,0.1818,heavy,Weekday,Morning Rush (7-10 AM),0.1361,71.01
2149,23,9:00:00 AM,09:00:00,9,Monday,0,0,Morning,147,12,32,0,191,249.0,1.48,0.1675,0.2162,heavy,Weekday,Morning Rush (7-10 AM),0.1675,76.96
2150,23,9:15:00 AM,09:15:00,9,Monday,0,0,Morning,73,9,35,12,129,218.5,1.3,0.3643,0.473,high,Weekday,Morning Rush (7-10 AM),0.3643,56.59
2151,23,9:30:00 AM,09:30:00,9,Monday,0,0,Morning,93,21,22,29,165,256.5,1.53,0.3091,0.234,high,Weekday,Morning Rush (7-10 AM),0.3091,56.36
2152,23,9:45:00 AM,09:45:00,9,Monday,0,0,Morning,66,2,10,28,106,181.0,1.08,0.3585,0.1493,normal,Weekday,Morning Rush (7-10 AM),0.3585,62.26
2153,23,10:00:00 AM,10:00:00,10,Monday,0,0,Morning,18,6,6,6,36,57.0,0.34,0.3333,0.3158,low,Weekday,Morning Rush (7-10 AM),0.3333,50.0
2154,23,10:15:00 AM,10:15:00,10,Monday,0,0,Morning,78,1,16,30,125,216.5,1.29,0.368,0.2025,high,Weekday,Morning Rush (7-10 AM),0.368,62.4
2155,23,10:30:00 AM,10:30:00,10,Monday,0,0,Morning,69,15,24,20,128,208.5,1.24,0.3438,0.3429,normal,Weekday,Morning Rush (7-10 AM),0.3437,53.91
2156,23,10:45:00 AM,10:45:00,10,Monday,0,0,Morning,82,2,40,17,141,254.0,1.51,0.4043,0.4819,high,Weekday,Morning Rush (7-10 AM),0.4043,58.16
2157,23,11:00:00 AM,11:00:00,11,Monday,0,0,Morning,57,9,5,23,94,145.5,0.87,0.2979,0.0862,normal,Weekday,Off-Peak Hours,0.2979,60.64
2158,23,11:15:00 AM,11:15:00,11,Monday,0,0,Morning,25,5,14,26,70,147.5,0.88,0.5714,0.5385,normal,Weekday,Off-Peak Hours,0.5714,35.71
2159,23,11:30:00 AM,11:30:00,11,Monday,0,0,Morning,40,9,15,28,92,173.5,1.03,0.4674,0.3659,normal,Weekday,Off-Peak Hours,0.4674,43.48
2160,23,11:45:00 AM,11:45:00,11,Monday,0,0,Morning,52,6,13,21,92,157.0,0.93,0.3696,0.2453,normal,Weekday,Off-Peak Hours,0.3696,56.52
2161,23,12:00:00 PM,12:00:00,12,Monday,0,0,Afternoon,45,8,13,29,95,175.0,1.04,0.4421,0.2826,normal,Weekday,Off-Peak Hours,0.4421,47.37
2162,23,12:15:00 PM,12:15:00,12,Monday,0,0,Afternoon,67,10,7,25,109,168.0,1.0,0.2936,0.1029,normal,Weekday,Off-Peak Hours,0.2936,61.47
2163,23,12:30:00 PM,12:30:00,12,Monday,0,0,Afternoon,20,8,14,30,72,156.0,0.93,0.6111,0.6667,normal,Weekday,Off-Peak Hours,0.6111,27.78
2164,23,12:45:00 PM,12:45:00,12,Monday,0,0,Afternoon,44,8,4,29,85,147.0,0.88,0.3882,0.0889,normal,Weekday,Off-Peak Hours,0.3882,51.76
2165,23,1:00:00 PM,13:00:00,13,Monday,0,0,Afternoon,63,5,8,29,105,176.5,1.05,0.3524,0.125,normal,Weekday,Off-Peak Hours,0.3524,60.0
2166,23,1:15:00 PM,13:15:00,13,Monday,0,0,Afternoon,119,15,20,13,167,225.5,1.34,0.1976,0.1667,normal,Weekday,Off-Peak Hours,0.1976,71.26
2167,23,1:30:00 PM,13:30:00,13,Monday,0,0,Afternoon,103,10,23,7,143,198.0,1.18,0.2098,0.2212,normal,Weekday,Off-Peak Hours,0.2098,72.03
2168,23,1:45:00 PM,13:45:00,13,Monday,0,0,Afternoon,42,14,15,14,85,136.0,0.81,0.3412,0.3488,normal,Weekday,Off-Peak Hours,0.3412,49.41
2169,23,2:00:00 PM,14:00:00,14,Monday,0,0,Afternoon,67,20,24,12,123,185.0,1.1,0.2927,0.3529,normal,Weekday,Off-Peak Hours,0.2927,54.47
2170,23,2:15:00 PM,14:15:00,14,Monday,0,0,Afternoon,56,18,29,17,120,203.0,1.21,0.3833,0.5088,high,Weekday,Off-Peak Hours,0.3833,46.67
2171,23,2:30:00 PM,14:30:00,14,Monday,0,0,Afternoon,65,16,32,15,128,214.0,1.27,0.3672,0.4848,high,Weekday,Off-Peak Hours,0.3672,50.78
2172,23,2:45:00 PM,14:45:00,14,Monday,0,0,Afternoon,107,11,26,19,163,247.5,1.47,0.2761,0.2407,high,Weekday,Off-Peak Hours,0.2761,65.64
2173,23,3:00:00 PM,15:00:00,15,Monday,0,0,Afternoon,11,18,22,10,61,116.0,0.69,0.5246,1.8333,normal,Weekday,Off-Peak Hours,0.5246,18.03
2174,23,3:15:00 PM,15:15:00,15,Monday,0,0,Afternoon,28,15,27,12,82,152.5,0.91,0.4756,0.931,normal,Weekday,Off-Peak Hours,0.4756,34.15
2175,23,3:30:00 PM,15:30:00,15,Monday,0,0,Afternoon,45,17,7,6,75,92.5,0.55,0.1733,0.1522,low,Weekday,Off-Peak Hours,0.1733,60.0
2176,23,3:45:00 PM,15:45:00,15,Monday,0,0,Afternoon,66,12,27,6,111,171.0,1.02,0.2973,0.403,normal,Weekday,Off-Peak Hours,0.2973,59.46
2177,23,4:00:00 PM,16:00:00,16,Monday,0,1,Afternoon,104,40,22,9,175,217.0,1.29,0.1771,0.2095,heavy,Weekday,Evening Rush (4-7 PM),0.1771,59.43
2178,23,4:15:00 PM,16:15:00,16,Monday,0,1,Afternoon,113,21,26,5,165,216.5,1.29,0.1879,0.2281,high,Weekday,Evening Rush (4-7 PM),0.1879,68.48
2179,23,4:30:00 PM,16:30:00,16,Monday,0,1,Afternoon,120,29,37,6,192,263.5,1.57,0.224,0.3058,heavy,Weekday,Evening Rush (4-7 PM),0.224,62.5
2180,23,4:45:00 PM,16:45:00,16,Monday,0,1,Afternoon,129,10,39,6,184,269.0,1.6,0.2446,0.3,heavy,Weekday,Evening Rush (4-7 PM),0.2446,70.11
2181,23,5:00:00 PM,17:00:00,17,Monday,0,1,Evening,119,29,40,10,198,283.5,1.69,0.2525,0.3333,heavy,Weekday,Evening Rush (4-7 PM),0.2525,60.1
2182,23,5:15:00 PM,17:15:00,17,Monday,0,1,Evening,119,25,32,9,185,254.5,1.52,0.2216,0.2667,heavy,Weekday,Evening Rush (4-7 PM),0.2216,64.32
2183,23,5:30:00 PM,17:30:00,17,Monday,0,1,Evening,123,10,30,7,170,239.0,1.42,0.2176,0.2419,heavy,Weekday,Evening Rush (4-7 PM),0.2176,72.35
2184,23,5:45:00 PM,17:45:00,17,Monday,0,1,Evening,111,33,28,5,177,226.5,1.35,0.1864,0.25,heavy,Weekday,Evening Rush (4-7 PM),0.1864,62.71
2185,23,6:00:00 PM,18:00:00,18,Monday,0,1,Evening,110,12,47,8,177,281.0,1.67,0.3107,0.4234,heavy,Weekday,Evening Rush (4-7 PM),0.3107,62.15
2186,23,6:15:00 PM,18:15:00,18,Monday,0,1,Evening,139,15,43,9,206,302.5,1.8,0.2524,0.3071,heavy,Weekday,Evening Rush (4-7 PM),0.2524,67.48
2187,23,6:30:00 PM,18:30:00,18,Monday,0,1,Evening,132,29,25,7,193,242.5,1.44,0.1658,0.188,heavy,Weekday,Evening Rush (4-7 PM),0.1658,68.39
2188,23,6:45:00 PM,18:45:00,18,Monday,0,1,Evening,51,8,18,18,95,163.0,0.97,0.3789,0.3462,normal,Weekday,Evening Rush (4-7 PM),0.3789,53.68
2189,23,7:00:00 PM,19:00:00,19,Monday,0,0,Evening,76,5,14,20,115,180.5,1.07,0.2957,0.1818,normal,Weekday,Evening Rush (4-7 PM),0.2957,66.09
2190,23,7:15:00 PM,19:15:00,19,Monday,0,0,Evening,53,15,13,23,104,168.5,1.0,0.3462,0.2407,normal,Weekday,Evening Rush (4-7 PM),0.3462,50.96
2191,23,7:30:00 PM,19:30:00,19,Monday,0,0,Evening,50,25,19,9,103,146.5,0.87,0.2718,0.3725,normal,Weekday,Evening Rush (4-7 PM),0.2718,48.54
2192,23,7:45:00 PM,19:45:00,19,Monday,0,0,Evening,86,24,20,34,164,260.0,1.55,0.3293,0.2299,high,Weekday,Evening Rush (4-7 PM),0.3293,52.44
2193,23,8:00:00 PM,20:00:00,20,Monday,0,0,Evening,67,23,14,13,117,159.5,0.95,0.2308,0.2059,normal,Weekday,Night Freight (8-11 PM),0.2308,57.26
2194,23,8:15:00 PM,20:15:00,20,Monday,0,0,Evening,54,9,15,7,85,124.5,0.74,0.2588,0.2727,low,Weekday,Night Freight (8-11 PM),0.2588,63.53
2195,23,8:30:00 PM,20:30:00,20,Monday,0,0,Evening,59,12,16,35,122,218.0,1.3,0.418,0.2667,high,Weekday,Night Freight (8-11 PM),0.418,48.36
2196,23,8:45:00 PM,20:45:00,20,Monday,0,0,Evening,109,25,15,5,154,181.5,1.08,0.1299,0.1364,normal,Weekday,Night Freight (8-11 PM),0.1299,70.78
2197,23,9:00:00 PM,21:00:00,21,Monday,0,0,Evening,73,18,10,35,136,217.0,1.29,0.3309,0.1351,high,Weekday,Night Freight (8-11 PM),0.3309,53.68
2198,23,9:15:00 PM,21:15:00,21,Monday,0,0,Evening,65,24,14,19,122,176.0,1.05,0.2705,0.2121,normal,Weekday,Night Freight (8-11 PM),0.2705,53.28
2199,23,9:30:00 PM,21:30:00,21,Monday,0,0,Evening,94,10,11,22,137,198.0,1.18,0.2409,0.1158,high,Weekday,Night Freight (8-11 PM),0.2409,68.61
2200,23,9:45:00 PM,21:45:00,21,Monday,0,0,Evening,106,9,12,31,158,239.5,1.43,0.2722,0.1121,high,Weekday,Night Freight (8-11 PM),0.2722,67.09
2201,23,10:00:00 PM,22:00:00,22,Monday,0,0,Night,18,3,0,11,32,52.5,0.31,0.3438,0.0,low,Weekday,Night Freight (8-11 PM),0.3437,56.25
2202,23,10:15:00 PM,22:15:00,22,Monday,0,0,Night,17,1,1,36,55,128.5,0.77,0.6727,0.0556,normal,Weekday,Night Freight (8-11 PM),0.6727,30.91
2203,23,10:30:00 PM,22:30:00,22,Monday,0,0,Night,12,0,0,22,34,78.0,0.46,0.6471,0.0,normal,Weekday,Night Freight (8-11 PM),0.6471,35.29
2204,23,10:45:00 PM,22:45:00,22,Monday,0,0,Night,11,1,0,19,31,68.5,0.41,0.6129,0.0,normal,Weekday,Night Freight (8-11 PM),0.6129,35.48
2205,23,11:00:00 PM,23:00:00,23,Monday,0,0,Night,16,1,0,32,49,112.5,0.67,0.6531,0.0,normal,Weekday,Night Freight (8-11 PM),0.6531,32.65
2206,23,11:15:00 PM,23:15:00,23,Monday,0,0,Night,12,3,1,13,29,55.5,0.33,0.4828,0.0769,normal,Weekday,Night Freight (8-11 PM),0.4828,41.38
2207,23,11:30:00 PM,23:30:00,23,Monday,0,0,Night,14,4,1,27,46,100.0,0.6,0.6087,0.0667,normal,Weekday,Night Freight (8-11 PM),0.6087,30.43
2208,23,11:45:00 PM,23:45:00,23,Monday,0,0,Night,11,3,1,37,52,126.5,0.75,0.7308,0.0833,normal,Weekday,Night Freight (8-11 PM),0.7308,21.15
2209,24,12:00:00 AM,00:00:00,0,Tuesday,0,0,Night,17,2,0,18,37,72.0,0.43,0.4865,0.0,normal,Weekday,Off-Peak Hours,0.4865,45.95
2210,24,12:15:00 AM,00:15:00,0,Tuesday,0,0,Night,18,4,1,39,62,140.0,0.83,0.6452,0.0526,normal,Weekday,Off-Peak Hours,0.6452,29.03
2211,24,12:30:00 AM,00:30:00,0,Tuesday,0,0,Night,20,4,0,32,56,118.0,0.7,0.5714,0.0,normal,Weekday,Off-Peak Hours,0.5714,35.71
2212,24,12:45:00 AM,00:45:00,0,Tuesday,0,0,Night,15,0,0,28,43,99.0,0.59,0.6512,0.0,normal,Weekday,Off-Peak Hours,0.6512,34.88
2213,24,1:00:00 AM,01:00:00,1,Tuesday,0,0,Night,11,4,0,12,27,49.0,0.29,0.4444,0.0,low,Weekday,Off-Peak Hours,0.4444,40.74
2214,24,1:15:00 AM,01:15:00,1,Tuesday,0,0,Night,19,5,1,35,60,129.5,0.77,0.6,0.05,normal,Weekday,Off-Peak Hours,0.6,31.67
2215,24,1:30:00 AM,01:30:00,1,Tuesday,0,0,Night,15,0,1,26,42,96.0,0.57,0.6429,0.0625,normal,Weekday,Off-Peak Hours,0.6429,35.71
2216,24,1:45:00 AM,01:45:00,1,Tuesday,0,0,Night,11,4,0,31,46,106.0,0.63,0.6739,0.0,normal,Weekday,Off-Peak Hours,0.6739,23.91
2217,24,2:00:00 AM,02:00:00,2,Tuesday,0,0,Night,19,2,1,33,55,122.0,0.73,0.6182,0.05,normal,Weekday,Off-Peak Hours,0.6182,34.55
2218,24,2:15:00 AM,02:15:00,2,Tuesday,0,0,Night,12,4,1,29,46,104.0,0.62,0.6522,0.0769,normal,Weekday,Off-Peak Hours,0.6522,26.09
2219,24,2:30:00 AM,02:30:00,2,Tuesday,0,0,Night,15,5,1,16,37,68.5,0.41,0.4595,0.0625,normal,Weekday,Off-Peak Hours,0.4595,40.54
2220,24,2:45:00 AM,02:45:00,2,Tuesday,0,0,Night,14,4,1,21,40,82.0,0.49,0.55,0.0667,normal,Weekday,Off-Peak Hours,0.55,35.0
2221,24,3:00:00 AM,03:00:00,3,Tuesday,0,0,Night,19,4,1,17,41,75.0,0.45,0.439,0.05,normal,Weekday,Off-Peak Hours,0.439,46.34
2222,24,3:15:00 AM,03:15:00,3,Tuesday,0,0,Night,10,2,1,12,25,50.0,0.3,0.52,0.0909,low,Weekday,Off-Peak Hours,0.52,40.0
2223,24,3:30:00 AM,03:30:00,3,Tuesday,0,0,Night,10,0,0,11,21,43.0,0.26,0.5238,0.0,low,Weekday,Off-Peak Hours,0.5238,47.62
2224,24,3:45:00 AM,03:45:00,3,Tuesday,0,0,Night,20,4,1,33,58,124.0,0.74,0.5862,0.0476,normal,Weekday,Off-Peak Hours,0.5862,34.48
2225,24,4:00:00 AM,04:00:00,4,Tuesday,0,0,Night,10,1,0,12,23,46.5,0.28,0.5217,0.0,low,Weekday,Off-Peak Hours,0.5217,43.48
2226,24,4:15:00 AM,04:15:00,4,Tuesday,0,0,Night,73,12,5,5,95,109.0,0.65,0.1053,0.0676,low,Weekday,Off-Peak Hours,0.1053,76.84
2227,24,4:30:00 AM,04:30:00,4,Tuesday,0,0,Night,95,15,4,19,133,171.5,1.02,0.1729,0.0417,normal,Weekday,Off-Peak Hours,0.1729,71.43
2228,24,4:45:00 AM,04:45:00,4,Tuesday,0,0,Night,81,19,3,13,116,138.5,0.82,0.1379,0.0366,normal,Weekday,Off-Peak Hours,0.1379,69.83
2229,24,5:00:00 AM,05:00:00,5,Tuesday,0,0,Morning,119,25,10,9,163,188.5,1.12,0.1166,0.0833,normal,Weekday,Off-Peak Hours,0.1166,73.01
2230,24,5:15:00 AM,05:15:00,5,Tuesday,0,0,Morning,80,10,4,15,109,142.0,0.85,0.1743,0.0494,normal,Weekday,Off-Peak Hours,0.1743,73.39
2231,24,5:30:00 AM,05:30:00,5,Tuesday,0,0,Morning,102,24,3,16,145,171.0,1.02,0.131,0.0291,normal,Weekday,Off-Peak Hours,0.131,70.34
2232,24,5:45:00 AM,05:45:00,5,Tuesday,0,0,Morning,68,17,6,10,101,124.5,0.74,0.1584,0.087,low,Weekday,Off-Peak Hours,0.1584,67.33
2233,24,6:00:00 AM,06:00:00,6,Tuesday,0,1,Morning,109,40,38,0,187,243.0,1.45,0.2032,0.3455,heavy,Weekday,Off-Peak Hours,0.2032,58.29
2234,24,6:15:00 AM,06:15:00,6,Tuesday,0,1,Morning,124,25,31,1,181,232.5,1.38,0.1768,0.248,heavy,Weekday,Off-Peak Hours,0.1768,68.51
2235,24,6:30:00 AM,06:30:00,6,Tuesday,0,1,Morning,126,22,21,1,170,203.0,1.21,0.1294,0.1654,heavy,Weekday,Off-Peak Hours,0.1294,74.12
2236,24,6:45:00 AM,06:45:00,6,Tuesday,0,1,Morning,120,31,29,5,185,237.5,1.41,0.1838,0.2397,heavy,Weekday,Off-Peak Hours,0.1838,64.86
2237,24,7:00:00 AM,07:00:00,7,Tuesday,0,1,Morning,101,20,47,5,173,267.0,1.59,0.3006,0.4608,heavy,Weekday,Morning Rush (7-10 AM),0.3006,58.38
2238,24,7:15:00 AM,07:15:00,7,Tuesday,0,1,Morning,139,40,48,2,229,309.0,1.84,0.2183,0.3429,heavy,Weekday,Morning Rush (7-10 AM),0.2183,60.7
2239,24,7:30:00 AM,07:30:00,7,Tuesday,0,1,Morning,116,23,23,4,166,208.5,1.24,0.1627,0.1966,normal,Weekday,Morning Rush (7-10 AM),0.1627,69.88
2240,24,7:45:00 AM,07:45:00,7,Tuesday,0,1,Morning,101,14,24,0,139,180.0,1.07,0.1727,0.2353,normal,Weekday,Morning Rush (7-10 AM),0.1727,72.66
2241,24,8:00:00 AM,08:00:00,8,Tuesday,0,1,Morning,137,40,21,5,203,235.0,1.4,0.1281,0.1522,heavy,Weekday,Morning Rush (7-10 AM),0.1281,67.49
2242,24,8:15:00 AM,08:15:00,8,Tuesday,0,1,Morning,131,26,36,0,193,252.0,1.5,0.1865,0.2727,heavy,Weekday,Morning Rush (7-10 AM),0.1865,67.88
2243,24,8:30:00 AM,08:30:00,8,Tuesday,0,1,Morning,114,27,45,4,190,274.5,1.63,0.2579,0.3913,heavy,Weekday,Morning Rush (7-10 AM),0.2579,60.0
2244,24,8:45:00 AM,08:45:00,8,Tuesday,0,1,Morning,102,14,46,1,163,250.0,1.49,0.2883,0.4466,high,Weekday,Morning Rush (7-10 AM),0.2883,62.58
2245,24,9:00:00 AM,09:00:00,9,Tuesday,0,0,Morning,116,24,32,5,177,239.0,1.42,0.209,0.2735,heavy,Weekday,Morning Rush (7-10 AM),0.209,65.54
2246,24,9:15:00 AM,09:15:00,9,Tuesday,0,0,Morning,29,10,21,12,72,133.0,0.79,0.4583,0.7,normal,Weekday,Morning Rush (7-10 AM),0.4583,40.28
2247,24,9:30:00 AM,09:30:00,9,Tuesday,0,0,Morning,41,12,15,10,78,122.0,0.73,0.3205,0.3571,low,Weekday,Morning Rush (7-10 AM),0.3205,52.56
2248,24,9:45:00 AM,09:45:00,9,Tuesday,0,0,Morning,41,9,7,27,84,147.5,0.88,0.4048,0.1667,normal,Weekday,Morning Rush (7-10 AM),0.4048,48.81
2249,24,10:00:00 AM,10:00:00,10,Tuesday,0,0,Morning,90,25,26,10,151,210.5,1.25,0.2384,0.2857,high,Weekday,Morning Rush (7-10 AM),0.2384,59.6
2250,24,10:15:00 AM,10:15:00,10,Tuesday,0,0,Morning,64,25,17,20,126,187.5,1.12,0.2937,0.2615,normal,Weekday,Morning Rush (7-10 AM),0.2937,50.79
2251,24,10:30:00 AM,10:30:00,10,Tuesday,0,0,Morning,64,10,17,23,114,189.0,1.13,0.3509,0.2615,high,Weekday,Morning Rush (7-10 AM),0.3509,56.14
2252,24,10:45:00 AM,10:45:00,10,Tuesday,0,0,Morning,69,17,5,28,119,176.5,1.05,0.2773,0.0714,high,Weekday,Morning Rush (7-10 AM),0.2773,57.98
2253,24,11:00:00 AM,11:00:00,11,Tuesday,0,0,Morning,59,9,9,21,98,153.5,0.91,0.3061,0.15,normal,Weekday,Off-Peak Hours,0.3061,60.2
2254,24,11:15:00 AM,11:15:00,11,Tuesday,0,0,Morning,44,10,12,29,95,172.0,1.02,0.4316,0.2667,normal,Weekday,Off-Peak Hours,0.4316,46.32
2255,24,11:30:00 AM,11:30:00,11,Tuesday,0,0,Morning,43,5,6,26,80,141.5,0.84,0.4,0.1364,normal,Weekday,Off-Peak Hours,0.4,53.75
2256,24,11:45:00 AM,11:45:00,11,Tuesday,0,0,Morning,65,7,10,21,103,161.5,0.96,0.301,0.1515,normal,Weekday,Off-Peak Hours,0.301,63.11
2257,24,12:00:00 PM,12:00:00,12,Tuesday,0,0,Afternoon,29,5,12,21,67,130.5,0.78,0.4925,0.4,normal,Weekday,Off-Peak Hours,0.4925,43.28
2258,24,12:15:00 PM,12:15:00,12,Tuesday,0,0,Afternoon,24,9,8,20,61,112.5,0.67,0.459,0.32,normal,Weekday,Off-Peak Hours,0.459,39.34
2259,24,12:30:00 PM,12:30:00,12,Tuesday,0,0,Afternoon,44,6,4,26,80,137.0,0.82,0.375,0.0889,normal,Weekday,Off-Peak Hours,0.375,55.0
2260,24,12:45:00 PM,12:45:00,12,Tuesday,0,0,Afternoon,35,10,12,24,81,148.0,0.88,0.4444,0.3333,normal,Weekday,Off-Peak Hours,0.4444,43.21
2261,24,1:00:00 PM,13:00:00,13,Tuesday,0,0,Afternoon,43,10,15,21,89,156.0,0.93,0.4045,0.3409,normal,Weekday,Off-Peak Hours,0.4045,48.31
2262,24,1:15:00 PM,13:15:00,13,Tuesday,0,0,Afternoon,45,17,24,11,97,158.5,0.94,0.3608,0.5217,normal,Weekday,Off-Peak Hours,0.3608,46.39
2263,24,1:30:00 PM,13:30:00,13,Tuesday,0,0,Afternoon,108,21,37,14,180,271.5,1.62,0.2833,0.3394,heavy,Weekday,Off-Peak Hours,0.2833,60.0
2264,24,1:45:00 PM,13:45:00,13,Tuesday,0,0,Afternoon,53,19,33,9,114,188.5,1.12,0.3684,0.6111,high,Weekday,Off-Peak Hours,0.3684,46.49
2265,24,2:00:00 PM,14:00:00,14,Tuesday,0,0,Afternoon,75,23,31,13,142,218.5,1.3,0.3099,0.4079,high,Weekday,Off-Peak Hours,0.3099,52.82
2266,24,2:15:00 PM,14:15:00,14,Tuesday,0,0,Afternoon,70,18,5,19,112,151.0,0.9,0.2143,0.0704,normal,Weekday,Off-Peak Hours,0.2143,62.5
2267,24,2:30:00 PM,14:30:00,14,Tuesday,0,0,Afternoon,52,25,15,19,111,166.5,0.99,0.3063,0.283,normal,Weekday,Off-Peak Hours,0.3063,46.85
2268,24,2:45:00 PM,14:45:00,14,Tuesday,0,0,Afternoon,9,18,24,9,60,117.0,0.7,0.55,2.4,normal,Weekday,Off-Peak Hours,0.55,15.0
2269,24,3:00:00 PM,15:00:00,15,Tuesday,0,0,Afternoon,47,21,9,18,95,138.5,0.82,0.2842,0.1875,normal,Weekday,Off-Peak Hours,0.2842,49.47
2270,24,3:15:00 PM,15:15:00,15,Tuesday,0,0,Afternoon,116,20,17,19,172,234.0,1.39,0.2093,0.1453,heavy,Weekday,Off-Peak Hours,0.2093,67.44
2271,24,3:30:00 PM,15:30:00,15,Tuesday,0,0,Afternoon,65,14,6,9,94,117.0,0.7,0.1596,0.0909,low,Weekday,Off-Peak Hours,0.1596,69.15
2272,24,3:45:00 PM,15:45:00,15,Tuesday,0,0,Afternoon,93,12,13,13,131,177.0,1.05,0.1985,0.1383,normal,Weekday,Off-Peak Hours,0.1985,70.99
2273,24,4:00:00 PM,16:00:00,16,Tuesday,0,1,Afternoon,100,21,45,9,175,272.5,1.62,0.3086,0.4455,heavy,Weekday,Evening Rush (4-7 PM),0.3086,57.14
2274,24,4:15:00 PM,16:15:00,16,Tuesday,0,1,Afternoon,121,24,31,6,182,244.0,1.45,0.2033,0.2541,heavy,Weekday,Evening Rush (4-7 PM),0.2033,66.48
2275,24,4:30:00 PM,16:30:00,16,Tuesday,0,1,Afternoon,110,15,50,5,180,282.5,1.68,0.3056,0.4505,heavy,Weekday,Evening Rush (4-7 PM),0.3056,61.11
2276,24,4:45:00 PM,16:45:00,16,Tuesday,0,1,Afternoon,103,17,28,5,153,210.5,1.25,0.2157,0.2692,high,Weekday,Evening Rush (4-7 PM),0.2157,67.32
2277,24,5:00:00 PM,17:00:00,17,Tuesday,0,1,Evening,136,38,20,5,199,230.0,1.37,0.1256,0.146,heavy,Weekday,Evening Rush (4-7 PM),0.1256,68.34
2278,24,5:15:00 PM,17:15:00,17,Tuesday,0,1,Evening,119,22,32,9,182,253.0,1.51,0.2253,0.2667,heavy,Weekday,Evening Rush (4-7 PM),0.2253,65.38
2279,24,5:30:00 PM,17:30:00,17,Tuesday,0,1,Evening,132,17,36,5,190,263.5,1.57,0.2158,0.2707,heavy,Weekday,Evening Rush (4-7 PM),0.2158,69.47
2280,24,5:45:00 PM,17:45:00,17,Tuesday,0,1,Evening,147,10,41,5,203,290.0,1.73,0.2266,0.277,heavy,Weekday,Evening Rush (4-7 PM),0.2266,72.41
2281,24,6:00:00 PM,18:00:00,18,Tuesday,0,1,Evening,111,12,44,6,173,267.0,1.59,0.289,0.3929,heavy,Weekday,Evening Rush (4-7 PM),0.289,64.16
2282,24,6:15:00 PM,18:15:00,18,Tuesday,0,1,Evening,102,27,32,5,166,226.5,1.35,0.2229,0.3107,high,Weekday,Evening Rush (4-7 PM),0.2229,61.45
2283,24,6:30:00 PM,18:30:00,18,Tuesday,0,1,Evening,137,25,29,7,198,257.5,1.53,0.1818,0.2101,heavy,Weekday,Evening Rush (4-7 PM),0.1818,69.19
2284,24,6:45:00 PM,18:45:00,18,Tuesday,0,1,Evening,71,17,15,31,134,217.5,1.29,0.3433,0.2083,high,Weekday,Evening Rush (4-7 PM),0.3433,52.99
2285,24,7:00:00 PM,19:00:00,19,Tuesday,0,0,Evening,64,25,11,15,115,154.5,0.92,0.2261,0.1692,normal,Weekday,Evening Rush (4-7 PM),0.2261,55.65
2286,24,7:15:00 PM,19:15:00,19,Tuesday,0,0,Evening,70,16,15,29,130,210.0,1.25,0.3385,0.2113,high,Weekday,Evening Rush (4-7 PM),0.3385,53.85
2287,24,7:30:00 PM,19:30:00,19,Tuesday,0,0,Evening,91,9,11,32,143,224.5,1.34,0.3007,0.1196,high,Weekday,Evening Rush (4-7 PM),0.3007,63.64
2288,24,7:45:00 PM,19:45:00,19,Tuesday,0,0,Evening,95,6,11,35,147,236.0,1.41,0.3129,0.1146,high,Weekday,Evening Rush (4-7 PM),0.3129,64.63
2289,24,8:00:00 PM,20:00:00,20,Tuesday,0,0,Evening,76,16,10,31,133,207.0,1.23,0.3083,0.1299,high,Weekday,Night Freight (8-11 PM),0.3083,57.14
2290,24,8:15:00 PM,20:15:00,20,Tuesday,0,0,Evening,87,17,18,7,129,170.5,1.02,0.1938,0.2045,normal,Weekday,Night Freight (8-11 PM),0.1938,67.44
2291,24,8:30:00 PM,20:30:00,20,Tuesday,0,0,Evening,63,22,12,29,126,197.0,1.17,0.3254,0.1875,high,Weekday,Night Freight (8-11 PM),0.3254,50.0
2292,24,8:45:00 PM,20:45:00,20,Tuesday,0,0,Evening,56,17,20,8,101,148.5,0.88,0.2772,0.3509,normal,Weekday,Night Freight (8-11 PM),0.2772,55.45
2293,24,9:00:00 PM,21:00:00,21,Tuesday,0,0,Evening,102,18,19,29,168,255.0,1.52,0.2857,0.1845,heavy,Weekday,Night Freight (8-11 PM),0.2857,60.71
2294,24,9:15:00 PM,21:15:00,21,Tuesday,0,0,Evening,60,23,10,13,106,140.5,0.84,0.217,0.1639,normal,Weekday,Night Freight (8-11 PM),0.217,56.6
2295,24,9:30:00 PM,21:30:00,21,Tuesday,0,0,Evening,88,6,18,25,137,220.0,1.31,0.3139,0.2022,high,Weekday,Night Freight (8-11 PM),0.3139,64.23
2296,24,9:45:00 PM,21:45:00,21,Tuesday,0,0,Evening,104,15,10,32,161,237.5,1.41,0.2609,0.0952,high,Weekday,Night Freight (8-11 PM),0.2609,64.6
2297,24,10:00:00 PM,22:00:00,22,Tuesday,0,0,Night,16,1,1,26,44,97.5,0.58,0.6136,0.0588,normal,Weekday,Night Freight (8-11 PM),0.6136,36.36
2298,24,10:15:00 PM,22:15:00,22,Tuesday,0,0,Night,12,1,0,12,25,48.5,0.29,0.48,0.0,low,Weekday,Night Freight (8-11 PM),0.48,48.0
2299,24,10:30:00 PM,22:30:00,22,Tuesday,0,0,Night,16,1,0,29,46,103.5,0.62,0.6304,0.0,normal,Weekday,Night Freight (8-11 PM),0.6304,34.78
2300,24,10:45:00 PM,22:45:00,22,Tuesday,0,0,Night,13,5,0,31,49,108.5,0.65,0.6327,0.0,normal,Weekday,Night Freight (8-11 PM),0.6327,26.53
2301,24,11:00:00 PM,23:00:00,23,Tuesday,0,0,Night,20,1,1,27,49,104.5,0.62,0.5714,0.0476,normal,Weekday,Night Freight (8-11 PM),0.5714,40.82
2302,24,11:15:00 PM,23:15:00,23,Tuesday,0,0,Night,18,0,0,29,47,105.0,0.63,0.617,0.0,normal,Weekday,Night Freight (8-11 PM),0.617,38.3
2303,24,11:30:00 PM,23:30:00,23,Tuesday,0,0,Night,16,3,1,26,46,98.5,0.59,0.587,0.0588,normal,Weekday,Night Freight (8-11 PM),0.587,34.78
2304,24,11:45:00 PM,23:45:00,23,Tuesday,0,0,Night,18,0,0,21,39,81.0,0.48,0.5385,0.0,normal,Weekday,Night Freight (8-11 PM),0.5385,46.15
2305,25,12:00:00 AM,00:00:00,0,Wednesday,0,0,Night,11,5,0,24,40,85.5,0.51,0.6,0.0,normal,Weekday,Off-Peak Hours,0.6,27.5
2306,25,12:15:00 AM,00:15:00,0,Wednesday,0,0,Night,13,1,0,10,24,43.5,0.26,0.4167,0.0,low,Weekday,Off-Peak Hours,0.4167,54.17
2307,25,12:30:00 AM,00:30:00,0,Wednesday,0,0,Night,10,1,0,26,37,88.5,0.53,0.7027,0.0,normal,Weekday,Off-Peak Hours,0.7027,27.03
2308,25,12:45:00 AM,00:45:00,0,Wednesday,0,0,Night,19,5,1,22,47,90.5,0.54,0.4894,0.05,normal,Weekday,Off-Peak Hours,0.4894,40.43
2309,25,1:00:00 AM,01:00:00,1,Wednesday,0,0,Night,20,0,0,10,30,50.0,0.3,0.3333,0.0,low,Weekday,Off-Peak Hours,0.3333,66.67
2310,25,1:15:00 AM,01:15:00,1,Wednesday,0,0,Night,16,4,1,39,60,138.0,0.82,0.6667,0.0588,normal,Weekday,Off-Peak Hours,0.6667,26.67
2311,25,1:30:00 AM,01:30:00,1,Wednesday,0,0,Night,19,1,1,11,32,55.5,0.33,0.375,0.05,low,Weekday,Off-Peak Hours,0.375,59.37
2312,25,1:45:00 AM,01:45:00,1,Wednesday,0,0,Night,20,4,0,38,62,136.0,0.81,0.6129,0.0,normal,Weekday,Off-Peak Hours,0.6129,32.26
2313,25,2:00:00 AM,02:00:00,2,Wednesday,0,0,Night,15,1,1,15,32,63.5,0.38,0.5,0.0625,normal,Weekday,Off-Peak Hours,0.5,46.87
2314,25,2:15:00 AM,02:15:00,2,Wednesday,0,0,Night,10,0,0,33,43,109.0,0.65,0.7674,0.0,normal,Weekday,Off-Peak Hours,0.7674,23.26
2315,25,2:30:00 AM,02:30:00,2,Wednesday,0,0,Night,20,5,0,24,49,94.5,0.56,0.4898,0.0,normal,Weekday,Off-Peak Hours,0.4898,40.82
2316,25,2:45:00 AM,02:45:00,2,Wednesday,0,0,Night,12,2,1,35,50,121.0,0.72,0.72,0.0769,normal,Weekday,Off-Peak Hours,0.72,24.0
2317,25,3:00:00 AM,03:00:00,3,Wednesday,0,0,Night,10,4,1,37,52,126.0,0.75,0.7308,0.0909,normal,Weekday,Off-Peak Hours,0.7308,19.23
2318,25,3:15:00 AM,03:15:00,3,Wednesday,0,0,Night,15,4,0,38,57,131.0,0.78,0.6667,0.0,normal,Weekday,Off-Peak Hours,0.6667,26.32
2319,25,3:30:00 AM,03:30:00,3,Wednesday,0,0,Night,19,0,1,39,59,139.0,0.83,0.678,0.05,normal,Weekday,Off-Peak Hours,0.678,32.2
2320,25,3:45:00 AM,03:45:00,3,Wednesday,0,0,Night,16,4,0,35,55,123.0,0.73,0.6364,0.0,normal,Weekday,Off-Peak Hours,0.6364,29.09
2321,25,4:00:00 AM,04:00:00,4,Wednesday,0,0,Night,20,3,1,35,59,129.5,0.77,0.6102,0.0476,normal,Weekday,Off-Peak Hours,0.6102,33.9
2322,25,4:15:00 AM,04:15:00,4,Wednesday,0,0,Night,118,1,0,4,123,130.5,0.78,0.0325,0.0,normal,Weekday,Off-Peak Hours,0.0325,95.93
2323,25,4:30:00 AM,04:30:00,4,Wednesday,0,0,Night,89,20,4,17,130,162.0,0.96,0.1615,0.0444,normal,Weekday,Off-Peak Hours,0.1615,68.46
2324,25,4:45:00 AM,04:45:00,4,Wednesday,0,0,Night,120,18,6,13,157,186.0,1.11,0.121,0.0496,normal,Weekday,Off-Peak Hours,0.121,76.43
2325,25,5:00:00 AM,05:00:00,5,Wednesday,0,0,Morning,85,7,3,18,113,151.5,0.9,0.1858,0.0349,normal,Weekday,Off-Peak Hours,0.1858,75.22
2326,25,5:15:00 AM,05:15:00,5,Wednesday,0,0,Morning,99,8,2,14,123,151.0,0.9,0.1301,0.02,normal,Weekday,Off-Peak Hours,0.1301,80.49
2327,25,5:30:00 AM,05:30:00,5,Wednesday,0,0,Morning,59,25,2,7,93,98.5,0.59,0.0968,0.0333,low,Weekday,Off-Peak Hours,0.0968,63.44
2328,25,5:45:00 AM,05:45:00,5,Wednesday,0,0,Morning,58,25,2,5,90,91.5,0.54,0.0778,0.0339,low,Weekday,Off-Peak Hours,0.0778,64.44
2329,25,6:00:00 AM,06:00:00,6,Wednesday,0,1,Morning,113,40,36,4,193,253.0,1.51,0.2073,0.3158,heavy,Weekday,Off-Peak Hours,0.2073,58.55
2330,25,6:15:00 AM,06:15:00,6,Wednesday,0,1,Morning,113,16,50,2,181,277.0,1.65,0.2873,0.4386,heavy,Weekday,Off-Peak Hours,0.2873,62.43
2331,25,6:30:00 AM,06:30:00,6,Wednesday,0,1,Morning,121,27,50,4,202,296.5,1.77,0.2673,0.4098,heavy,Weekday,Off-Peak Hours,0.2673,59.9
2332,25,6:45:00 AM,06:45:00,6,Wednesday,0,1,Morning,150,17,28,0,195,242.5,1.44,0.1436,0.1854,heavy,Weekday,Off-Peak Hours,0.1436,76.92
2333,25,7:00:00 AM,07:00:00,7,Wednesday,0,1,Morning,136,29,23,0,188,219.5,1.31,0.1223,0.1679,heavy,Weekday,Morning Rush (7-10 AM),0.1223,72.34
2334,25,7:15:00 AM,07:15:00,7,Wednesday,0,1,Morning,142,32,27,2,203,245.0,1.46,0.1429,0.1888,heavy,Weekday,Morning Rush (7-10 AM),0.1429,69.95
2335,25,7:30:00 AM,07:30:00,7,Wednesday,0,1,Morning,106,32,42,2,182,254.0,1.51,0.2418,0.3925,heavy,Weekday,Morning Rush (7-10 AM),0.2418,58.24
2336,25,7:45:00 AM,07:45:00,7,Wednesday,0,1,Morning,103,21,20,0,144,173.5,1.03,0.1389,0.1923,normal,Weekday,Morning Rush (7-10 AM),0.1389,71.53
2337,25,8:00:00 AM,08:00:00,8,Wednesday,0,1,Morning,131,19,26,1,177,221.5,1.32,0.1525,0.197,heavy,Weekday,Morning Rush (7-10 AM),0.1525,74.01
2338,25,8:15:00 AM,08:15:00,8,Wednesday,0,1,Morning,133,23,21,3,180,216.5,1.29,0.1333,0.1567,heavy,Weekday,Morning Rush (7-10 AM),0.1333,73.89
2339,25,8:30:00 AM,08:30:00,8,Wednesday,0,1,Morning,123,17,50,1,191,284.5,1.69,0.267,0.4032,heavy,Weekday,Morning Rush (7-10 AM),0.267,64.4
2340,25,8:45:00 AM,08:45:00,8,Wednesday,0,1,Morning,124,21,35,2,182,245.5,1.46,0.2033,0.28,heavy,Weekday,Morning Rush (7-10 AM),0.2033,68.13
2341,25,9:00:00 AM,09:00:00,9,Wednesday,0,0,Morning,136,26,20,4,186,221.0,1.32,0.129,0.146,heavy,Weekday,Morning Rush (7-10 AM),0.129,73.12
2342,25,9:15:00 AM,09:15:00,9,Wednesday,0,0,Morning,92,10,39,19,160,271.0,1.61,0.3625,0.4194,high,Weekday,Morning Rush (7-10 AM),0.3625,57.5
2343,25,9:30:00 AM,09:30:00,9,Wednesday,0,0,Morning,82,7,13,19,121,181.5,1.08,0.2645,0.1566,normal,Weekday,Morning Rush (7-10 AM),0.2645,67.77
2344,25,9:45:00 AM,09:45:00,9,Wednesday,0,0,Morning,42,2,28,27,99,208.0,1.24,0.5556,0.6512,normal,Weekday,Morning Rush (7-10 AM),0.5556,42.42
2345,25,10:00:00 AM,10:00:00,10,Wednesday,0,0,Morning,24,17,17,9,67,110.5,0.66,0.3881,0.68,normal,Weekday,Morning Rush (7-10 AM),0.3881,35.82
2346,25,10:15:00 AM,10:15:00,10,Wednesday,0,0,Morning,42,19,17,12,90,138.5,0.82,0.3222,0.3953,normal,Weekday,Morning Rush (7-10 AM),0.3222,46.67
2347,25,10:30:00 AM,10:30:00,10,Wednesday,0,0,Morning,100,12,5,23,140,190.0,1.13,0.2,0.0495,high,Weekday,Morning Rush (7-10 AM),0.2,71.43
2348,25,10:45:00 AM,10:45:00,10,Wednesday,0,0,Morning,11,25,30,22,88,179.5,1.07,0.5909,2.5,normal,Weekday,Morning Rush (7-10 AM),0.5909,12.5
2349,25,11:00:00 AM,11:00:00,11,Wednesday,0,0,Morning,27,7,10,22,66,126.5,0.75,0.4848,0.3571,normal,Weekday,Off-Peak Hours,0.4848,40.91
2350,25,11:15:00 AM,11:15:00,11,Wednesday,0,0,Morning,38,7,11,20,76,134.5,0.8,0.4079,0.2821,normal,Weekday,Off-Peak Hours,0.4079,50.0
2351,25,11:30:00 AM,11:30:00,11,Wednesday,0,0,Morning,49,10,6,27,92,153.0,0.91,0.3587,0.12,normal,Weekday,Off-Peak Hours,0.3587,53.26
2352,25,11:45:00 AM,11:45:00,11,Wednesday,0,0,Morning,66,9,7,28,110,175.5,1.04,0.3182,0.1045,normal,Weekday,Off-Peak Hours,0.3182,60.0
2353,25,12:00:00 PM,12:00:00,12,Wednesday,0,0,Afternoon,70,8,3,22,103,149.0,0.89,0.2427,0.0423,normal,Weekday,Off-Peak Hours,0.2427,67.96
2354,25,12:15:00 PM,12:15:00,12,Wednesday,0,0,Afternoon,58,7,6,27,98,160.5,0.96,0.3367,0.1017,normal,Weekday,Off-Peak Hours,0.3367,59.18
2355,25,12:30:00 PM,12:30:00,12,Wednesday,0,0,Afternoon,53,9,13,29,104,183.5,1.09,0.4038,0.2407,normal,Weekday,Off-Peak Hours,0.4038,50.96
2356,25,12:45:00 PM,12:45:00,12,Wednesday,0,0,Afternoon,22,5,6,26,59,120.5,0.72,0.5424,0.2609,normal,Weekday,Off-Peak Hours,0.5424,37.29
2357,25,1:00:00 PM,13:00:00,13,Wednesday,0,0,Afternoon,40,10,11,28,89,162.0,0.96,0.4382,0.2683,normal,Weekday,Off-Peak Hours,0.4382,44.94
2358,25,1:15:00 PM,13:15:00,13,Wednesday,0,0,Afternoon,58,13,10,12,93,130.5,0.78,0.2366,0.1695,low,Weekday,Off-Peak Hours,0.2366,62.37
2359,25,1:30:00 PM,13:30:00,13,Wednesday,0,0,Afternoon,60,25,24,17,126,195.5,1.16,0.3254,0.3934,normal,Weekday,Off-Peak Hours,0.3254,47.62
2360,25,1:45:00 PM,13:45:00,13,Wednesday,0,0,Afternoon,25,11,24,17,77,153.5,0.91,0.5325,0.9231,normal,Weekday,Off-Peak Hours,0.5325,32.47
2361,25,2:00:00 PM,14:00:00,14,Wednesday,0,0,Afternoon,22,28,11,18,79,123.0,0.73,0.3671,0.4783,normal,Weekday,Off-Peak Hours,0.3671,27.85
2362,25,2:15:00 PM,14:15:00,14,Wednesday,0,0,Afternoon,6,11,37,15,69,167.5,1.0,0.7536,5.2857,normal,Weekday,Off-Peak Hours,0.7536,8.7
2363,25,2:30:00 PM,14:30:00,14,Wednesday,0,0,Afternoon,92,18,34,18,162,257.0,1.53,0.321,0.3656,high,Weekday,Off-Peak Hours,0.321,56.79
2364,25,2:45:00 PM,14:45:00,14,Wednesday,0,0,Afternoon,97,17,38,20,172,279.5,1.66,0.3372,0.3878,heavy,Weekday,Off-Peak Hours,0.3372,56.4
2365,25,3:00:00 PM,15:00:00,15,Wednesday,0,0,Afternoon,92,18,31,6,147,212.0,1.26,0.2517,0.3333,high,Weekday,Off-Peak Hours,0.2517,62.59
2366,25,3:15:00 PM,15:15:00,15,Wednesday,0,0,Afternoon,74,12,17,16,119,179.0,1.07,0.2773,0.2267,normal,Weekday,Off-Peak Hours,0.2773,62.18
2367,25,3:30:00 PM,15:30:00,15,Wednesday,0,0,Afternoon,67,22,7,5,101,114.0,0.68,0.1188,0.1029,low,Weekday,Off-Peak Hours,0.1188,66.34
2368,25,3:45:00 PM,15:45:00,15,Wednesday,0,0,Afternoon,84,20,25,15,144,214.0,1.27,0.2778,0.2941,normal,Weekday,Off-Peak Hours,0.2778,58.33
2369,25,4:00:00 PM,16:00:00,16,Wednesday,0,1,Afternoon,144,15,42,8,209,301.5,1.79,0.2392,0.2897,heavy,Weekday,Evening Rush (4-7 PM),0.2392,68.9
2370,25,4:15:00 PM,16:15:00,16,Wednesday,0,1,Afternoon,120,11,47,7,185,287.5,1.71,0.2919,0.3884,heavy,Weekday,Evening Rush (4-7 PM),0.2919,64.86
2371,25,4:30:00 PM,16:30:00,16,Wednesday,0,1,Afternoon,108,10,36,6,160,239.0,1.42,0.2625,0.3303,high,Weekday,Evening Rush (4-7 PM),0.2625,67.5
2372,25,4:45:00 PM,16:45:00,16,Wednesday,0,1,Afternoon,141,13,50,6,210,315.5,1.88,0.2667,0.3521,heavy,Weekday,Evening Rush (4-7 PM),0.2667,67.14
2373,25,5:00:00 PM,17:00:00,17,Wednesday,0,1,Evening,121,37,29,8,195,250.5,1.49,0.1897,0.2377,heavy,Weekday,Evening Rush (4-7 PM),0.1897,62.05
2374,25,5:15:00 PM,17:15:00,17,Wednesday,0,1,Evening,142,40,22,6,210,246.0,1.46,0.1333,0.1538,heavy,Weekday,Evening Rush (4-7 PM),0.1333,67.62
2375,25,5:30:00 PM,17:30:00,17,Wednesday,0,1,Evening,137,23,28,7,195,253.5,1.51,0.1795,0.2029,heavy,Weekday,Evening Rush (4-7 PM),0.1795,70.26
2376,25,5:45:00 PM,17:45:00,17,Wednesday,0,1,Evening,117,10,27,8,162,227.0,1.35,0.216,0.2288,high,Weekday,Evening Rush (4-7 PM),0.216,72.22
2377,25,6:00:00 PM,18:00:00,18,Wednesday,0,1,Evening,100,16,37,7,160,240.0,1.43,0.275,0.3663,high,Weekday,Evening Rush (4-7 PM),0.275,62.5
2378,25,6:15:00 PM,18:15:00,18,Wednesday,0,1,Evening,148,11,42,8,209,303.5,1.81,0.2392,0.2819,heavy,Weekday,Evening Rush (4-7 PM),0.2392,70.81
2379,25,6:30:00 PM,18:30:00,18,Wednesday,0,1,Evening,148,27,39,6,220,296.5,1.77,0.2045,0.2617,heavy,Weekday,Evening Rush (4-7 PM),0.2045,67.27
2380,25,6:45:00 PM,18:45:00,18,Wednesday,0,1,Evening,65,18,20,21,124,197.0,1.17,0.3306,0.303,high,Weekday,Evening Rush (4-7 PM),0.3306,52.42
2381,25,7:00:00 PM,19:00:00,19,Wednesday,0,0,Evening,75,9,14,6,104,139.5,0.83,0.1923,0.1842,low,Weekday,Evening Rush (4-7 PM),0.1923,72.12
2382,25,7:15:00 PM,19:15:00,19,Wednesday,0,0,Evening,85,15,20,29,149,239.5,1.43,0.3289,0.2326,high,Weekday,Evening Rush (4-7 PM),0.3289,57.05
2383,25,7:30:00 PM,19:30:00,19,Wednesday,0,0,Evening,57,21,20,18,116,181.5,1.08,0.3276,0.3448,normal,Weekday,Evening Rush (4-7 PM),0.3276,49.14
2384,25,7:45:00 PM,19:45:00,19,Wednesday,0,0,Evening,50,7,13,30,100,182.5,1.09,0.43,0.2549,normal,Weekday,Evening Rush (4-7 PM),0.43,50.0
2385,25,8:00:00 PM,20:00:00,20,Wednesday,0,0,Evening,87,21,14,34,156,241.5,1.44,0.3077,0.1591,high,Weekday,Night Freight (8-11 PM),0.3077,55.77
2386,25,8:15:00 PM,20:15:00,20,Wednesday,0,0,Evening,64,24,11,6,105,127.0,0.76,0.1619,0.1692,low,Weekday,Night Freight (8-11 PM),0.1619,60.95
2387,25,8:30:00 PM,20:30:00,20,Wednesday,0,0,Evening,76,6,18,14,114,175.0,1.04,0.2807,0.2338,normal,Weekday,Night Freight (8-11 PM),0.2807,66.67
2388,25,8:45:00 PM,20:45:00,20,Wednesday,0,0,Evening,69,11,12,8,100,134.5,0.8,0.2,0.1714,low,Weekday,Night Freight (8-11 PM),0.2,69.0
2389,25,9:00:00 PM,21:00:00,21,Wednesday,0,0,Evening,76,9,17,14,116,173.5,1.03,0.2672,0.2208,normal,Weekday,Night Freight (8-11 PM),0.2672,65.52
2390,25,9:15:00 PM,21:15:00,21,Wednesday,0,0,Evening,94,8,15,5,122,158.0,0.94,0.1639,0.1579,normal,Weekday,Night Freight (8-11 PM),0.1639,77.05
2391,25,9:30:00 PM,21:30:00,21,Wednesday,0,0,Evening,104,10,16,33,163,256.0,1.52,0.3006,0.1524,high,Weekday,Night Freight (8-11 PM),0.3006,63.8
2392,25,9:45:00 PM,21:45:00,21,Wednesday,0,0,Evening,98,13,13,33,157,242.5,1.44,0.293,0.1313,high,Weekday,Night Freight (8-11 PM),0.293,62.42
2393,25,10:00:00 PM,22:00:00,22,Wednesday,0,0,Night,13,5,0,18,36,69.5,0.41,0.5,0.0,normal,Weekday,Night Freight (8-11 PM),0.5,36.11
2394,25,10:15:00 PM,22:15:00,22,Wednesday,0,0,Night,17,1,0,11,29,50.5,0.3,0.3793,0.0,low,Weekday,Night Freight (8-11 PM),0.3793,58.62
2395,25,10:30:00 PM,22:30:00,22,Wednesday,0,0,Night,18,2,1,34,55,124.0,0.74,0.6364,0.0526,normal,Weekday,Night Freight (8-11 PM),0.6364,32.73
2396,25,10:45:00 PM,22:45:00,22,Wednesday,0,0,Night,11,1,0,35,47,116.5,0.69,0.7447,0.0,normal,Weekday,Night Freight (8-11 PM),0.7447,23.4
2397,25,11:00:00 PM,23:00:00,23,Wednesday,0,0,Night,17,4,0,11,32,52.0,0.31,0.3438,0.0,low,Weekday,Night Freight (8-11 PM),0.3437,53.12
2398,25,11:15:00 PM,23:15:00,23,Wednesday,0,0,Night,17,1,1,23,42,89.5,0.53,0.5714,0.0556,normal,Weekday,Night Freight (8-11 PM),0.5714,40.48
2399,25,11:30:00 PM,23:30:00,23,Wednesday,0,0,Night,17,2,0,23,42,87.0,0.52,0.5476,0.0,normal,Weekday,Night Freight (8-11 PM),0.5476,40.48
2400,25,11:45:00 PM,23:45:00,23,Wednesday,0,0,Night,16,4,1,30,51,111.0,0.66,0.6078,0.0588,normal,Weekday,Night Freight (8-11 PM),0.6078,31.37
2401,26,12:00:00 AM,00:00:00,0,Thursday,0,0,Night,15,5,1,23,44,89.5,0.53,0.5455,0.0625,normal,Weekday,Off-Peak Hours,0.5455,34.09
2402,26,12:15:00 AM,00:15:00,0,Thursday,0,0,Night,18,0,0,31,49,111.0,0.66,0.6327,0.0,normal,Weekday,Off-Peak Hours,0.6327,36.73
2403,26,12:30:00 AM,00:30:00,0,Thursday,0,0,Night,10,1,0,17,28,61.5,0.37,0.6071,0.0,normal,Weekday,Off-Peak Hours,0.6071,35.71
2404,26,12:45:00 AM,00:45:00,0,Thursday,0,0,Night,13,2,0,32,47,110.0,0.65,0.6809,0.0,normal,Weekday,Off-Peak Hours,0.6809,27.66
2405,26,1:00:00 AM,01:00:00,1,Thursday,0,0,Night,16,1,0,38,55,130.5,0.78,0.6909,0.0,normal,Weekday,Off-Peak Hours,0.6909,29.09
2406,26,1:15:00 AM,01:15:00,1,Thursday,0,0,Night,11,4,0,32,47,109.0,0.65,0.6809,0.0,normal,Weekday,Off-Peak Hours,0.6809,23.4
2407,26,1:30:00 AM,01:30:00,1,Thursday,0,0,Night,12,2,0,26,40,91.0,0.54,0.65,0.0,normal,Weekday,Off-Peak Hours,0.65,30.0
2408,26,1:45:00 AM,01:45:00,1,Thursday,0,0,Night,14,2,1,14,31,60.0,0.36,0.4839,0.0667,normal,Weekday,Off-Peak Hours,0.4839,45.16
2409,26,2:00:00 AM,02:00:00,2,Thursday,0,0,Night,18,2,0,37,57,130.0,0.77,0.6491,0.0,normal,Weekday,Off-Peak Hours,0.6491,31.58
2410,26,2:15:00 AM,02:15:00,2,Thursday,0,0,Night,17,1,1,22,41,86.5,0.51,0.561,0.0556,normal,Weekday,Off-Peak Hours,0.561,41.46
2411,26,2:30:00 AM,02:30:00,2,Thursday,0,0,Night,12,3,0,29,44,100.5,0.6,0.6591,0.0,normal,Weekday,Off-Peak Hours,0.6591,27.27
2412,26,2:45:00 AM,02:45:00,2,Thursday,0,0,Night,20,5,0,30,55,112.5,0.67,0.5455,0.0,normal,Weekday,Off-Peak Hours,0.5455,36.36
2413,26,3:00:00 AM,03:00:00,3,Thursday,0,0,Night,17,5,1,19,42,79.5,0.47,0.4762,0.0556,normal,Weekday,Off-Peak Hours,0.4762,40.48
2414,26,3:15:00 AM,03:15:00,3,Thursday,0,0,Night,12,0,1,33,46,114.0,0.68,0.7391,0.0769,normal,Weekday,Off-Peak Hours,0.7391,26.09
2415,26,3:30:00 AM,03:30:00,3,Thursday,0,0,Night,19,1,0,20,40,79.5,0.47,0.5,0.0,normal,Weekday,Off-Peak Hours,0.5,47.5
2416,26,3:45:00 AM,03:45:00,3,Thursday,0,0,Night,11,4,1,38,54,130.0,0.77,0.7222,0.0833,normal,Weekday,Off-Peak Hours,0.7222,20.37
2417,26,4:00:00 AM,04:00:00,4,Thursday,0,0,Night,14,5,0,39,58,133.5,0.79,0.6724,0.0,normal,Weekday,Off-Peak Hours,0.6724,24.14
2418,26,4:15:00 AM,04:15:00,4,Thursday,0,0,Night,102,20,4,12,138,160.0,0.95,0.1159,0.0388,normal,Weekday,Off-Peak Hours,0.1159,73.91
2419,26,4:30:00 AM,04:30:00,4,Thursday,0,0,Night,92,4,6,18,120,166.0,0.99,0.2,0.0645,normal,Weekday,Off-Peak Hours,0.2,76.67
2420,26,4:45:00 AM,04:45:00,4,Thursday,0,0,Night,54,14,10,16,94,139.0,0.83,0.2766,0.1818,normal,Weekday,Off-Peak Hours,0.2766,57.45
2421,26,5:00:00 AM,05:00:00,5,Thursday,0,0,Morning,55,15,1,10,81,95.5,0.57,0.1358,0.0179,low,Weekday,Off-Peak Hours,0.1358,67.9
2422,26,5:15:00 AM,05:15:00,5,Thursday,0,0,Morning,64,27,5,5,101,107.5,0.64,0.099,0.0769,low,Weekday,Off-Peak Hours,0.099,63.37
2423,26,5:30:00 AM,05:30:00,5,Thursday,0,0,Morning,52,13,5,15,85,118.5,0.71,0.2353,0.0943,normal,Weekday,Off-Peak Hours,0.2353,61.18
2424,26,5:45:00 AM,05:45:00,5,Thursday,0,0,Morning,73,11,4,3,91,99.5,0.59,0.0769,0.0541,low,Weekday,Off-Peak Hours,0.0769,80.22
2425,26,6:00:00 AM,06:00:00,6,Thursday,0,1,Morning,106,27,45,5,183,269.5,1.6,0.2732,0.4206,heavy,Weekday,Off-Peak Hours,0.2732,57.92
2426,26,6:15:00 AM,06:15:00,6,Thursday,0,1,Morning,145,21,40,5,211,290.5,1.73,0.2133,0.274,heavy,Weekday,Off-Peak Hours,0.2133,68.72
2427,26,6:30:00 AM,06:30:00,6,Thursday,0,1,Morning,133,19,28,5,185,241.5,1.44,0.1784,0.209,heavy,Weekday,Off-Peak Hours,0.1784,71.89
2428,26,6:45:00 AM,06:45:00,6,Thursday,0,1,Morning,117,31,49,0,197,279.5,1.66,0.2487,0.4153,heavy,Weekday,Off-Peak Hours,0.2487,59.39
2429,26,7:00:00 AM,07:00:00,7,Thursday,0,1,Morning,146,17,34,0,197,256.5,1.53,0.1726,0.2313,heavy,Weekday,Morning Rush (7-10 AM),0.1726,74.11
2430,26,7:15:00 AM,07:15:00,7,Thursday,0,1,Morning,101,35,42,3,181,253.5,1.51,0.2486,0.4118,heavy,Weekday,Morning Rush (7-10 AM),0.2486,55.8
2431,26,7:30:00 AM,07:30:00,7,Thursday,0,1,Morning,103,28,32,1,164,216.0,1.29,0.2012,0.3077,high,Weekday,Morning Rush (7-10 AM),0.2012,62.8
2432,26,7:45:00 AM,07:45:00,7,Thursday,0,1,Morning,150,10,26,0,186,233.0,1.39,0.1398,0.1722,heavy,Weekday,Morning Rush (7-10 AM),0.1398,80.65
2433,26,8:00:00 AM,08:00:00,8,Thursday,0,1,Morning,135,23,48,0,206,290.5,1.73,0.233,0.3529,heavy,Weekday,Morning Rush (7-10 AM),0.233,65.53
2434,26,8:15:00 AM,08:15:00,8,Thursday,0,1,Morning,104,10,48,2,164,259.0,1.54,0.3049,0.4571,high,Weekday,Morning Rush (7-10 AM),0.3049,63.41
2435,26,8:30:00 AM,08:30:00,8,Thursday,0,1,Morning,144,39,50,1,234,316.5,1.88,0.2179,0.3448,heavy,Weekday,Morning Rush (7-10 AM),0.2179,61.54
2436,26,8:45:00 AM,08:45:00,8,Thursday,0,1,Morning,132,10,49,0,191,284.0,1.69,0.2565,0.3684,heavy,Weekday,Morning Rush (7-10 AM),0.2565,69.11
2437,26,9:00:00 AM,09:00:00,9,Thursday,0,0,Morning,142,19,31,1,193,247.5,1.47,0.1658,0.2168,heavy,Weekday,Morning Rush (7-10 AM),0.1658,73.58
2438,26,9:15:00 AM,09:15:00,9,Thursday,0,0,Morning,45,4,30,29,108,224.0,1.33,0.5463,0.6522,normal,Weekday,Morning Rush (7-10 AM),0.5463,41.67
2439,26,9:30:00 AM,09:30:00,9,Thursday,0,0,Morning,27,24,10,5,66,84.0,0.5,0.2273,0.3571,low,Weekday,Morning Rush (7-10 AM),0.2273,40.91
2440,26,9:45:00 AM,09:45:00,9,Thursday,0,0,Morning,85,3,14,16,118,176.5,1.05,0.2542,0.1628,normal,Weekday,Morning Rush (7-10 AM),0.2542,72.03
2441,26,10:00:00 AM,10:00:00,10,Thursday,0,0,Morning,84,11,27,26,148,248.5,1.48,0.3581,0.3176,high,Weekday,Morning Rush (7-10 AM),0.3581,56.76
2442,26,10:15:00 AM,10:15:00,10,Thursday,0,0,Morning,90,4,10,20,124,182.0,1.08,0.2419,0.1099,normal,Weekday,Morning Rush (7-10 AM),0.2419,72.58
2443,26,10:30:00 AM,10:30:00,10,Thursday,0,0,Morning,13,19,39,12,83,175.5,1.04,0.6145,2.7857,normal,Weekday,Morning Rush (7-10 AM),0.6145,15.66
2444,26,10:45:00 AM,10:45:00,10,Thursday,0,0,Morning,11,1,37,9,58,149.5,0.89,0.7931,3.0833,normal,Weekday,Morning Rush (7-10 AM),0.7931,18.97
2445,26,11:00:00 AM,11:00:00,11,Thursday,0,0,Morning,57,10,4,27,98,155.0,0.92,0.3163,0.069,normal,Weekday,Off-Peak Hours,0.3163,58.16
2446,26,11:15:00 AM,11:15:00,11,Thursday,0,0,Morning,52,10,9,23,94,153.0,0.91,0.3404,0.1698,normal,Weekday,Off-Peak Hours,0.3404,55.32
2447,26,11:30:00 AM,11:30:00,11,Thursday,0,0,Morning,38,7,13,21,79,143.5,0.85,0.4304,0.3333,normal,Weekday,Off-Peak Hours,0.4304,48.1
2448,26,11:45:00 AM,11:45:00,11,Thursday,0,0,Morning,35,7,15,24,81,155.5,0.93,0.4815,0.4167,normal,Weekday,Off-Peak Hours,0.4815,43.21
2449,26,12:00:00 PM,12:00:00,12,Thursday,0,0,Afternoon,60,10,12,21,103,164.0,0.98,0.3204,0.1967,normal,Weekday,Off-Peak Hours,0.3204,58.25
2450,26,12:15:00 PM,12:15:00,12,Thursday,0,0,Afternoon,70,10,3,30,113,174.0,1.04,0.292,0.0423,high,Weekday,Off-Peak Hours,0.292,61.95
2451,26,12:30:00 PM,12:30:00,12,Thursday,0,0,Afternoon,34,8,6,30,78,146.0,0.87,0.4615,0.1714,normal,Weekday,Off-Peak Hours,0.4615,43.59
2452,26,12:45:00 PM,12:45:00,12,Thursday,0,0,Afternoon,44,6,4,27,81,140.0,0.83,0.3827,0.0889,normal,Weekday,Off-Peak Hours,0.3827,54.32
2453,26,1:00:00 PM,13:00:00,13,Thursday,0,0,Afternoon,21,5,4,25,55,110.5,0.66,0.5273,0.1818,normal,Weekday,Off-Peak Hours,0.5273,38.18
2454,26,1:15:00 PM,13:15:00,13,Thursday,0,0,Afternoon,106,10,11,11,138,177.0,1.05,0.1594,0.1028,normal,Weekday,Off-Peak Hours,0.1594,76.81
2455,26,1:30:00 PM,13:30:00,13,Thursday,0,0,Afternoon,82,30,32,10,154,223.0,1.33,0.2727,0.3855,high,Weekday,Off-Peak Hours,0.2727,53.25
2456,26,1:45:00 PM,13:45:00,13,Thursday,0,0,Afternoon,57,12,9,17,95,141.0,0.84,0.2737,0.1552,normal,Weekday,Off-Peak Hours,0.2737,60.0
2457,26,2:00:00 PM,14:00:00,14,Thursday,0,0,Afternoon,60,18,21,10,109,162.0,0.96,0.2844,0.3443,normal,Weekday,Off-Peak Hours,0.2844,55.05
2458,26,2:15:00 PM,14:15:00,14,Thursday,0,0,Afternoon,79,17,34,8,138,213.5,1.27,0.3043,0.425,high,Weekday,Off-Peak Hours,0.3043,57.25
2459,26,2:30:00 PM,14:30:00,14,Thursday,0,0,Afternoon,78,29,22,13,142,197.5,1.18,0.2465,0.2785,normal,Weekday,Off-Peak Hours,0.2465,54.93
2460,26,2:45:00 PM,14:45:00,14,Thursday,0,0,Afternoon,69,14,32,18,133,226.0,1.35,0.3759,0.4571,high,Weekday,Off-Peak Hours,0.3759,51.88
2461,26,3:00:00 PM,15:00:00,15,Thursday,0,0,Afternoon,84,25,5,9,123,138.5,0.82,0.1138,0.0588,normal,Weekday,Off-Peak Hours,0.1138,68.29
2462,26,3:15:00 PM,15:15:00,15,Thursday,0,0,Afternoon,62,11,28,5,106,166.5,0.99,0.3113,0.4444,normal,Weekday,Off-Peak Hours,0.3113,58.49
2463,26,3:30:00 PM,15:30:00,15,Thursday,0,0,Afternoon,33,17,22,18,90,161.5,0.96,0.4444,0.6471,normal,Weekday,Off-Peak Hours,0.4444,36.67
2464,26,3:45:00 PM,15:45:00,15,Thursday,0,0,Afternoon,14,21,23,6,64,111.5,0.66,0.4531,1.5333,normal,Weekday,Off-Peak Hours,0.4531,21.87
2465,26,4:00:00 PM,16:00:00,16,Thursday,0,1,Afternoon,127,27,40,5,199,275.5,1.64,0.2261,0.3125,heavy,Weekday,Evening Rush (4-7 PM),0.2261,63.82
2466,26,4:15:00 PM,16:15:00,16,Thursday,0,1,Afternoon,136,10,27,7,180,243.0,1.45,0.1889,0.1971,heavy,Weekday,Evening Rush (4-7 PM),0.1889,75.56
2467,26,4:30:00 PM,16:30:00,16,Thursday,0,1,Afternoon,148,14,37,9,208,293.0,1.74,0.2212,0.2483,heavy,Weekday,Evening Rush (4-7 PM),0.2212,71.15
2468,26,4:45:00 PM,16:45:00,16,Thursday,0,1,Afternoon,122,16,28,6,172,232.0,1.38,0.1977,0.2276,heavy,Weekday,Evening Rush (4-7 PM),0.1977,70.93
2469,26,5:00:00 PM,17:00:00,17,Thursday,0,1,Evening,132,12,45,9,198,300.0,1.79,0.2727,0.3383,heavy,Weekday,Evening Rush (4-7 PM),0.2727,66.67
2470,26,5:15:00 PM,17:15:00,17,Thursday,0,1,Evening,136,29,29,10,204,267.5,1.59,0.1912,0.2117,heavy,Weekday,Evening Rush (4-7 PM),0.1912,66.67
2471,26,5:30:00 PM,17:30:00,17,Thursday,0,1,Evening,103,33,48,10,194,293.5,1.75,0.299,0.4615,heavy,Weekday,Evening Rush (4-7 PM),0.299,53.09
2472,26,5:45:00 PM,17:45:00,17,Thursday,0,1,Evening,132,37,23,10,202,249.5,1.49,0.1634,0.1729,heavy,Weekday,Evening Rush (4-7 PM),0.1634,65.35
2473,26,6:00:00 PM,18:00:00,18,Thursday,0,1,Evening,136,39,39,6,220,290.5,1.73,0.2045,0.2847,heavy,Weekday,Evening Rush (4-7 PM),0.2045,61.82
2474,26,6:15:00 PM,18:15:00,18,Thursday,0,1,Evening,120,24,36,5,185,255.0,1.52,0.2216,0.2975,heavy,Weekday,Evening Rush (4-7 PM),0.2216,64.86
2475,26,6:30:00 PM,18:30:00,18,Thursday,0,1,Evening,126,34,38,9,207,284.0,1.69,0.2271,0.2992,heavy,Weekday,Evening Rush (4-7 PM),0.2271,60.87
2476,26,6:45:00 PM,18:45:00,18,Thursday,0,1,Evening,80,22,14,18,134,187.0,1.11,0.2388,0.1728,normal,Weekday,Evening Rush (4-7 PM),0.2388,59.7
2477,26,7:00:00 PM,19:00:00,19,Thursday,0,0,Evening,99,9,15,29,152,235.5,1.4,0.2895,0.15,high,Weekday,Evening Rush (4-7 PM),0.2895,65.13
2478,26,7:15:00 PM,19:15:00,19,Thursday,0,0,Evening,81,21,19,7,128,169.5,1.01,0.2031,0.2317,normal,Weekday,Evening Rush (4-7 PM),0.2031,63.28
2479,26,7:30:00 PM,19:30:00,19,Thursday,0,0,Evening,87,9,16,26,138,217.5,1.29,0.3043,0.1818,high,Weekday,Evening Rush (4-7 PM),0.3043,63.04
2480,26,7:45:00 PM,19:45:00,19,Thursday,0,0,Evening,80,17,13,30,140,217.5,1.29,0.3071,0.1605,high,Weekday,Evening Rush (4-7 PM),0.3071,57.14
2481,26,8:00:00 PM,20:00:00,20,Thursday,0,0,Evening,91,18,18,9,136,181.0,1.08,0.1985,0.1957,normal,Weekday,Night Freight (8-11 PM),0.1985,66.91
2482,26,8:15:00 PM,20:15:00,20,Thursday,0,0,Evening,90,19,15,13,137,183.5,1.09,0.2044,0.1648,normal,Weekday,Night Freight (8-11 PM),0.2044,65.69
2483,26,8:30:00 PM,20:30:00,20,Thursday,0,0,Evening,107,19,10,23,159,215.5,1.28,0.2075,0.0926,high,Weekday,Night Freight (8-11 PM),0.2075,67.3
2484,26,8:45:00 PM,20:45:00,20,Thursday,0,0,Evening,98,11,14,27,150,226.5,1.35,0.2733,0.1414,high,Weekday,Night Freight (8-11 PM),0.2733,65.33
2485,26,9:00:00 PM,21:00:00,21,Thursday,0,0,Evening,98,18,20,22,158,233.0,1.39,0.2658,0.202,high,Weekday,Night Freight (8-11 PM),0.2658,62.03
2486,26,9:15:00 PM,21:15:00,21,Thursday,0,0,Evening,102,5,12,17,136,191.5,1.14,0.2132,0.1165,normal,Weekday,Night Freight (8-11 PM),0.2132,75.0
2487,26,9:30:00 PM,21:30:00,21,Thursday,0,0,Evening,62,13,16,28,119,200.5,1.19,0.3697,0.254,high,Weekday,Night Freight (8-11 PM),0.3697,52.1
2488,26,9:45:00 PM,21:45:00,21,Thursday,0,0,Evening,101,15,12,35,163,249.5,1.49,0.2883,0.1176,high,Weekday,Night Freight (8-11 PM),0.2883,61.96
2489,26,10:00:00 PM,22:00:00,22,Thursday,0,0,Night,17,5,1,16,39,70.5,0.42,0.4359,0.0556,normal,Weekday,Night Freight (8-11 PM),0.4359,43.59
2490,26,10:15:00 PM,22:15:00,22,Thursday,0,0,Night,10,4,1,37,52,126.0,0.75,0.7308,0.0909,normal,Weekday,Night Freight (8-11 PM),0.7308,19.23
2491,26,10:30:00 PM,22:30:00,22,Thursday,0,0,Night,16,4,0,35,55,123.0,0.73,0.6364,0.0,normal,Weekday,Night Freight (8-11 PM),0.6364,29.09
2492,26,10:45:00 PM,22:45:00,22,Thursday,0,0,Night,17,2,0,17,36,69.0,0.41,0.4722,0.0,normal,Weekday,Night Freight (8-11 PM),0.4722,47.22
2493,26,11:00:00 PM,23:00:00,23,Thursday,0,0,Night,17,0,0,27,44,98.0,0.58,0.6136,0.0,normal,Weekday,Night Freight (8-11 PM),0.6136,38.64
2494,26,11:15:00 PM,23:15:00,23,Thursday,0,0,Night,17,4,1,25,47,97.0,0.58,0.5532,0.0556,normal,Weekday,Night Freight (8-11 PM),0.5532,36.17
2495,26,11:30:00 PM,23:30:00,23,Thursday,0,0,Night,15,2,0,15,32,61.0,0.36,0.4688,0.0,normal,Weekday,Night Freight (8-11 PM),0.4687,46.87
2496,26,11:45:00 PM,23:45:00,23,Thursday,0,0,Night,20,0,1,12,33,59.0,0.35,0.3939,0.0476,low,Weekday,Night Freight (8-11 PM),0.3939,60.61
2497,27,12:00:00 AM,00:00:00,0,Friday,0,0,Night,16,3,0,28,47,101.5,0.6,0.5957,0.0,normal,Weekday,Off-Peak Hours,0.5957,34.04
2498,27,12:15:00 AM,00:15:00,0,Friday,0,0,Night,13,2,1,28,44,101.0,0.6,0.6591,0.0714,normal,Weekday,Off-Peak Hours,0.6591,29.55
2499,27,12:30:00 AM,00:30:00,0,Friday,0,0,Night,15,5,0,26,46,95.5,0.57,0.5652,0.0,normal,Weekday,Off-Peak Hours,0.5652,32.61
2500,27,12:45:00 AM,00:45:00,0,Friday,0,0,Night,15,2,1,16,34,67.0,0.4,0.5,0.0625,normal,Weekday,Off-Peak Hours,0.5,44.12
2501,27,1:00:00 AM,01:00:00,1,Friday,0,0,Night,12,3,0,26,41,91.5,0.54,0.6341,0.0,normal,Weekday,Off-Peak Hours,0.6341,29.27
2502,27,1:15:00 AM,01:15:00,1,Friday,0,0,Night,15,5,0,27,47,98.5,0.59,0.5745,0.0,normal,Weekday,Off-Peak Hours,0.5745,31.91
2503,27,1:30:00 AM,01:30:00,1,Friday,0,0,Night,20,2,0,17,39,72.0,0.43,0.4359,0.0,normal,Weekday,Off-Peak Hours,0.4359,51.28
2504,27,1:45:00 AM,01:45:00,1,Friday,0,0,Night,12,2,0,16,30,61.0,0.36,0.5333,0.0,normal,Weekday,Off-Peak Hours,0.5333,40.0
2505,27,2:00:00 AM,02:00:00,2,Friday,0,0,Night,19,1,0,38,58,133.5,0.79,0.6552,0.0,normal,Weekday,Off-Peak Hours,0.6552,32.76
2506,27,2:15:00 AM,02:15:00,2,Friday,0,0,Night,16,1,1,32,50,115.5,0.69,0.66,0.0588,normal,Weekday,Off-Peak Hours,0.66,32.0
2507,27,2:30:00 AM,02:30:00,2,Friday,0,0,Night,12,0,0,11,23,45.0,0.27,0.4783,0.0,low,Weekday,Off-Peak Hours,0.4783,52.17
2508,27,2:45:00 AM,02:45:00,2,Friday,0,0,Night,16,5,1,29,51,108.5,0.65,0.5882,0.0588,normal,Weekday,Off-Peak Hours,0.5882,31.37
2509,27,3:00:00 AM,03:00:00,3,Friday,0,0,Night,19,5,1,18,43,78.5,0.47,0.4419,0.05,normal,Weekday,Off-Peak Hours,0.4419,44.19
2510,27,3:15:00 AM,03:15:00,3,Friday,0,0,Night,11,0,0,15,26,56.0,0.33,0.5769,0.0,normal,Weekday,Off-Peak Hours,0.5769,42.31
2511,27,3:30:00 AM,03:30:00,3,Friday,0,0,Night,15,4,1,17,37,71.0,0.42,0.4865,0.0625,normal,Weekday,Off-Peak Hours,0.4865,40.54
2512,27,3:45:00 AM,03:45:00,3,Friday,0,0,Night,20,1,0,23,44,89.5,0.53,0.5227,0.0,normal,Weekday,Off-Peak Hours,0.5227,45.45
2513,27,4:00:00 AM,04:00:00,4,Friday,0,0,Night,10,4,0,36,50,120.0,0.71,0.72,0.0,normal,Weekday,Off-Peak Hours,0.72,20.0
2514,27,4:15:00 AM,04:15:00,4,Friday,0,0,Night,39,14,0,15,68,91.0,0.54,0.2206,0.0,normal,Weekday,Off-Peak Hours,0.2206,57.35
2515,27,4:30:00 AM,04:30:00,4,Friday,0,0,Night,33,7,3,10,53,75.5,0.45,0.2453,0.0882,low,Weekday,Off-Peak Hours,0.2453,62.26
2516,27,4:45:00 AM,04:45:00,4,Friday,0,0,Night,77,8,7,15,107,147.0,0.88,0.2056,0.0897,normal,Weekday,Off-Peak Hours,0.2056,71.96
2517,27,5:00:00 AM,05:00:00,5,Friday,0,0,Morning,80,18,6,11,115,140.0,0.83,0.1478,0.0741,normal,Weekday,Off-Peak Hours,0.1478,69.57
2518,27,5:15:00 AM,05:15:00,5,Friday,0,0,Morning,53,11,7,15,86,124.5,0.74,0.2558,0.1296,normal,Weekday,Off-Peak Hours,0.2558,61.63
2519,27,5:30:00 AM,05:30:00,5,Friday,0,0,Morning,73,17,6,13,109,138.5,0.82,0.1743,0.0811,normal,Weekday,Off-Peak Hours,0.1743,66.97
2520,27,5:45:00 AM,05:45:00,5,Friday,0,0,Morning,77,20,4,13,114,138.0,0.82,0.1491,0.0513,normal,Weekday,Off-Peak Hours,0.1491,67.54
2521,27,6:00:00 AM,06:00:00,6,Friday,0,1,Morning,76,14,1,12,103,122.0,0.73,0.1262,0.013,low,Weekday,Off-Peak Hours,0.1262,73.79
2522,27,6:15:00 AM,06:15:00,6,Friday,0,1,Morning,58,14,0,15,87,110.0,0.65,0.1724,0.0,normal,Weekday,Off-Peak Hours,0.1724,66.67
2523,27,6:30:00 AM,06:30:00,6,Friday,0,1,Morning,57,18,7,13,95,126.0,0.75,0.2105,0.1207,normal,Weekday,Off-Peak Hours,0.2105,60.0
2524,27,6:45:00 AM,06:45:00,6,Friday,0,1,Morning,80,16,0,10,106,118.0,0.7,0.0943,0.0,low,Weekday,Off-Peak Hours,0.0943,75.47
2525,27,7:00:00 AM,07:00:00,7,Friday,0,1,Morning,38,7,1,13,59,83.5,0.5,0.2373,0.0256,normal,Weekday,Morning Rush (7-10 AM),0.2373,64.41
2526,27,7:15:00 AM,07:15:00,7,Friday,0,1,Morning,53,20,6,12,91,117.0,0.7,0.1978,0.1111,low,Weekday,Morning Rush (7-10 AM),0.1978,58.24
2527,27,7:30:00 AM,07:30:00,7,Friday,0,1,Morning,30,9,7,10,56,85.5,0.51,0.3036,0.2258,low,Weekday,Morning Rush (7-10 AM),0.3036,53.57
2528,27,7:45:00 AM,07:45:00,7,Friday,0,1,Morning,50,19,4,10,83,101.5,0.6,0.1687,0.0784,low,Weekday,Morning Rush (7-10 AM),0.1687,60.24
2529,27,8:00:00 AM,08:00:00,8,Friday,0,1,Morning,31,14,3,14,62,89.0,0.53,0.2742,0.0938,normal,Weekday,Morning Rush (7-10 AM),0.2742,50.0
2530,27,8:15:00 AM,08:15:00,8,Friday,0,1,Morning,28,18,5,10,61,82.0,0.49,0.2459,0.1724,low,Weekday,Morning Rush (7-10 AM),0.2459,45.9
2531,27,8:30:00 AM,08:30:00,8,Friday,0,1,Morning,31,15,4,12,62,86.5,0.51,0.2581,0.125,low,Weekday,Morning Rush (7-10 AM),0.2581,50.0
2532,27,8:45:00 AM,08:45:00,8,Friday,0,1,Morning,52,19,0,10,81,91.5,0.54,0.1235,0.0,low,Weekday,Morning Rush (7-10 AM),0.1235,64.2
2533,27,9:00:00 AM,09:00:00,9,Friday,0,0,Morning,42,9,2,13,66,91.5,0.54,0.2273,0.0465,normal,Weekday,Morning Rush (7-10 AM),0.2273,63.64
2534,27,9:15:00 AM,09:15:00,9,Friday,0,0,Morning,151,55,27,2,235,265.5,1.58,0.1234,0.1776,heavy,Weekday,Morning Rush (7-10 AM),0.1234,64.26
2535,27,9:30:00 AM,09:30:00,9,Friday,0,0,Morning,180,69,29,1,279,304.5,1.81,0.1075,0.1602,heavy,Weekday,Morning Rush (7-10 AM),0.1075,64.52
2536,27,9:45:00 AM,09:45:00,9,Friday,0,0,Morning,149,41,23,3,216,247.5,1.47,0.1204,0.1533,heavy,Weekday,Morning Rush (7-10 AM),0.1204,68.98
2537,27,10:00:00 AM,10:00:00,10,Friday,0,0,Morning,167,60,27,3,257,287.0,1.71,0.1167,0.1607,heavy,Weekday,Morning Rush (7-10 AM),0.1167,64.98
2538,27,10:15:00 AM,10:15:00,10,Friday,0,0,Morning,134,45,22,3,204,231.5,1.38,0.1225,0.163,heavy,Weekday,Morning Rush (7-10 AM),0.1225,65.69
2539,27,10:30:00 AM,10:30:00,10,Friday,0,0,Morning,180,62,26,4,272,301.0,1.79,0.1103,0.1436,heavy,Weekday,Morning Rush (7-10 AM),0.1103,66.18
2540,27,10:45:00 AM,10:45:00,10,Friday,0,0,Morning,156,54,25,3,238,267.0,1.59,0.1176,0.1592,heavy,Weekday,Morning Rush (7-10 AM),0.1176,65.55
2541,27,11:00:00 AM,11:00:00,11,Friday,0,0,Morning,171,60,18,1,250,258.0,1.54,0.076,0.1047,heavy,Weekday,Off-Peak Hours,0.076,68.4
2542,27,11:15:00 AM,11:15:00,11,Friday,0,0,Morning,174,53,10,3,240,239.5,1.43,0.0542,0.0571,heavy,Weekday,Off-Peak Hours,0.0542,72.5
2543,27,11:30:00 AM,11:30:00,11,Friday,0,0,Morning,154,61,16,3,234,241.5,1.44,0.0812,0.1032,heavy,Weekday,Off-Peak Hours,0.0812,65.81
2544,27,11:45:00 AM,11:45:00,11,Friday,0,0,Morning,161,53,11,1,226,223.5,1.33,0.0531,0.0679,heavy,Weekday,Off-Peak Hours,0.0531,71.24
2545,27,12:00:00 PM,12:00:00,12,Friday,0,0,Afternoon,148,48,13,2,211,217.0,1.29,0.0711,0.0872,heavy,Weekday,Off-Peak Hours,0.0711,70.14
2546,27,12:15:00 PM,12:15:00,12,Friday,0,0,Afternoon,136,60,27,2,225,253.0,1.51,0.1289,0.1971,heavy,Weekday,Off-Peak Hours,0.1289,60.44
2547,27,12:30:00 PM,12:30:00,12,Friday,0,0,Afternoon,143,68,16,0,227,225.0,1.34,0.0705,0.1111,heavy,Weekday,Off-Peak Hours,0.0705,63.0
2548,27,12:45:00 PM,12:45:00,12,Friday,0,0,Afternoon,152,51,22,2,227,249.5,1.49,0.1057,0.1438,heavy,Weekday,Off-Peak Hours,0.1057,66.96
2549,27,1:00:00 PM,13:00:00,13,Friday,0,0,Afternoon,132,58,15,4,209,218.0,1.3,0.0909,0.1128,heavy,Weekday,Off-Peak Hours,0.0909,63.16
2550,27,1:15:00 PM,13:15:00,13,Friday,0,0,Afternoon,155,58,15,4,232,241.0,1.43,0.0819,0.0962,heavy,Weekday,Off-Peak Hours,0.0819,66.81
2551,27,1:30:00 PM,13:30:00,13,Friday,0,0,Afternoon,144,62,12,3,221,220.0,1.31,0.0679,0.0828,heavy,Weekday,Off-Peak Hours,0.0679,65.16
2552,27,1:45:00 PM,13:45:00,13,Friday,0,0,Afternoon,161,51,20,1,233,249.5,1.49,0.0901,0.1235,heavy,Weekday,Off-Peak Hours,0.0901,69.1
2553,27,2:00:00 PM,14:00:00,14,Friday,0,0,Afternoon,137,46,13,2,198,205.0,1.22,0.0758,0.0942,heavy,Weekday,Off-Peak Hours,0.0758,69.19
2554,27,2:15:00 PM,14:15:00,14,Friday,0,0,Afternoon,149,61,16,1,227,230.5,1.37,0.0749,0.1067,heavy,Weekday,Off-Peak Hours,0.0749,65.64
2555,27,2:30:00 PM,14:30:00,14,Friday,0,0,Afternoon,158,46,20,1,225,244.0,1.45,0.0933,0.1258,heavy,Weekday,Off-Peak Hours,0.0933,70.22
2556,27,2:45:00 PM,14:45:00,14,Friday,0,0,Afternoon,134,65,22,0,221,232.5,1.38,0.0995,0.163,heavy,Weekday,Off-Peak Hours,0.0995,60.63
2557,27,3:00:00 PM,15:00:00,15,Friday,0,0,Afternoon,134,65,10,2,211,202.5,1.21,0.0569,0.0741,heavy,Weekday,Off-Peak Hours,0.0569,63.51
2558,27,3:15:00 PM,15:15:00,15,Friday,0,0,Afternoon,73,24,4,0,101,97.0,0.58,0.0396,0.0541,low,Weekday,Off-Peak Hours,0.0396,72.28
2559,27,3:30:00 PM,15:30:00,15,Friday,0,0,Afternoon,64,23,21,1,109,141.5,0.84,0.2018,0.3231,normal,Weekday,Off-Peak Hours,0.2018,58.72
2560,27,3:45:00 PM,15:45:00,15,Friday,0,0,Afternoon,51,27,25,2,105,145.5,0.87,0.2571,0.4808,normal,Weekday,Off-Peak Hours,0.2571,48.57
2561,27,4:00:00 PM,16:00:00,16,Friday,0,1,Afternoon,80,22,17,0,119,142.0,0.85,0.1429,0.2099,normal,Weekday,Evening Rush (4-7 PM),0.1429,67.23
2562,27,4:15:00 PM,16:15:00,16,Friday,0,1,Afternoon,61,26,8,0,95,98.0,0.58,0.0842,0.129,low,Weekday,Evening Rush (4-7 PM),0.0842,64.21
2563,27,4:30:00 PM,16:30:00,16,Friday,0,1,Afternoon,75,24,8,0,107,111.0,0.66,0.0748,0.1053,low,Weekday,Evening Rush (4-7 PM),0.0748,70.09
2564,27,4:45:00 PM,16:45:00,16,Friday,0,1,Afternoon,82,20,15,2,119,143.0,0.85,0.1429,0.1807,normal,Weekday,Evening Rush (4-7 PM),0.1429,68.91
2565,27,5:00:00 PM,17:00:00,17,Friday,0,1,Evening,53,28,21,1,103,133.0,0.79,0.2136,0.3889,normal,Weekday,Evening Rush (4-7 PM),0.2136,51.46
2566,27,5:15:00 PM,17:15:00,17,Friday,0,1,Evening,68,29,14,0,111,124.5,0.74,0.1261,0.2029,low,Weekday,Evening Rush (4-7 PM),0.1261,61.26
2567,27,5:30:00 PM,17:30:00,17,Friday,0,1,Evening,63,28,22,0,113,143.0,0.85,0.1947,0.3438,normal,Weekday,Evening Rush (4-7 PM),0.1947,55.75
2568,27,5:45:00 PM,17:45:00,17,Friday,0,1,Evening,76,30,20,1,127,154.0,0.92,0.1654,0.2597,normal,Weekday,Evening Rush (4-7 PM),0.1654,59.84
2569,27,6:00:00 PM,18:00:00,18,Friday,0,1,Evening,66,23,10,0,99,107.5,0.64,0.101,0.1493,low,Weekday,Evening Rush (4-7 PM),0.101,66.67
2570,27,6:15:00 PM,18:15:00,18,Friday,0,1,Evening,50,23,1,0,74,64.5,0.38,0.0135,0.0196,low,Weekday,Evening Rush (4-7 PM),0.0135,67.57
2571,27,6:30:00 PM,18:30:00,18,Friday,0,1,Evening,60,29,22,2,113,146.5,0.87,0.2124,0.3607,normal,Weekday,Evening Rush (4-7 PM),0.2124,53.1
2572,27,6:45:00 PM,18:45:00,18,Friday,0,1,Evening,75,26,11,0,112,121.0,0.72,0.0982,0.1447,normal,Weekday,Evening Rush (4-7 PM),0.0982,66.96
2573,27,7:00:00 PM,19:00:00,19,Friday,0,0,Evening,81,22,18,2,123,152.0,0.9,0.1626,0.2195,normal,Weekday,Evening Rush (4-7 PM),0.1626,65.85
2574,27,7:15:00 PM,19:15:00,19,Friday,0,0,Evening,33,6,0,4,43,48.0,0.29,0.093,0.0,low,Weekday,Evening Rush (4-7 PM),0.093,76.74
2575,27,7:30:00 PM,19:30:00,19,Friday,0,0,Evening,21,5,6,15,47,86.5,0.51,0.4468,0.2727,normal,Weekday,Evening Rush (4-7 PM),0.4468,44.68
2576,27,7:45:00 PM,19:45:00,19,Friday,0,0,Evening,22,7,1,2,32,34.5,0.21,0.0938,0.0435,low,Weekday,Evening Rush (4-7 PM),0.0937,68.75
2577,27,8:00:00 PM,20:00:00,20,Friday,0,0,Evening,31,6,0,15,52,79.0,0.47,0.2885,0.0,normal,Weekday,Night Freight (8-11 PM),0.2885,59.62
2578,27,8:15:00 PM,20:15:00,20,Friday,0,0,Evening,41,8,3,2,54,60.0,0.36,0.0926,0.0714,low,Weekday,Night Freight (8-11 PM),0.0926,75.93
2579,27,8:30:00 PM,20:30:00,20,Friday,0,0,Evening,24,6,5,11,46,75.0,0.45,0.3478,0.2,low,Weekday,Night Freight (8-11 PM),0.3478,52.17
2580,27,8:45:00 PM,20:45:00,20,Friday,0,0,Evening,45,6,6,10,67,96.0,0.57,0.2388,0.1304,low,Weekday,Night Freight (8-11 PM),0.2388,67.16
2581,27,9:00:00 PM,21:00:00,21,Friday,0,0,Evening,24,11,6,2,43,53.5,0.32,0.186,0.24,low,Weekday,Night Freight (8-11 PM),0.186,55.81
2582,27,9:15:00 PM,21:15:00,21,Friday,0,0,Evening,47,6,2,12,67,92.0,0.55,0.209,0.0417,low,Weekday,Night Freight (8-11 PM),0.209,70.15
2583,27,9:30:00 PM,21:30:00,21,Friday,0,0,Evening,46,1,1,4,52,61.5,0.37,0.0962,0.0213,low,Weekday,Night Freight (8-11 PM),0.0962,88.46
2584,27,9:45:00 PM,21:45:00,21,Friday,0,0,Evening,26,3,2,3,34,42.5,0.25,0.1471,0.0741,low,Weekday,Night Freight (8-11 PM),0.1471,76.47
2585,27,10:00:00 PM,22:00:00,22,Friday,0,0,Night,20,4,0,39,63,139.0,0.83,0.619,0.0,normal,Weekday,Night Freight (8-11 PM),0.619,31.75
2586,27,10:15:00 PM,22:15:00,22,Friday,0,0,Night,20,1,1,27,49,104.5,0.62,0.5714,0.0476,normal,Weekday,Night Freight (8-11 PM),0.5714,40.82
2587,27,10:30:00 PM,22:30:00,22,Friday,0,0,Night,19,0,1,17,37,73.0,0.43,0.4865,0.05,normal,Weekday,Night Freight (8-11 PM),0.4865,51.35
2588,27,10:45:00 PM,22:45:00,22,Friday,0,0,Night,11,3,1,19,34,72.5,0.43,0.5882,0.0833,normal,Weekday,Night Freight (8-11 PM),0.5882,32.35
2589,27,11:00:00 PM,23:00:00,23,Friday,0,0,Night,17,5,1,31,54,115.5,0.69,0.5926,0.0556,normal,Weekday,Night Freight (8-11 PM),0.5926,31.48
2590,27,11:15:00 PM,23:15:00,23,Friday,0,0,Night,19,4,0,12,35,57.0,0.34,0.3429,0.0,low,Weekday,Night Freight (8-11 PM),0.3429,54.29
2591,27,11:30:00 PM,23:30:00,23,Friday,0,0,Night,11,1,0,38,50,125.5,0.75,0.76,0.0,normal,Weekday,Night Freight (8-11 PM),0.76,22.0
2592,27,11:45:00 PM,23:45:00,23,Friday,0,0,Night,12,0,0,17,29,63.0,0.38,0.5862,0.0,normal,Weekday,Night Freight (8-11 PM),0.5862,41.38
2593,28,12:00:00 AM,00:00:00,0,Saturday,1,0,Night,18,0,0,27,45,99.0,0.59,0.6,0.0,normal,Weekend,Off-Peak Hours,0.6,40.0
2594,28,12:15:00 AM,00:15:00,0,Saturday,1,0,Night,19,4,0,14,37,63.0,0.38,0.3784,0.0,normal,Weekend,Off-Peak Hours,0.3784,51.35
2595,28,12:30:00 AM,00:30:00,0,Saturday,1,0,Night,13,2,0,28,43,98.0,0.58,0.6512,0.0,normal,Weekend,Off-Peak Hours,0.6512,30.23
2596,28,12:45:00 AM,00:45:00,0,Saturday,1,0,Night,18,4,1,23,46,92.0,0.55,0.5217,0.0526,normal,Weekend,Off-Peak Hours,0.5217,39.13
2597,28,1:00:00 AM,01:00:00,1,Saturday,1,0,Night,20,0,0,11,31,53.0,0.32,0.3548,0.0,low,Weekend,Off-Peak Hours,0.3548,64.52
2598,28,1:15:00 AM,01:15:00,1,Saturday,1,0,Night,11,4,1,22,38,82.0,0.49,0.6053,0.0833,normal,Weekend,Off-Peak Hours,0.6053,28.95
2599,28,1:30:00 AM,01:30:00,1,Saturday,1,0,Night,15,2,0,18,35,70.0,0.42,0.5143,0.0,normal,Weekend,Off-Peak Hours,0.5143,42.86
2600,28,1:45:00 AM,01:45:00,1,Saturday,1,0,Night,16,3,0,34,53,119.5,0.71,0.6415,0.0,normal,Weekend,Off-Peak Hours,0.6415,30.19
2601,28,2:00:00 AM,02:00:00,2,Saturday,1,0,Night,11,2,0,18,31,66.0,0.39,0.5806,0.0,normal,Weekend,Off-Peak Hours,0.5806,35.48
2602,28,2:15:00 AM,02:15:00,2,Saturday,1,0,Night,17,4,1,38,60,136.0,0.81,0.65,0.0556,normal,Weekend,Off-Peak Hours,0.65,28.33
2603,28,2:30:00 AM,02:30:00,2,Saturday,1,0,Night,20,4,1,28,53,109.0,0.65,0.5472,0.0476,normal,Weekend,Off-Peak Hours,0.5472,37.74
2604,28,2:45:00 AM,02:45:00,2,Saturday,1,0,Night,19,0,1,37,57,133.0,0.79,0.6667,0.05,normal,Weekend,Off-Peak Hours,0.6667,33.33
2605,28,3:00:00 AM,03:00:00,3,Saturday,1,0,Night,10,2,1,34,47,116.0,0.69,0.7447,0.0909,normal,Weekend,Off-Peak Hours,0.7447,21.28
2606,28,3:15:00 AM,03:15:00,3,Saturday,1,0,Night,19,0,0,17,36,70.0,0.42,0.4722,0.0,normal,Weekend,Off-Peak Hours,0.4722,52.78
2607,28,3:30:00 AM,03:30:00,3,Saturday,1,0,Night,15,0,0,30,45,105.0,0.63,0.6667,0.0,normal,Weekend,Off-Peak Hours,0.6667,33.33
2608,28,3:45:00 AM,03:45:00,3,Saturday,1,0,Night,10,2,0,31,43,104.0,0.62,0.7209,0.0,normal,Weekend,Off-Peak Hours,0.7209,23.26
2609,28,4:00:00 AM,04:00:00,4,Saturday,1,0,Night,18,3,0,17,38,70.5,0.42,0.4474,0.0,normal,Weekend,Off-Peak Hours,0.4474,47.37
2610,28,4:15:00 AM,04:15:00,4,Saturday,1,0,Night,97,22,4,18,141,174.0,1.04,0.156,0.0408,normal,Weekend,Off-Peak Hours,0.156,68.79
2611,28,4:30:00 AM,04:30:00,4,Saturday,1,0,Night,111,12,9,17,149,195.0,1.16,0.1745,0.0804,normal,Weekend,Off-Peak Hours,0.1745,74.5
2612,28,4:45:00 AM,04:45:00,4,Saturday,1,0,Night,108,10,5,17,140,179.0,1.07,0.1571,0.0459,normal,Weekend,Off-Peak Hours,0.1571,77.14
2613,28,5:00:00 AM,05:00:00,5,Saturday,1,0,Morning,74,24,10,20,128,176.0,1.05,0.2344,0.1333,normal,Weekend,Off-Peak Hours,0.2344,57.81
2614,28,5:15:00 AM,05:15:00,5,Saturday,1,0,Morning,114,4,8,20,146,200.0,1.19,0.1918,0.0696,normal,Weekend,Off-Peak Hours,0.1918,78.08
2615,28,5:30:00 AM,05:30:00,5,Saturday,1,0,Morning,91,16,5,11,123,147.0,0.88,0.1301,0.0543,normal,Weekend,Off-Peak Hours,0.1301,73.98
2616,28,5:45:00 AM,05:45:00,5,Saturday,1,0,Morning,66,3,9,19,97,151.5,0.9,0.2887,0.1343,normal,Weekend,Off-Peak Hours,0.2887,68.04
2617,28,6:00:00 AM,06:00:00,6,Saturday,1,1,Morning,104,32,23,5,164,204.0,1.21,0.1707,0.219,normal,Weekend,Off-Peak Hours,0.1707,63.41
2618,28,6:15:00 AM,06:15:00,6,Saturday,1,1,Morning,128,18,31,3,180,239.0,1.42,0.1889,0.2403,heavy,Weekend,Off-Peak Hours,0.1889,71.11
2619,28,6:30:00 AM,06:30:00,6,Saturday,1,1,Morning,127,24,27,0,178,220.0,1.31,0.1517,0.2109,heavy,Weekend,Off-Peak Hours,0.1517,71.35
2620,28,6:45:00 AM,06:45:00,6,Saturday,1,1,Morning,130,31,22,0,183,211.5,1.26,0.1202,0.1679,heavy,Weekend,Off-Peak Hours,0.1202,71.04
2621,28,7:00:00 AM,07:00:00,7,Saturday,1,1,Morning,108,13,38,1,160,231.5,1.38,0.2438,0.3486,high,Weekend,Morning Rush (7-10 AM),0.2437,67.5
2622,28,7:15:00 AM,07:15:00,7,Saturday,1,1,Morning,116,22,37,2,177,244.0,1.45,0.2203,0.3162,heavy,Weekend,Morning Rush (7-10 AM),0.2203,65.54
2623,28,7:30:00 AM,07:30:00,7,Saturday,1,1,Morning,143,28,27,4,202,250.0,1.49,0.1535,0.1875,heavy,Weekend,Morning Rush (7-10 AM),0.1535,70.79
2624,28,7:45:00 AM,07:45:00,7,Saturday,1,1,Morning,118,32,21,5,176,212.0,1.26,0.1477,0.1765,heavy,Weekend,Morning Rush (7-10 AM),0.1477,67.05
2625,28,8:00:00 AM,08:00:00,8,Saturday,1,1,Morning,121,35,32,0,188,234.5,1.4,0.1702,0.2623,heavy,Weekend,Morning Rush (7-10 AM),0.1702,64.36
2626,28,8:15:00 AM,08:15:00,8,Saturday,1,1,Morning,109,28,39,2,178,246.0,1.46,0.2303,0.3545,heavy,Weekend,Morning Rush (7-10 AM),0.2303,61.24
2627,28,8:30:00 AM,08:30:00,8,Saturday,1,1,Morning,135,11,23,5,174,224.5,1.34,0.1609,0.1691,heavy,Weekend,Morning Rush (7-10 AM),0.1609,77.59
2628,28,8:45:00 AM,08:45:00,8,Saturday,1,1,Morning,100,30,29,2,161,208.0,1.24,0.1925,0.2871,high,Weekend,Morning Rush (7-10 AM),0.1925,62.11
2629,28,9:00:00 AM,09:00:00,9,Saturday,1,0,Morning,138,32,26,4,200,244.0,1.45,0.15,0.1871,heavy,Weekend,Morning Rush (7-10 AM),0.15,69.0
2630,28,9:15:00 AM,09:15:00,9,Saturday,1,0,Morning,29,9,21,23,82,165.5,0.99,0.5366,0.7,normal,Weekend,Morning Rush (7-10 AM),0.5366,35.37
2631,28,9:30:00 AM,09:30:00,9,Saturday,1,0,Morning,36,17,7,30,90,155.5,0.93,0.4111,0.1892,normal,Weekend,Morning Rush (7-10 AM),0.4111,40.0
2632,28,9:45:00 AM,09:45:00,9,Saturday,1,0,Morning,42,9,37,28,116,241.5,1.44,0.5603,0.8605,high,Weekend,Morning Rush (7-10 AM),0.5603,36.21
2633,28,10:00:00 AM,10:00:00,10,Saturday,1,0,Morning,80,6,12,6,104,137.0,0.82,0.1731,0.1481,low,Weekend,Morning Rush (7-10 AM),0.1731,76.92
2634,28,10:15:00 AM,10:15:00,10,Saturday,1,0,Morning,37,21,28,6,92,149.5,0.89,0.3696,0.7368,normal,Weekend,Morning Rush (7-10 AM),0.3696,40.22
2635,28,10:30:00 AM,10:30:00,10,Saturday,1,0,Morning,44,17,27,30,118,223.5,1.33,0.4831,0.6,high,Weekend,Morning Rush (7-10 AM),0.4831,37.29
2636,28,10:45:00 AM,10:45:00,10,Saturday,1,0,Morning,25,12,13,5,55,85.0,0.51,0.3273,0.5,low,Weekend,Morning Rush (7-10 AM),0.3273,45.45
2637,28,11:00:00 AM,11:00:00,11,Saturday,1,0,Morning,36,9,9,30,84,157.5,0.94,0.4643,0.2432,normal,Weekend,Off-Peak Hours,0.4643,42.86
2638,28,11:15:00 AM,11:15:00,11,Saturday,1,0,Morning,63,7,10,29,109,183.5,1.09,0.3578,0.1562,normal,Weekend,Off-Peak Hours,0.3578,57.8
2639,28,11:30:00 AM,11:30:00,11,Saturday,1,0,Morning,20,5,13,22,60,127.5,0.76,0.5833,0.619,normal,Weekend,Off-Peak Hours,0.5833,33.33
2640,28,11:45:00 AM,11:45:00,11,Saturday,1,0,Morning,53,8,6,23,90,144.0,0.86,0.3222,0.1111,normal,Weekend,Off-Peak Hours,0.3222,58.89
2641,28,12:00:00 PM,12:00:00,12,Saturday,1,0,Afternoon,41,7,5,26,79,137.5,0.82,0.3924,0.119,normal,Weekend,Off-Peak Hours,0.3924,51.9
2642,28,12:15:00 PM,12:15:00,12,Saturday,1,0,Afternoon,36,9,13,29,87,166.5,0.99,0.4828,0.3514,normal,Weekend,Off-Peak Hours,0.4828,41.38
2643,28,12:30:00 PM,12:30:00,12,Saturday,1,0,Afternoon,65,10,8,22,105,160.0,0.95,0.2857,0.1212,normal,Weekend,Off-Peak Hours,0.2857,61.9
2644,28,12:45:00 PM,12:45:00,12,Saturday,1,0,Afternoon,55,6,5,27,93,154.0,0.92,0.3441,0.0893,normal,Weekend,Off-Peak Hours,0.3441,59.14
2645,28,1:00:00 PM,13:00:00,13,Saturday,1,0,Afternoon,63,8,15,30,116,202.0,1.2,0.3879,0.2344,high,Weekend,Off-Peak Hours,0.3879,54.31
2646,28,1:15:00 PM,13:15:00,13,Saturday,1,0,Afternoon,19,26,32,18,95,182.0,1.08,0.5263,1.6,normal,Weekend,Off-Peak Hours,0.5263,20.0
2647,28,1:30:00 PM,13:30:00,13,Saturday,1,0,Afternoon,84,11,11,9,115,149.5,0.89,0.1739,0.1294,normal,Weekend,Off-Peak Hours,0.1739,73.04
2648,28,1:45:00 PM,13:45:00,13,Saturday,1,0,Afternoon,110,23,34,9,176,250.5,1.49,0.2443,0.3063,heavy,Weekend,Off-Peak Hours,0.2443,62.5
2649,28,2:00:00 PM,14:00:00,14,Saturday,1,0,Afternoon,46,20,18,5,89,125.0,0.74,0.2584,0.383,normal,Weekend,Off-Peak Hours,0.2584,51.69
2650,28,2:15:00 PM,14:15:00,14,Saturday,1,0,Afternoon,67,12,10,20,109,163.0,0.97,0.2752,0.1471,normal,Weekend,Off-Peak Hours,0.2752,61.47
2651,28,2:30:00 PM,14:30:00,14,Saturday,1,0,Afternoon,42,25,20,19,106,171.5,1.02,0.3679,0.4651,normal,Weekend,Off-Peak Hours,0.3679,39.62
2652,28,2:45:00 PM,14:45:00,14,Saturday,1,0,Afternoon,87,17,18,6,128,167.5,1.0,0.1875,0.2045,normal,Weekend,Off-Peak Hours,0.1875,67.97
2653,28,3:00:00 PM,15:00:00,15,Saturday,1,0,Afternoon,45,24,31,11,111,183.0,1.09,0.3784,0.6739,normal,Weekend,Off-Peak Hours,0.3784,40.54
2654,28,3:15:00 PM,15:15:00,15,Saturday,1,0,Afternoon,80,26,35,6,147,216.0,1.29,0.2789,0.4321,high,Weekend,Off-Peak Hours,0.2789,54.42
2655,28,3:30:00 PM,15:30:00,15,Saturday,1,0,Afternoon,83,18,6,15,122,155.0,0.92,0.1721,0.0714,normal,Weekend,Off-Peak Hours,0.1721,68.03
2656,28,3:45:00 PM,15:45:00,15,Saturday,1,0,Afternoon,68,19,15,11,113,155.5,0.93,0.2301,0.2174,normal,Weekend,Off-Peak Hours,0.2301,60.18
2657,28,4:00:00 PM,16:00:00,16,Saturday,1,1,Afternoon,101,37,48,9,195,290.5,1.73,0.2923,0.4706,heavy,Weekend,Evening Rush (4-7 PM),0.2923,51.79
2658,28,4:15:00 PM,16:15:00,16,Saturday,1,1,Afternoon,149,32,29,10,220,282.0,1.68,0.1773,0.1933,heavy,Weekend,Evening Rush (4-7 PM),0.1773,67.73
2659,28,4:30:00 PM,16:30:00,16,Saturday,1,1,Afternoon,136,21,33,9,199,272.5,1.62,0.2111,0.2409,heavy,Weekend,Evening Rush (4-7 PM),0.2111,68.34
2660,28,4:45:00 PM,16:45:00,16,Saturday,1,1,Afternoon,105,20,23,7,155,205.0,1.22,0.1935,0.217,normal,Weekend,Evening Rush (4-7 PM),0.1935,67.74
2661,28,5:00:00 PM,17:00:00,17,Saturday,1,1,Evening,125,12,20,8,165,215.0,1.28,0.1697,0.1587,normal,Weekend,Evening Rush (4-7 PM),0.1697,75.76
2662,28,5:15:00 PM,17:15:00,17,Saturday,1,1,Evening,125,14,26,5,170,225.0,1.34,0.1824,0.2063,heavy,Weekend,Evening Rush (4-7 PM),0.1824,73.53
2663,28,5:30:00 PM,17:30:00,17,Saturday,1,1,Evening,118,28,23,8,177,225.0,1.34,0.1751,0.1933,heavy,Weekend,Evening Rush (4-7 PM),0.1751,66.67
2664,28,5:45:00 PM,17:45:00,17,Saturday,1,1,Evening,114,32,45,6,197,283.0,1.68,0.2589,0.3913,heavy,Weekend,Evening Rush (4-7 PM),0.2589,57.87
2665,28,6:00:00 PM,18:00:00,18,Saturday,1,1,Evening,123,37,46,8,214,303.5,1.81,0.2523,0.371,heavy,Weekend,Evening Rush (4-7 PM),0.2523,57.48
2666,28,6:15:00 PM,18:15:00,18,Saturday,1,1,Evening,115,23,22,7,167,213.5,1.27,0.1737,0.1897,normal,Weekend,Evening Rush (4-7 PM),0.1737,68.86
2667,28,6:30:00 PM,18:30:00,18,Saturday,1,1,Evening,111,25,35,10,181,258.5,1.54,0.2486,0.3125,heavy,Weekend,Evening Rush (4-7 PM),0.2486,61.33
2668,28,6:45:00 PM,18:45:00,18,Saturday,1,1,Evening,66,8,11,9,94,130.0,0.77,0.2128,0.1642,low,Weekend,Evening Rush (4-7 PM),0.2128,70.21
2669,28,7:00:00 PM,19:00:00,19,Saturday,1,0,Evening,103,12,17,23,155,229.0,1.36,0.2581,0.1635,high,Weekend,Evening Rush (4-7 PM),0.2581,66.45
2670,28,7:15:00 PM,19:15:00,19,Saturday,1,0,Evening,94,14,14,24,146,215.0,1.28,0.2603,0.1474,high,Weekend,Evening Rush (4-7 PM),0.2603,64.38
2671,28,7:30:00 PM,19:30:00,19,Saturday,1,0,Evening,105,23,15,18,161,215.5,1.28,0.205,0.1415,normal,Weekend,Evening Rush (4-7 PM),0.205,65.22
2672,28,7:45:00 PM,19:45:00,19,Saturday,1,0,Evening,53,22,14,35,124,211.0,1.26,0.3952,0.2593,high,Weekend,Evening Rush (4-7 PM),0.3952,42.74
2673,28,8:00:00 PM,20:00:00,20,Saturday,1,0,Evening,74,10,12,32,128,211.0,1.26,0.3438,0.16,high,Weekend,Night Freight (8-11 PM),0.3437,57.81
2674,28,8:15:00 PM,20:15:00,20,Saturday,1,0,Evening,71,24,15,26,136,206.0,1.23,0.3015,0.2083,high,Weekend,Night Freight (8-11 PM),0.3015,52.21
2675,28,8:30:00 PM,20:30:00,20,Saturday,1,0,Evening,61,21,15,32,129,212.5,1.27,0.3643,0.2419,high,Weekend,Night Freight (8-11 PM),0.3643,47.29
2676,28,8:45:00 PM,20:45:00,20,Saturday,1,0,Evening,101,25,18,8,152,191.5,1.14,0.1711,0.1765,normal,Weekend,Night Freight (8-11 PM),0.1711,66.45
2677,28,9:00:00 PM,21:00:00,21,Saturday,1,0,Evening,104,22,10,14,150,187.0,1.11,0.16,0.0952,normal,Weekend,Night Freight (8-11 PM),0.16,69.33
2678,28,9:15:00 PM,21:15:00,21,Saturday,1,0,Evening,79,20,15,18,132,188.0,1.12,0.25,0.1875,normal,Weekend,Night Freight (8-11 PM),0.25,59.85
2679,28,9:30:00 PM,21:30:00,21,Saturday,1,0,Evening,70,20,11,14,115,155.0,0.92,0.2174,0.1549,normal,Weekend,Night Freight (8-11 PM),0.2174,60.87
2680,28,9:45:00 PM,21:45:00,21,Saturday,1,0,Evening,74,16,14,34,138,226.0,1.35,0.3478,0.1867,high,Weekend,Night Freight (8-11 PM),0.3478,53.62
2681,28,10:00:00 PM,22:00:00,22,Saturday,1,0,Night,20,5,0,21,46,85.5,0.51,0.4565,0.0,normal,Weekend,Night Freight (8-11 PM),0.4565,43.48
2682,28,10:15:00 PM,22:15:00,22,Saturday,1,0,Night,16,0,0,36,52,124.0,0.74,0.6923,0.0,normal,Weekend,Night Freight (8-11 PM),0.6923,30.77
2683,28,10:30:00 PM,22:30:00,22,Saturday,1,0,Night,14,3,0,20,37,75.5,0.45,0.5405,0.0,normal,Weekend,Night Freight (8-11 PM),0.5405,37.84
2684,28,10:45:00 PM,22:45:00,22,Saturday,1,0,Night,14,1,1,30,46,107.5,0.64,0.6739,0.0667,normal,Weekend,Night Freight (8-11 PM),0.6739,30.43
2685,28,11:00:00 PM,23:00:00,23,Saturday,1,0,Night,17,0,1,12,30,56.0,0.33,0.4333,0.0556,low,Weekend,Night Freight (8-11 PM),0.4333,56.67
2686,28,11:15:00 PM,23:15:00,23,Saturday,1,0,Night,14,0,0,14,28,56.0,0.33,0.5,0.0,normal,Weekend,Night Freight (8-11 PM),0.5,50.0
2687,28,11:30:00 PM,23:30:00,23,Saturday,1,0,Night,18,5,0,40,63,140.5,0.84,0.6349,0.0,normal,Weekend,Night Freight (8-11 PM),0.6349,28.57
2688,28,11:45:00 PM,23:45:00,23,Saturday,1,0,Night,17,2,0,18,37,72.0,0.43,0.4865,0.0,normal,Weekend,Night Freight (8-11 PM),0.4865,45.95
2689,29,12:00:00 AM,00:00:00,0,Sunday,1,0,Night,14,1,1,35,51,122.5,0.73,0.7059,0.0667,normal,Weekend,Off-Peak Hours,0.7059,27.45
2690,29,12:15:00 AM,00:15:00,0,Sunday,1,0,Night,14,2,1,26,43,96.0,0.57,0.6279,0.0667,normal,Weekend,Off-Peak Hours,0.6279,32.56
2691,29,12:30:00 AM,00:30:00,0,Sunday,1,0,Night,16,0,1,37,54,130.0,0.77,0.7037,0.0588,normal,Weekend,Off-Peak Hours,0.7037,29.63
2692,29,12:45:00 AM,00:45:00,0,Sunday,1,0,Night,14,4,1,32,51,115.0,0.68,0.6471,0.0667,normal,Weekend,Off-Peak Hours,0.6471,27.45
2693,29,1:00:00 AM,01:00:00,1,Sunday,1,0,Night,19,5,0,12,36,57.5,0.34,0.3333,0.0,low,Weekend,Off-Peak Hours,0.3333,52.78
2694,29,1:15:00 AM,01:15:00,1,Sunday,1,0,Night,11,0,1,31,43,107.0,0.64,0.7442,0.0833,normal,Weekend,Off-Peak Hours,0.7442,25.58
2695,29,1:30:00 AM,01:30:00,1,Sunday,1,0,Night,12,0,0,32,44,108.0,0.64,0.7273,0.0,normal,Weekend,Off-Peak Hours,0.7273,27.27
2696,29,1:45:00 AM,01:45:00,1,Sunday,1,0,Night,12,3,0,32,47,109.5,0.65,0.6809,0.0,normal,Weekend,Off-Peak Hours,0.6809,25.53
2697,29,2:00:00 AM,02:00:00,2,Sunday,1,0,Night,18,4,1,31,54,116.0,0.69,0.5926,0.0526,normal,Weekend,Off-Peak Hours,0.5926,33.33
2698,29,2:15:00 AM,02:15:00,2,Sunday,1,0,Night,17,4,1,20,42,82.0,0.49,0.5,0.0556,normal,Weekend,Off-Peak Hours,0.5,40.48
2699,29,2:30:00 AM,02:30:00,2,Sunday,1,0,Night,17,0,0,22,39,83.0,0.49,0.5641,0.0,normal,Weekend,Off-Peak Hours,0.5641,43.59
2700,29,2:45:00 AM,02:45:00,2,Sunday,1,0,Night,19,2,1,12,34,59.0,0.35,0.3824,0.05,low,Weekend,Off-Peak Hours,0.3824,55.88
2701,29,3:00:00 AM,03:00:00,3,Sunday,1,0,Night,18,2,1,19,40,79.0,0.47,0.5,0.0526,normal,Weekend,Off-Peak Hours,0.5,45.0
2702,29,3:15:00 AM,03:15:00,3,Sunday,1,0,Night,19,5,0,26,50,99.5,0.59,0.52,0.0,normal,Weekend,Off-Peak Hours,0.52,38.0
2703,29,3:30:00 AM,03:30:00,3,Sunday,1,0,Night,19,5,1,35,60,129.5,0.77,0.6,0.05,normal,Weekend,Off-Peak Hours,0.6,31.67
2704,29,3:45:00 AM,03:45:00,3,Sunday,1,0,Night,18,0,0,20,38,78.0,0.46,0.5263,0.0,normal,Weekend,Off-Peak Hours,0.5263,47.37
2705,29,4:00:00 AM,04:00:00,4,Sunday,1,0,Night,16,0,0,30,46,106.0,0.63,0.6522,0.0,normal,Weekend,Off-Peak Hours,0.6522,34.78
2706,29,4:15:00 AM,04:15:00,4,Sunday,1,0,Night,114,30,9,7,160,177.0,1.05,0.1,0.0783,normal,Weekend,Off-Peak Hours,0.1,71.25
2707,29,4:30:00 AM,04:30:00,4,Sunday,1,0,Night,102,17,2,14,135,158.5,0.94,0.1185,0.0194,normal,Weekend,Off-Peak Hours,0.1185,75.56
2708,29,4:45:00 AM,04:45:00,4,Sunday,1,0,Night,55,4,7,13,79,117.0,0.7,0.2532,0.125,normal,Weekend,Off-Peak Hours,0.2532,69.62
2709,29,5:00:00 AM,05:00:00,5,Sunday,1,0,Morning,82,2,4,14,102,137.0,0.82,0.1765,0.0482,normal,Weekend,Off-Peak Hours,0.1765,80.39
2710,29,5:15:00 AM,05:15:00,5,Sunday,1,0,Morning,66,16,9,19,110,158.0,0.94,0.2545,0.1343,normal,Weekend,Off-Peak Hours,0.2545,60.0
2711,29,5:30:00 AM,05:30:00,5,Sunday,1,0,Morning,86,5,1,13,105,130.5,0.78,0.1333,0.0115,normal,Weekend,Off-Peak Hours,0.1333,81.9
2712,29,5:45:00 AM,05:45:00,5,Sunday,1,0,Morning,108,24,2,19,153,183.0,1.09,0.1373,0.0183,normal,Weekend,Off-Peak Hours,0.1373,70.59
2713,29,6:00:00 AM,06:00:00,6,Sunday,1,1,Morning,112,30,26,0,168,205.0,1.22,0.1548,0.2301,heavy,Weekend,Off-Peak Hours,0.1548,66.67
2714,29,6:15:00 AM,06:15:00,6,Sunday,1,1,Morning,147,31,46,0,224,300.5,1.79,0.2054,0.3108,heavy,Weekend,Off-Peak Hours,0.2054,65.62
2715,29,6:30:00 AM,06:30:00,6,Sunday,1,1,Morning,116,20,40,2,178,252.0,1.5,0.236,0.3419,heavy,Weekend,Off-Peak Hours,0.236,65.17
2716,29,6:45:00 AM,06:45:00,6,Sunday,1,1,Morning,138,13,21,5,177,222.5,1.32,0.1469,0.1511,heavy,Weekend,Off-Peak Hours,0.1469,77.97
2717,29,7:00:00 AM,07:00:00,7,Sunday,1,1,Morning,132,25,40,2,199,270.5,1.61,0.2111,0.3008,heavy,Weekend,Morning Rush (7-10 AM),0.2111,66.33
2718,29,7:15:00 AM,07:15:00,7,Sunday,1,1,Morning,124,14,31,4,173,236.0,1.41,0.2023,0.248,heavy,Weekend,Morning Rush (7-10 AM),0.2023,71.68
2719,29,7:30:00 AM,07:30:00,7,Sunday,1,1,Morning,106,27,25,1,159,197.5,1.18,0.1635,0.2336,normal,Weekend,Morning Rush (7-10 AM),0.1635,66.67
2720,29,7:45:00 AM,07:45:00,7,Sunday,1,1,Morning,104,24,29,5,162,218.0,1.3,0.2099,0.2762,high,Weekend,Morning Rush (7-10 AM),0.2099,64.2
2721,29,8:00:00 AM,08:00:00,8,Sunday,1,1,Morning,140,31,21,4,196,230.5,1.37,0.1276,0.1489,heavy,Weekend,Morning Rush (7-10 AM),0.1276,71.43
2722,29,8:15:00 AM,08:15:00,8,Sunday,1,1,Morning,121,35,37,3,196,258.5,1.54,0.2041,0.3033,heavy,Weekend,Morning Rush (7-10 AM),0.2041,61.73
2723,29,8:30:00 AM,08:30:00,8,Sunday,1,1,Morning,135,23,37,5,200,272.5,1.62,0.21,0.2721,heavy,Weekend,Morning Rush (7-10 AM),0.21,67.5
2724,29,8:45:00 AM,08:45:00,8,Sunday,1,1,Morning,149,20,30,5,204,264.0,1.57,0.1716,0.2,heavy,Weekend,Morning Rush (7-10 AM),0.1716,73.04
2725,29,9:00:00 AM,09:00:00,9,Sunday,1,0,Morning,117,14,39,0,170,241.0,1.43,0.2294,0.3305,heavy,Weekend,Morning Rush (7-10 AM),0.2294,68.82
2726,29,9:15:00 AM,09:15:00,9,Sunday,1,0,Morning,39,8,23,13,83,151.0,0.9,0.4337,0.575,normal,Weekend,Morning Rush (7-10 AM),0.4337,46.99
2727,29,9:30:00 AM,09:30:00,9,Sunday,1,0,Morning,40,14,18,21,93,164.0,0.98,0.4194,0.439,normal,Weekend,Morning Rush (7-10 AM),0.4194,43.01
2728,29,9:45:00 AM,09:45:00,9,Sunday,1,0,Morning,49,1,35,18,103,208.5,1.24,0.5146,0.7,normal,Weekend,Morning Rush (7-10 AM),0.5146,47.57
2729,29,10:00:00 AM,10:00:00,10,Sunday,1,0,Morning,38,12,35,25,110,224.0,1.33,0.5455,0.8974,normal,Weekend,Morning Rush (7-10 AM),0.5455,34.55
2730,29,10:15:00 AM,10:15:00,10,Sunday,1,0,Morning,26,15,25,6,72,126.5,0.75,0.4306,0.9259,normal,Weekend,Morning Rush (7-10 AM),0.4306,36.11
2731,29,10:30:00 AM,10:30:00,10,Sunday,1,0,Morning,93,14,10,25,142,205.0,1.22,0.2465,0.1064,high,Weekend,Morning Rush (7-10 AM),0.2465,65.49
2732,29,10:45:00 AM,10:45:00,10,Sunday,1,0,Morning,54,24,37,20,135,237.0,1.41,0.4222,0.6727,high,Weekend,Morning Rush (7-10 AM),0.4222,40.0
2733,29,11:00:00 AM,11:00:00,11,Sunday,1,0,Morning,32,6,10,23,71,134.0,0.8,0.4648,0.303,normal,Weekend,Off-Peak Hours,0.4648,45.07
2734,29,11:15:00 AM,11:15:00,11,Sunday,1,0,Morning,43,7,12,23,85,151.5,0.9,0.4118,0.2727,normal,Weekend,Off-Peak Hours,0.4118,50.59
2735,29,11:30:00 AM,11:30:00,11,Sunday,1,0,Morning,23,6,15,20,64,131.0,0.78,0.5469,0.625,normal,Weekend,Off-Peak Hours,0.5469,35.94
2736,29,11:45:00 AM,11:45:00,11,Sunday,1,0,Morning,26,5,8,25,64,127.5,0.76,0.5156,0.2963,normal,Weekend,Off-Peak Hours,0.5156,40.62
2737,29,12:00:00 PM,12:00:00,12,Sunday,1,0,Afternoon,55,7,8,27,97,163.5,0.97,0.3608,0.1429,normal,Weekend,Off-Peak Hours,0.3608,56.7
2738,29,12:15:00 PM,12:15:00,12,Sunday,1,0,Afternoon,70,10,8,25,113,174.0,1.04,0.292,0.1127,high,Weekend,Off-Peak Hours,0.292,61.95
2739,29,12:30:00 PM,12:30:00,12,Sunday,1,0,Afternoon,66,10,3,29,108,167.0,0.99,0.2963,0.0448,normal,Weekend,Off-Peak Hours,0.2963,61.11
2740,29,12:45:00 PM,12:45:00,12,Sunday,1,0,Afternoon,66,7,15,26,114,192.5,1.15,0.3596,0.2239,high,Weekend,Off-Peak Hours,0.3596,57.89
2741,29,1:00:00 PM,13:00:00,13,Sunday,1,0,Afternoon,46,6,7,21,80,133.0,0.79,0.35,0.1489,normal,Weekend,Off-Peak Hours,0.35,57.5
2742,29,1:15:00 PM,13:15:00,13,Sunday,1,0,Afternoon,47,26,6,20,99,138.0,0.82,0.2626,0.125,normal,Weekend,Off-Peak Hours,0.2626,47.47
2743,29,1:30:00 PM,13:30:00,13,Sunday,1,0,Afternoon,75,20,7,11,113,139.0,0.83,0.1593,0.0921,normal,Weekend,Off-Peak Hours,0.1593,66.37
2744,29,1:45:00 PM,13:45:00,13,Sunday,1,0,Afternoon,76,29,15,19,139,192.5,1.15,0.2446,0.1948,normal,Weekend,Off-Peak Hours,0.2446,54.68
2745,29,2:00:00 PM,14:00:00,14,Sunday,1,0,Afternoon,56,14,38,12,120,213.0,1.27,0.4167,0.6667,high,Weekend,Off-Peak Hours,0.4167,46.67
2746,29,2:15:00 PM,14:15:00,14,Sunday,1,0,Afternoon,19,26,36,17,98,191.0,1.14,0.5408,1.8,normal,Weekend,Off-Peak Hours,0.5408,19.39
2747,29,2:30:00 PM,14:30:00,14,Sunday,1,0,Afternoon,29,18,10,9,66,95.0,0.57,0.2879,0.3333,low,Weekend,Off-Peak Hours,0.2879,43.94
2748,29,2:45:00 PM,14:45:00,14,Sunday,1,0,Afternoon,15,12,18,15,60,120.0,0.71,0.55,1.125,normal,Weekend,Off-Peak Hours,0.55,25.0
2749,29,3:00:00 PM,15:00:00,15,Sunday,1,0,Afternoon,53,27,27,17,124,198.5,1.18,0.3548,0.5,high,Weekend,Off-Peak Hours,0.3548,42.74
2750,29,3:15:00 PM,15:15:00,15,Sunday,1,0,Afternoon,95,22,28,9,154,217.0,1.29,0.2403,0.2917,high,Weekend,Off-Peak Hours,0.2403,61.69
2751,29,3:30:00 PM,15:30:00,15,Sunday,1,0,Afternoon,27,27,32,10,96,166.5,0.99,0.4375,1.1429,normal,Weekend,Off-Peak Hours,0.4375,28.12
2752,29,3:45:00 PM,15:45:00,15,Sunday,1,0,Afternoon,68,28,31,15,142,220.0,1.31,0.3239,0.4493,high,Weekend,Off-Peak Hours,0.3239,47.89
2753,29,4:00:00 PM,16:00:00,16,Sunday,1,1,Afternoon,120,14,25,8,167,226.0,1.35,0.1976,0.2066,normal,Weekend,Evening Rush (4-7 PM),0.1976,71.86
2754,29,4:15:00 PM,16:15:00,16,Sunday,1,1,Afternoon,144,28,24,8,204,254.0,1.51,0.1569,0.1655,heavy,Weekend,Evening Rush (4-7 PM),0.1569,70.59
2755,29,4:30:00 PM,16:30:00,16,Sunday,1,1,Afternoon,112,31,43,8,194,280.5,1.67,0.2629,0.3805,heavy,Weekend,Evening Rush (4-7 PM),0.2629,57.73
2756,29,4:45:00 PM,16:45:00,16,Sunday,1,1,Afternoon,149,28,20,10,207,253.0,1.51,0.1449,0.1333,heavy,Weekend,Evening Rush (4-7 PM),0.1449,71.98
2757,29,5:00:00 PM,17:00:00,17,Sunday,1,1,Evening,131,29,34,8,202,271.5,1.62,0.2079,0.2576,heavy,Weekend,Evening Rush (4-7 PM),0.2079,64.85
2758,29,5:15:00 PM,17:15:00,17,Sunday,1,1,Evening,104,31,41,9,185,269.5,1.6,0.2703,0.3905,heavy,Weekend,Evening Rush (4-7 PM),0.2703,56.22
2759,29,5:30:00 PM,17:30:00,17,Sunday,1,1,Evening,141,30,27,7,205,258.0,1.54,0.1659,0.1901,heavy,Weekend,Evening Rush (4-7 PM),0.1659,68.78
2760,29,5:45:00 PM,17:45:00,17,Sunday,1,1,Evening,117,10,47,9,183,290.0,1.73,0.306,0.3983,heavy,Weekend,Evening Rush (4-7 PM),0.306,63.93
2761,29,6:00:00 PM,18:00:00,18,Sunday,1,1,Evening,112,13,37,6,168,247.5,1.47,0.256,0.3274,heavy,Weekend,Evening Rush (4-7 PM),0.256,66.67
2762,29,6:15:00 PM,18:15:00,18,Sunday,1,1,Evening,127,40,39,8,214,288.0,1.71,0.2196,0.3047,heavy,Weekend,Evening Rush (4-7 PM),0.2196,59.35
2763,29,6:30:00 PM,18:30:00,18,Sunday,1,1,Evening,131,15,31,6,183,249.5,1.49,0.2022,0.2348,heavy,Weekend,Evening Rush (4-7 PM),0.2022,71.58
2764,29,6:45:00 PM,18:45:00,18,Sunday,1,1,Evening,66,8,10,11,95,133.0,0.79,0.2211,0.1493,low,Weekend,Evening Rush (4-7 PM),0.2211,69.47
2765,29,7:00:00 PM,19:00:00,19,Sunday,1,0,Evening,61,23,18,34,136,228.5,1.36,0.3824,0.2903,high,Weekend,Evening Rush (4-7 PM),0.3824,44.85
2766,29,7:15:00 PM,19:15:00,19,Sunday,1,0,Evening,55,25,13,26,119,184.5,1.1,0.3277,0.2321,high,Weekend,Evening Rush (4-7 PM),0.3277,46.22
2767,29,7:30:00 PM,19:30:00,19,Sunday,1,0,Evening,85,23,20,6,134,174.5,1.04,0.194,0.2326,normal,Weekend,Evening Rush (4-7 PM),0.194,63.43
2768,29,7:45:00 PM,19:45:00,19,Sunday,1,0,Evening,75,20,19,19,133,199.0,1.18,0.2857,0.25,normal,Weekend,Evening Rush (4-7 PM),0.2857,56.39
2769,29,8:00:00 PM,20:00:00,20,Sunday,1,0,Evening,58,17,20,22,117,192.5,1.15,0.359,0.339,high,Weekend,Night Freight (8-11 PM),0.359,49.57
2770,29,8:15:00 PM,20:15:00,20,Sunday,1,0,Evening,60,23,11,26,120,182.5,1.09,0.3083,0.1803,high,Weekend,Night Freight (8-11 PM),0.3083,50.0
2771,29,8:30:00 PM,20:30:00,20,Sunday,1,0,Evening,80,21,11,7,119,144.5,0.86,0.1513,0.1358,normal,Weekend,Night Freight (8-11 PM),0.1513,67.23
2772,29,8:45:00 PM,20:45:00,20,Sunday,1,0,Evening,74,9,14,35,132,225.5,1.34,0.3712,0.1867,high,Weekend,Night Freight (8-11 PM),0.3712,56.06
2773,29,9:00:00 PM,21:00:00,21,Sunday,1,0,Evening,57,14,11,16,98,145.0,0.86,0.2755,0.1897,normal,Weekend,Night Freight (8-11 PM),0.2755,58.16
2774,29,9:15:00 PM,21:15:00,21,Sunday,1,0,Evening,73,9,13,5,100,131.5,0.78,0.18,0.1757,low,Weekend,Night Freight (8-11 PM),0.18,73.0
2775,29,9:30:00 PM,21:30:00,21,Sunday,1,0,Evening,80,25,19,26,150,227.5,1.35,0.3,0.2346,high,Weekend,Night Freight (8-11 PM),0.3,53.33
2776,29,9:45:00 PM,21:45:00,21,Sunday,1,0,Evening,82,13,12,21,128,187.5,1.12,0.2578,0.1446,high,Weekend,Night Freight (8-11 PM),0.2578,64.06
2777,29,10:00:00 PM,22:00:00,22,Sunday,1,0,Night,15,4,0,27,46,98.0,0.58,0.587,0.0,normal,Weekend,Night Freight (8-11 PM),0.587,32.61
2778,29,10:15:00 PM,22:15:00,22,Sunday,1,0,Night,20,2,0,29,51,108.0,0.64,0.5686,0.0,normal,Weekend,Night Freight (8-11 PM),0.5686,39.22
2779,29,10:30:00 PM,22:30:00,22,Sunday,1,0,Night,12,2,0,39,53,130.0,0.77,0.7358,0.0,normal,Weekend,Night Freight (8-11 PM),0.7358,22.64
2780,29,10:45:00 PM,22:45:00,22,Sunday,1,0,Night,10,4,1,13,28,54.0,0.32,0.5,0.0909,normal,Weekend,Night Freight (8-11 PM),0.5,35.71
2781,29,11:00:00 PM,23:00:00,23,Sunday,1,0,Night,16,0,1,29,46,106.0,0.63,0.6522,0.0588,normal,Weekend,Night Freight (8-11 PM),0.6522,34.78
2782,29,11:15:00 PM,23:15:00,23,Sunday,1,0,Night,18,0,0,34,52,120.0,0.71,0.6538,0.0,normal,Weekend,Night Freight (8-11 PM),0.6538,34.62
2783,29,11:30:00 PM,23:30:00,23,Sunday,1,0,Night,11,5,1,19,36,73.5,0.44,0.5556,0.0833,normal,Weekend,Night Freight (8-11 PM),0.5556,30.56
2784,29,11:45:00 PM,23:45:00,23,Sunday,1,0,Night,16,1,0,12,29,52.5,0.31,0.4138,0.0,low,Weekend,Night Freight (8-11 PM),0.4138,55.17
2785,30,12:00:00 AM,00:00:00,0,Monday,0,0,Night,13,3,1,12,29,53.5,0.32,0.4483,0.0714,low,Weekday,Off-Peak Hours,0.4483,44.83
2786,30,12:15:00 AM,00:15:00,0,Monday,0,0,Night,19,2,0,22,43,86.0,0.51,0.5116,0.0,normal,Weekday,Off-Peak Hours,0.5116,44.19
2787,30,12:30:00 AM,00:30:00,0,Monday,0,0,Night,13,3,0,39,55,131.5,0.78,0.7091,0.0,normal,Weekday,Off-Peak Hours,0.7091,23.64
2788,30,12:45:00 AM,00:45:00,0,Monday,0,0,Night,12,0,0,24,36,84.0,0.5,0.6667,0.0,normal,Weekday,Off-Peak Hours,0.6667,33.33
2789,30,1:00:00 AM,01:00:00,1,Monday,0,0,Night,10,3,1,12,26,50.5,0.3,0.5,0.0909,low,Weekday,Off-Peak Hours,0.5,38.46
2790,30,1:15:00 AM,01:15:00,1,Monday,0,0,Night,11,4,0,38,53,127.0,0.76,0.717,0.0,normal,Weekday,Off-Peak Hours,0.717,20.75
2791,30,1:30:00 AM,01:30:00,1,Monday,0,0,Night,18,4,0,31,53,113.0,0.67,0.5849,0.0,normal,Weekday,Off-Peak Hours,0.5849,33.96
2792,30,1:45:00 AM,01:45:00,1,Monday,0,0,Night,19,1,0,34,54,121.5,0.72,0.6296,0.0,normal,Weekday,Off-Peak Hours,0.6296,35.19
2793,30,2:00:00 AM,02:00:00,2,Monday,0,0,Night,18,1,0,27,46,99.5,0.59,0.587,0.0,normal,Weekday,Off-Peak Hours,0.587,39.13
2794,30,2:15:00 AM,02:15:00,2,Monday,0,0,Night,13,0,0,26,39,91.0,0.54,0.6667,0.0,normal,Weekday,Off-Peak Hours,0.6667,33.33
2795,30,2:30:00 AM,02:30:00,2,Monday,0,0,Night,12,2,0,35,49,118.0,0.7,0.7143,0.0,normal,Weekday,Off-Peak Hours,0.7143,24.49
2796,30,2:45:00 AM,02:45:00,2,Monday,0,0,Night,15,4,0,12,31,53.0,0.32,0.3871,0.0,low,Weekday,Off-Peak Hours,0.3871,48.39
2797,30,3:00:00 AM,03:00:00,3,Monday,0,0,Night,10,5,0,33,48,111.5,0.66,0.6875,0.0,normal,Weekday,Off-Peak Hours,0.6875,20.83
2798,30,3:15:00 AM,03:15:00,3,Monday,0,0,Night,14,0,0,15,29,59.0,0.35,0.5172,0.0,normal,Weekday,Off-Peak Hours,0.5172,48.28
2799,30,3:30:00 AM,03:30:00,3,Monday,0,0,Night,16,0,0,16,32,64.0,0.38,0.5,0.0,normal,Weekday,Off-Peak Hours,0.5,50.0
2800,30,3:45:00 AM,03:45:00,3,Monday,0,0,Night,15,3,1,26,45,97.5,0.58,0.6,0.0625,normal,Weekday,Off-Peak Hours,0.6,33.33
2801,30,4:00:00 AM,04:00:00,4,Monday,0,0,Night,20,4,0,34,58,124.0,0.74,0.5862,0.0,normal,Weekday,Off-Peak Hours,0.5862,34.48
2802,30,4:15:00 AM,04:15:00,4,Monday,0,0,Night,82,20,10,11,123,155.0,0.92,0.1707,0.1205,normal,Weekday,Off-Peak Hours,0.1707,66.67
2803,30,4:30:00 AM,04:30:00,4,Monday,0,0,Night,99,7,3,6,115,129.5,0.77,0.0783,0.03,normal,Weekday,Off-Peak Hours,0.0783,86.09
2804,30,4:45:00 AM,04:45:00,4,Monday,0,0,Night,74,29,9,4,116,127.5,0.76,0.1121,0.12,normal,Weekday,Off-Peak Hours,0.1121,63.79
2805,30,5:00:00 AM,05:00:00,5,Monday,0,0,Morning,94,1,1,14,110,139.5,0.83,0.1364,0.0105,normal,Weekday,Off-Peak Hours,0.1364,85.45
2806,30,5:15:00 AM,05:15:00,5,Monday,0,0,Morning,63,12,10,17,102,150.0,0.89,0.2647,0.1562,normal,Weekday,Off-Peak Hours,0.2647,61.76
2807,30,5:30:00 AM,05:30:00,5,Monday,0,0,Morning,101,4,3,12,120,148.0,0.88,0.125,0.0294,normal,Weekday,Off-Peak Hours,0.125,84.17
2808,30,5:45:00 AM,05:45:00,5,Monday,0,0,Morning,106,9,3,10,128,149.5,0.89,0.1016,0.028,normal,Weekday,Off-Peak Hours,0.1016,82.81
2809,30,6:00:00 AM,06:00:00,6,Monday,0,1,Morning,112,15,24,1,152,194.5,1.16,0.1645,0.2124,normal,Weekday,Off-Peak Hours,0.1645,73.68
2810,30,6:15:00 AM,06:15:00,6,Monday,0,1,Morning,148,26,25,0,199,236.0,1.41,0.1256,0.1678,heavy,Weekday,Off-Peak Hours,0.1256,74.37
2811,30,6:30:00 AM,06:30:00,6,Monday,0,1,Morning,115,20,31,3,169,227.0,1.35,0.2012,0.2672,heavy,Weekday,Off-Peak Hours,0.2012,68.05
2812,30,6:45:00 AM,06:45:00,6,Monday,0,1,Morning,125,11,24,0,160,202.5,1.21,0.15,0.1905,normal,Weekday,Off-Peak Hours,0.15,78.12
2813,30,7:00:00 AM,07:00:00,7,Monday,0,1,Morning,140,38,38,0,216,273.0,1.63,0.1759,0.2695,heavy,Weekday,Morning Rush (7-10 AM),0.1759,64.81
2814,30,7:15:00 AM,07:15:00,7,Monday,0,1,Morning,150,17,35,5,207,278.5,1.66,0.1932,0.2318,heavy,Weekday,Morning Rush (7-10 AM),0.1932,72.46
2815,30,7:30:00 AM,07:30:00,7,Monday,0,1,Morning,149,11,42,2,204,286.5,1.71,0.2157,0.28,heavy,Weekday,Morning Rush (7-10 AM),0.2157,73.04
2816,30,7:45:00 AM,07:45:00,7,Monday,0,1,Morning,150,22,38,3,213,284.0,1.69,0.1925,0.2517,heavy,Weekday,Morning Rush (7-10 AM),0.1925,70.42
2817,30,8:00:00 AM,08:00:00,8,Monday,0,1,Morning,147,32,25,4,208,250.0,1.49,0.1394,0.1689,heavy,Weekday,Morning Rush (7-10 AM),0.1394,70.67
2818,30,8:15:00 AM,08:15:00,8,Monday,0,1,Morning,138,39,45,4,226,304.5,1.81,0.2168,0.3237,heavy,Weekday,Morning Rush (7-10 AM),0.2168,61.06
2819,30,8:30:00 AM,08:30:00,8,Monday,0,1,Morning,149,16,49,1,215,307.0,1.83,0.2326,0.3267,heavy,Weekday,Morning Rush (7-10 AM),0.2326,69.3
2820,30,8:45:00 AM,08:45:00,8,Monday,0,1,Morning,139,10,50,2,201,300.0,1.79,0.2587,0.3571,heavy,Weekday,Morning Rush (7-10 AM),0.2587,69.15
2821,30,9:00:00 AM,09:00:00,9,Monday,0,0,Morning,109,25,49,2,185,274.5,1.63,0.2757,0.4455,heavy,Weekday,Morning Rush (7-10 AM),0.2757,58.92
2822,30,9:15:00 AM,09:15:00,9,Monday,0,0,Morning,84,24,12,28,148,216.0,1.29,0.2703,0.1412,high,Weekday,Morning Rush (7-10 AM),0.2703,56.76
2823,30,9:30:00 AM,09:30:00,9,Monday,0,0,Morning,38,8,6,5,57,75.0,0.45,0.193,0.1538,low,Weekday,Morning Rush (7-10 AM),0.193,66.67
2824,30,9:45:00 AM,09:45:00,9,Monday,0,0,Morning,45,16,6,21,88,134.0,0.8,0.3068,0.1304,normal,Weekday,Morning Rush (7-10 AM),0.3068,51.14
2825,30,10:00:00 AM,10:00:00,10,Monday,0,0,Morning,57,4,36,14,111,209.0,1.24,0.4505,0.6207,normal,Weekday,Morning Rush (7-10 AM),0.4505,51.35
2826,30,10:15:00 AM,10:15:00,10,Monday,0,0,Morning,84,12,6,28,130,192.0,1.14,0.2615,0.0706,high,Weekday,Morning Rush (7-10 AM),0.2615,64.62
2827,30,10:30:00 AM,10:30:00,10,Monday,0,0,Morning,55,25,33,21,134,229.5,1.37,0.403,0.5893,high,Weekday,Morning Rush (7-10 AM),0.403,41.04
2828,30,10:45:00 AM,10:45:00,10,Monday,0,0,Morning,14,15,5,21,55,99.5,0.59,0.4727,0.3333,normal,Weekday,Morning Rush (7-10 AM),0.4727,25.45
2829,30,11:00:00 AM,11:00:00,11,Monday,0,0,Morning,26,8,11,20,65,123.0,0.73,0.4769,0.4074,normal,Weekday,Off-Peak Hours,0.4769,40.0
2830,30,11:15:00 AM,11:15:00,11,Monday,0,0,Morning,60,10,9,27,106,173.0,1.03,0.3396,0.1475,normal,Weekday,Off-Peak Hours,0.3396,56.6
2831,30,11:30:00 AM,11:30:00,11,Monday,0,0,Morning,34,6,7,25,72,133.0,0.79,0.4444,0.2,normal,Weekday,Off-Peak Hours,0.4444,47.22
2832,30,11:45:00 AM,11:45:00,11,Monday,0,0,Morning,22,9,8,26,65,128.5,0.77,0.5231,0.3478,normal,Weekday,Off-Peak Hours,0.5231,33.85
2833,30,12:00:00 PM,12:00:00,12,Monday,0,0,Afternoon,59,10,11,30,110,187.0,1.11,0.3727,0.1833,normal,Weekday,Off-Peak Hours,0.3727,53.64
2834,30,12:15:00 PM,12:15:00,12,Monday,0,0,Afternoon,48,6,14,28,96,177.0,1.05,0.4375,0.2857,normal,Weekday,Off-Peak Hours,0.4375,50.0
2835,30,12:30:00 PM,12:30:00,12,Monday,0,0,Afternoon,46,9,11,23,89,152.5,0.91,0.382,0.234,normal,Weekday,Off-Peak Hours,0.382,51.69
2836,30,12:45:00 PM,12:45:00,12,Monday,0,0,Afternoon,37,9,8,20,74,125.5,0.75,0.3784,0.2105,normal,Weekday,Off-Peak Hours,0.3784,50.0
2837,30,1:00:00 PM,13:00:00,13,Monday,0,0,Afternoon,67,9,11,21,108,167.5,1.0,0.2963,0.1618,normal,Weekday,Off-Peak Hours,0.2963,62.04
2838,30,1:15:00 PM,13:15:00,13,Monday,0,0,Afternoon,32,19,39,9,99,185.5,1.1,0.4848,1.1818,normal,Weekday,Off-Peak Hours,0.4848,32.32
2839,30,1:30:00 PM,13:30:00,13,Monday,0,0,Afternoon,63,12,22,5,102,150.0,0.89,0.2647,0.3438,normal,Weekday,Off-Peak Hours,0.2647,61.76
2840,30,1:45:00 PM,13:45:00,13,Monday,0,0,Afternoon,32,29,25,11,97,154.5,0.92,0.3711,0.7576,normal,Weekday,Off-Peak Hours,0.3711,32.99
2841,30,2:00:00 PM,14:00:00,14,Monday,0,0,Afternoon,83,22,40,20,165,274.0,1.63,0.3636,0.4762,high,Weekday,Off-Peak Hours,0.3636,50.3
2842,30,2:15:00 PM,14:15:00,14,Monday,0,0,Afternoon,40,14,31,19,104,197.0,1.17,0.4808,0.7561,normal,Weekday,Off-Peak Hours,0.4808,38.46
2843,30,2:30:00 PM,14:30:00,14,Monday,0,0,Afternoon,101,22,39,19,181,286.0,1.7,0.3204,0.3824,heavy,Weekday,Off-Peak Hours,0.3204,55.8
2844,30,2:45:00 PM,14:45:00,14,Monday,0,0,Afternoon,62,29,31,11,133,202.5,1.21,0.3158,0.4921,high,Weekday,Off-Peak Hours,0.3158,46.62
2845,30,3:00:00 PM,15:00:00,15,Monday,0,0,Afternoon,20,19,25,8,72,128.5,0.77,0.4583,1.1905,normal,Weekday,Off-Peak Hours,0.4583,27.78
2846,30,3:15:00 PM,15:15:00,15,Monday,0,0,Afternoon,42,22,5,9,78,95.0,0.57,0.1795,0.1163,low,Weekday,Off-Peak Hours,0.1795,53.85
2847,30,3:30:00 PM,15:30:00,15,Monday,0,0,Afternoon,37,17,12,16,82,129.5,0.77,0.3415,0.3158,normal,Weekday,Off-Peak Hours,0.3415,45.12
2848,30,3:45:00 PM,15:45:00,15,Monday,0,0,Afternoon,95,12,20,15,142,206.0,1.23,0.2465,0.2083,normal,Weekday,Off-Peak Hours,0.2465,66.9
2849,30,4:00:00 PM,16:00:00,16,Monday,0,1,Afternoon,137,14,41,10,202,297.0,1.77,0.2525,0.2971,heavy,Weekday,Evening Rush (4-7 PM),0.2525,67.82
2850,30,4:15:00 PM,16:15:00,16,Monday,0,1,Afternoon,122,21,20,10,173,222.5,1.32,0.1734,0.1626,heavy,Weekday,Evening Rush (4-7 PM),0.1734,70.52
2851,30,4:30:00 PM,16:30:00,16,Monday,0,1,Afternoon,104,19,39,9,171,257.5,1.53,0.2807,0.3714,heavy,Weekday,Evening Rush (4-7 PM),0.2807,60.82
2852,30,4:45:00 PM,16:45:00,16,Monday,0,1,Afternoon,147,21,40,9,217,304.5,1.81,0.2258,0.2703,heavy,Weekday,Evening Rush (4-7 PM),0.2258,67.74
2853,30,5:00:00 PM,17:00:00,17,Monday,0,1,Evening,105,38,34,7,184,247.0,1.47,0.2228,0.3208,heavy,Weekday,Evening Rush (4-7 PM),0.2228,57.07
2854,30,5:15:00 PM,17:15:00,17,Monday,0,1,Evening,124,23,46,5,198,288.5,1.72,0.2576,0.368,heavy,Weekday,Evening Rush (4-7 PM),0.2576,62.63
2855,30,5:30:00 PM,17:30:00,17,Monday,0,1,Evening,135,18,20,5,178,219.0,1.3,0.1404,0.1471,heavy,Weekday,Evening Rush (4-7 PM),0.1404,75.84
2856,30,5:45:00 PM,17:45:00,17,Monday,0,1,Evening,107,35,23,8,173,217.5,1.29,0.1792,0.213,heavy,Weekday,Evening Rush (4-7 PM),0.1792,61.85
2857,30,6:00:00 PM,18:00:00,18,Monday,0,1,Evening,109,21,24,10,164,221.5,1.32,0.2073,0.2182,normal,Weekday,Evening Rush (4-7 PM),0.2073,66.46
2858,30,6:15:00 PM,18:15:00,18,Monday,0,1,Evening,136,32,26,8,202,254.0,1.51,0.1683,0.1898,heavy,Weekday,Evening Rush (4-7 PM),0.1683,67.33
2859,30,6:30:00 PM,18:30:00,18,Monday,0,1,Evening,134,23,49,8,214,316.5,1.88,0.2664,0.363,heavy,Weekday,Evening Rush (4-7 PM),0.2664,62.62
2860,30,6:45:00 PM,18:45:00,18,Monday,0,1,Evening,90,20,11,25,146,208.0,1.24,0.2466,0.1209,high,Weekday,Evening Rush (4-7 PM),0.2466,61.64
2861,30,7:00:00 PM,19:00:00,19,Monday,0,0,Evening,104,5,16,16,141,202.5,1.21,0.227,0.1524,normal,Weekday,Evening Rush (4-7 PM),0.227,73.76
2862,30,7:15:00 PM,19:15:00,19,Monday,0,0,Evening,60,21,13,6,100,127.5,0.76,0.19,0.2131,low,Weekday,Evening Rush (4-7 PM),0.19,60.0
2863,30,7:30:00 PM,19:30:00,19,Monday,0,0,Evening,104,22,11,13,150,187.0,1.11,0.16,0.1048,normal,Weekday,Evening Rush (4-7 PM),0.16,69.33
2864,30,7:45:00 PM,19:45:00,19,Monday,0,0,Evening,54,23,10,25,112,170.5,1.02,0.3125,0.1818,high,Weekday,Evening Rush (4-7 PM),0.3125,48.21
2865,30,8:00:00 PM,20:00:00,20,Monday,0,0,Evening,68,6,15,34,123,218.0,1.3,0.3984,0.2174,high,Weekday,Night Freight (8-11 PM),0.3984,55.28
2866,30,8:15:00 PM,20:15:00,20,Monday,0,0,Evening,88,13,19,19,139,208.5,1.24,0.2734,0.2135,normal,Weekday,Night Freight (8-11 PM),0.2734,63.31
2867,30,8:30:00 PM,20:30:00,20,Monday,0,0,Evening,64,22,16,16,118,171.0,1.02,0.2712,0.2462,normal,Weekday,Night Freight (8-11 PM),0.2712,54.24
2868,30,8:45:00 PM,20:45:00,20,Monday,0,0,Evening,58,24,14,24,120,184.0,1.1,0.3167,0.2373,high,Weekday,Night Freight (8-11 PM),0.3167,48.33
2869,30,9:00:00 PM,21:00:00,21,Monday,0,0,Evening,67,19,12,9,107,139.5,0.83,0.1963,0.1765,low,Weekday,Night Freight (8-11 PM),0.1963,62.62
2870,30,9:15:00 PM,21:15:00,21,Monday,0,0,Evening,73,20,18,7,118,158.0,0.94,0.2119,0.2432,normal,Weekday,Night Freight (8-11 PM),0.2119,61.86
2871,30,9:30:00 PM,21:30:00,21,Monday,0,0,Evening,109,25,16,20,170,229.5,1.37,0.2118,0.1455,heavy,Weekday,Night Freight (8-11 PM),0.2118,64.12
2872,30,9:45:00 PM,21:45:00,21,Monday,0,0,Evening,63,15,11,23,112,172.5,1.03,0.3036,0.1719,high,Weekday,Night Freight (8-11 PM),0.3036,56.25
2873,30,10:00:00 PM,22:00:00,22,Monday,0,0,Night,19,4,1,26,50,102.0,0.61,0.54,0.05,normal,Weekday,Night Freight (8-11 PM),0.54,38.0
2874,30,10:15:00 PM,22:15:00,22,Monday,0,0,Night,15,1,0,34,50,117.5,0.7,0.68,0.0,normal,Weekday,Night Freight (8-11 PM),0.68,30.0
2875,30,10:30:00 PM,22:30:00,22,Monday,0,0,Night,15,5,1,14,35,62.5,0.37,0.4286,0.0625,normal,Weekday,Night Freight (8-11 PM),0.4286,42.86
2876,30,10:45:00 PM,22:45:00,22,Monday,0,0,Night,19,3,1,33,56,122.5,0.73,0.6071,0.05,normal,Weekday,Night Freight (8-11 PM),0.6071,33.93
2877,30,11:00:00 PM,23:00:00,23,Monday,0,0,Night,18,4,0,11,33,53.0,0.32,0.3333,0.0,low,Weekday,Night Freight (8-11 PM),0.3333,54.55
2878,30,11:15:00 PM,23:15:00,23,Monday,0,0,Night,14,1,0,27,42,95.5,0.57,0.6429,0.0,normal,Weekday,Night Freight (8-11 PM),0.6429,33.33
2879,30,11:30:00 PM,23:30:00,23,Monday,0,0,Night,19,0,0,37,56,130.0,0.77,0.6607,0.0,normal,Weekday,Night Freight (8-11 PM),0.6607,33.93
2880,30,11:45:00 PM,23:45:00,23,Monday,0,0,Night,19,0,0,29,48,106.0,0.63,0.6042,0.0,normal,Weekday,Night Freight (8-11 PM),0.6042,39.58
2881,31,12:00:00 AM,00:00:00,0,Tuesday,0,0,Night,18,1,0,30,49,108.5,0.65,0.6122,0.0,normal,Weekday,Off-Peak Hours,0.6122,36.73
2882,31,12:15:00 AM,00:15:00,0,Tuesday,0,0,Night,19,3,0,18,40,74.5,0.44,0.45,0.0,normal,Weekday,Off-Peak Hours,0.45,47.5
2883,31,12:30:00 AM,00:30:00,0,Tuesday,0,0,Night,15,2,1,34,52,121.0,0.72,0.6731,0.0625,normal,Weekday,Off-Peak Hours,0.6731,28.85
2884,31,12:45:00 AM,00:45:00,0,Tuesday,0,0,Night,17,0,1,14,32,62.0,0.37,0.4688,0.0556,normal,Weekday,Off-Peak Hours,0.4687,53.12
2885,31,1:00:00 AM,01:00:00,1,Tuesday,0,0,Night,12,0,0,33,45,111.0,0.66,0.7333,0.0,normal,Weekday,Off-Peak Hours,0.7333,26.67
2886,31,1:15:00 AM,01:15:00,1,Tuesday,0,0,Night,20,0,1,20,41,83.0,0.49,0.5122,0.0476,normal,Weekday,Off-Peak Hours,0.5122,48.78
2887,31,1:30:00 AM,01:30:00,1,Tuesday,0,0,Night,10,2,0,18,30,65.0,0.39,0.6,0.0,normal,Weekday,Off-Peak Hours,0.6,33.33
2888,31,1:45:00 AM,01:45:00,1,Tuesday,0,0,Night,13,3,0,31,47,107.5,0.64,0.6596,0.0,normal,Weekday,Off-Peak Hours,0.6596,27.66
2889,31,2:00:00 AM,02:00:00,2,Tuesday,0,0,Night,10,0,1,38,49,127.0,0.76,0.7959,0.0909,normal,Weekday,Off-Peak Hours,0.7959,20.41
2890,31,2:15:00 AM,02:15:00,2,Tuesday,0,0,Night,19,1,1,28,49,106.5,0.63,0.5918,0.05,normal,Weekday,Off-Peak Hours,0.5918,38.78
2891,31,2:30:00 AM,02:30:00,2,Tuesday,0,0,Night,19,4,0,16,39,69.0,0.41,0.4103,0.0,normal,Weekday,Off-Peak Hours,0.4103,48.72
2892,31,2:45:00 AM,02:45:00,2,Tuesday,0,0,Night,16,1,0,15,32,61.5,0.37,0.4688,0.0,normal,Weekday,Off-Peak Hours,0.4687,50.0
2893,31,3:00:00 AM,03:00:00,3,Tuesday,0,0,Night,17,1,0,34,52,119.5,0.71,0.6538,0.0,normal,Weekday,Off-Peak Hours,0.6538,32.69
2894,31,3:15:00 AM,03:15:00,3,Tuesday,0,0,Night,19,1,0,21,41,82.5,0.49,0.5122,0.0,normal,Weekday,Off-Peak Hours,0.5122,46.34
2895,31,3:30:00 AM,03:30:00,3,Tuesday,0,0,Night,10,1,0,39,50,127.5,0.76,0.78,0.0,normal,Weekday,Off-Peak Hours,0.78,20.0
2896,31,3:45:00 AM,03:45:00,3,Tuesday,0,0,Night,16,4,0,15,35,63.0,0.38,0.4286,0.0,normal,Weekday,Off-Peak Hours,0.4286,45.71
2897,31,4:00:00 AM,04:00:00,4,Tuesday,0,0,Night,13,0,0,16,29,61.0,0.36,0.5517,0.0,normal,Weekday,Off-Peak Hours,0.5517,44.83
2898,31,4:15:00 AM,04:15:00,4,Tuesday,0,0,Night,98,5,1,17,121,154.5,0.92,0.1488,0.0101,normal,Weekday,Off-Peak Hours,0.1488,80.99
2899,31,4:30:00 AM,04:30:00,4,Tuesday,0,0,Night,65,10,3,8,86,103.0,0.61,0.1279,0.0455,low,Weekday,Off-Peak Hours,0.1279,75.58
2900,31,4:45:00 AM,04:45:00,4,Tuesday,0,0,Night,98,17,0,20,135,166.5,0.99,0.1481,0.0,normal,Weekday,Off-Peak Hours,0.1481,72.59
2901,31,5:00:00 AM,05:00:00,5,Tuesday,0,0,Morning,60,20,5,6,91,103.0,0.61,0.1209,0.082,low,Weekday,Off-Peak Hours,0.1209,65.93
2902,31,5:15:00 AM,05:15:00,5,Tuesday,0,0,Morning,110,18,10,11,149,182.0,1.08,0.1409,0.0901,normal,Weekday,Off-Peak Hours,0.1409,73.83
2903,31,5:30:00 AM,05:30:00,5,Tuesday,0,0,Morning,70,13,4,13,100,127.5,0.76,0.17,0.0563,normal,Weekday,Off-Peak Hours,0.17,70.0
2904,31,5:45:00 AM,05:45:00,5,Tuesday,0,0,Morning,96,12,7,17,132,174.0,1.04,0.1818,0.0722,normal,Weekday,Off-Peak Hours,0.1818,72.73
2905,31,6:00:00 AM,06:00:00,6,Tuesday,0,1,Morning,129,31,36,1,197,255.5,1.52,0.1878,0.2769,heavy,Weekday,Off-Peak Hours,0.1878,65.48
2906,31,6:15:00 AM,06:15:00,6,Tuesday,0,1,Morning,146,28,47,3,224,310.0,1.85,0.2232,0.3197,heavy,Weekday,Off-Peak Hours,0.2232,65.18
2907,31,6:30:00 AM,06:30:00,6,Tuesday,0,1,Morning,137,23,27,0,187,229.5,1.37,0.1444,0.1957,heavy,Weekday,Off-Peak Hours,0.1444,73.26
2908,31,6:45:00 AM,06:45:00,6,Tuesday,0,1,Morning,131,28,24,0,183,217.0,1.29,0.1311,0.1818,heavy,Weekday,Off-Peak Hours,0.1311,71.58
2909,31,7:00:00 AM,07:00:00,7,Tuesday,0,1,Morning,134,10,44,0,188,271.0,1.61,0.234,0.3259,heavy,Weekday,Morning Rush (7-10 AM),0.234,71.28
2910,31,7:15:00 AM,07:15:00,7,Tuesday,0,1,Morning,109,25,24,0,158,193.5,1.15,0.1519,0.2182,normal,Weekday,Morning Rush (7-10 AM),0.1519,68.99
2911,31,7:30:00 AM,07:30:00,7,Tuesday,0,1,Morning,108,35,22,3,168,200.5,1.19,0.1488,0.2018,heavy,Weekday,Morning Rush (7-10 AM),0.1488,64.29
2912,31,7:45:00 AM,07:45:00,7,Tuesday,0,1,Morning,146,14,37,2,199,270.0,1.61,0.196,0.2517,heavy,Weekday,Morning Rush (7-10 AM),0.196,73.37
2913,31,8:00:00 AM,08:00:00,8,Tuesday,0,1,Morning,147,21,41,5,214,295.5,1.76,0.215,0.277,heavy,Weekday,Morning Rush (7-10 AM),0.215,68.69
2914,31,8:15:00 AM,08:15:00,8,Tuesday,0,1,Morning,110,34,35,0,179,232.0,1.38,0.1955,0.3153,heavy,Weekday,Morning Rush (7-10 AM),0.1955,61.45
2915,31,8:30:00 AM,08:30:00,8,Tuesday,0,1,Morning,110,40,50,2,202,286.0,1.7,0.2574,0.4505,heavy,Weekday,Morning Rush (7-10 AM),0.2574,54.46
2916,31,8:45:00 AM,08:45:00,8,Tuesday,0,1,Morning,123,12,22,3,160,204.0,1.21,0.1562,0.1774,normal,Weekday,Morning Rush (7-10 AM),0.1562,76.87
2917,31,9:00:00 AM,09:00:00,9,Tuesday,0,0,Morning,145,25,20,5,195,232.5,1.38,0.1282,0.137,heavy,Weekday,Morning Rush (7-10 AM),0.1282,74.36
2918,31,9:15:00 AM,09:15:00,9,Tuesday,0,0,Morning,82,15,16,29,142,224.5,1.34,0.3169,0.1928,high,Weekday,Morning Rush (7-10 AM),0.3169,57.75
2919,31,9:30:00 AM,09:30:00,9,Tuesday,0,0,Morning,62,2,7,22,93,150.0,0.89,0.3118,0.1111,normal,Weekday,Morning Rush (7-10 AM),0.3118,66.67
2920,31,9:45:00 AM,09:45:00,9,Tuesday,0,0,Morning,92,8,11,21,132,192.0,1.14,0.2424,0.1183,high,Weekday,Morning Rush (7-10 AM),0.2424,69.7
2921,31,10:00:00 AM,10:00:00,10,Tuesday,0,0,Morning,35,22,22,18,97,166.0,0.99,0.4124,0.6111,normal,Weekday,Morning Rush (7-10 AM),0.4124,36.08
2922,31,10:15:00 AM,10:15:00,10,Tuesday,0,0,Morning,66,25,13,13,117,156.5,0.93,0.2222,0.194,normal,Weekday,Morning Rush (7-10 AM),0.2222,56.41
2923,31,10:30:00 AM,10:30:00,10,Tuesday,0,0,Morning,50,2,25,12,89,162.0,0.96,0.4157,0.4902,normal,Weekday,Morning Rush (7-10 AM),0.4157,56.18
2924,31,10:45:00 AM,10:45:00,10,Tuesday,0,0,Morning,50,22,24,7,103,154.0,0.92,0.301,0.4706,normal,Weekday,Morning Rush (7-10 AM),0.301,48.54
2925,31,11:00:00 AM,11:00:00,11,Tuesday,0,0,Morning,50,8,5,24,87,141.0,0.84,0.3333,0.098,normal,Weekday,Off-Peak Hours,0.3333,57.47
2926,31,11:15:00 AM,11:15:00,11,Tuesday,0,0,Morning,55,5,5,21,86,135.5,0.81,0.3023,0.0893,normal,Weekday,Off-Peak Hours,0.3023,63.95
2927,31,11:30:00 AM,11:30:00,11,Tuesday,0,0,Morning,51,10,14,24,99,170.0,1.01,0.3838,0.2692,normal,Weekday,Off-Peak Hours,0.3838,51.52
2928,31,11:45:00 AM,11:45:00,11,Tuesday,0,0,Morning,34,8,14,21,77,143.0,0.85,0.4545,0.4,normal,Weekday,Off-Peak Hours,0.4545,44.16
2929,31,12:00:00 PM,12:00:00,12,Tuesday,0,0,Afternoon,25,7,5,20,57,103.5,0.62,0.4386,0.1923,normal,Weekday,Off-Peak Hours,0.4386,43.86
2930,31,12:15:00 PM,12:15:00,12,Tuesday,0,0,Afternoon,59,7,9,21,96,152.5,0.91,0.3125,0.15,normal,Weekday,Off-Peak Hours,0.3125,61.46
2931,31,12:30:00 PM,12:30:00,12,Tuesday,0,0,Afternoon,38,10,9,24,81,142.0,0.85,0.4074,0.2308,normal,Weekday,Off-Peak Hours,0.4074,46.91
2932,31,12:45:00 PM,12:45:00,12,Tuesday,0,0,Afternoon,70,10,9,23,112,171.0,1.02,0.2857,0.1268,high,Weekday,Off-Peak Hours,0.2857,62.5
2933,31,1:00:00 PM,13:00:00,13,Tuesday,0,0,Afternoon,63,8,13,22,106,172.0,1.02,0.3302,0.2031,normal,Weekday,Off-Peak Hours,0.3302,59.43
2934,31,1:15:00 PM,13:15:00,13,Tuesday,0,0,Afternoon,6,24,12,13,55,93.0,0.55,0.4545,1.7143,normal,Weekday,Off-Peak Hours,0.4545,10.91
2935,31,1:30:00 PM,13:30:00,13,Tuesday,0,0,Afternoon,108,17,16,16,157,212.5,1.27,0.2038,0.1468,normal,Weekday,Off-Peak Hours,0.2038,68.79
2936,31,1:45:00 PM,13:45:00,13,Tuesday,0,0,Afternoon,41,20,32,12,105,183.0,1.09,0.419,0.7619,normal,Weekday,Off-Peak Hours,0.419,39.05
2937,31,2:00:00 PM,14:00:00,14,Tuesday,0,0,Afternoon,54,10,20,9,93,146.0,0.87,0.3118,0.3636,normal,Weekday,Off-Peak Hours,0.3118,58.06
2938,31,2:15:00 PM,14:15:00,14,Tuesday,0,0,Afternoon,60,19,14,7,100,132.5,0.79,0.21,0.2295,low,Weekday,Off-Peak Hours,0.21,60.0
2939,31,2:30:00 PM,14:30:00,14,Tuesday,0,0,Afternoon,102,11,9,11,133,167.5,1.0,0.1504,0.0874,normal,Weekday,Off-Peak Hours,0.1504,76.69
2940,31,2:45:00 PM,14:45:00,14,Tuesday,0,0,Afternoon,50,24,30,5,109,167.0,0.99,0.3211,0.5882,normal,Weekday,Off-Peak Hours,0.3211,45.87
2941,31,3:00:00 PM,15:00:00,15,Tuesday,0,0,Afternoon,25,24,19,10,78,124.0,0.74,0.3718,0.7308,normal,Weekday,Off-Peak Hours,0.3718,32.05
2942,31,3:15:00 PM,15:15:00,15,Tuesday,0,0,Afternoon,90,25,18,20,153,216.5,1.29,0.2484,0.1978,normal,Weekday,Off-Peak Hours,0.2484,58.82
2943,31,3:30:00 PM,15:30:00,15,Tuesday,0,0,Afternoon,86,13,27,11,137,206.5,1.23,0.2774,0.3103,high,Weekday,Off-Peak Hours,0.2774,62.77
2944,31,3:45:00 PM,15:45:00,15,Tuesday,0,0,Afternoon,44,19,17,9,89,131.5,0.78,0.2921,0.3778,normal,Weekday,Off-Peak Hours,0.2921,49.44
2945,31,4:00:00 PM,16:00:00,16,Tuesday,0,1,Afternoon,126,24,35,8,193,267.0,1.59,0.2228,0.2756,heavy,Weekday,Evening Rush (4-7 PM),0.2228,65.28
2946,31,4:15:00 PM,16:15:00,16,Tuesday,0,1,Afternoon,146,26,42,9,223,312.0,1.86,0.2287,0.2857,normal,Weekday,Evening Rush (4-7 PM),0.2287,65.47
2947,31,4:30:00 PM,16:30:00,16,Tuesday,0,1,Afternoon,117,28,33,10,188,260.0,1.55,0.2287,0.2797,heavy,Weekday,Evening Rush (4-7 PM),0.2287,62.23
2948,31,4:45:00 PM,16:45:00,16,Tuesday,0,1,Afternoon,144,36,49,10,239,339.0,2.02,0.2469,0.3379,heavy,Weekday,Evening Rush (4-7 PM),0.2469,60.25
2949,31,5:00:00 PM,17:00:00,17,Tuesday,0,1,Evening,137,19,23,9,188,242.5,1.44,0.1702,0.1667,heavy,Weekday,Evening Rush (4-7 PM),0.1702,72.87
2950,31,5:15:00 PM,17:15:00,17,Tuesday,0,1,Evening,118,19,48,5,190,286.5,1.71,0.2789,0.4034,heavy,Weekday,Evening Rush (4-7 PM),0.2789,62.11
2951,31,5:30:00 PM,17:30:00,17,Tuesday,0,1,Evening,119,27,28,8,182,240.5,1.43,0.1978,0.2333,heavy,Weekday,Evening Rush (4-7 PM),0.1978,65.38
2952,31,5:45:00 PM,17:45:00,17,Tuesday,0,1,Evening,149,26,43,5,223,306.0,1.82,0.2152,0.2867,normal,Weekday,Evening Rush (4-7 PM),0.2152,66.82
2953,31,6:00:00 PM,18:00:00,18,Tuesday,0,1,Evening,117,34,36,10,197,272.0,1.62,0.2335,0.3051,heavy,Weekday,Evening Rush (4-7 PM),0.2335,59.39
2954,31,6:15:00 PM,18:15:00,18,Tuesday,0,1,Evening,124,30,44,10,208,301.0,1.79,0.2596,0.352,heavy,Weekday,Evening Rush (4-7 PM),0.2596,59.62
2955,31,6:30:00 PM,18:30:00,18,Tuesday,0,1,Evening,141,36,48,5,230,318.0,1.89,0.2304,0.338,heavy,Weekday,Evening Rush (4-7 PM),0.2304,61.3
2956,31,6:45:00 PM,18:45:00,18,Tuesday,0,1,Evening,78,6,11,28,123,198.0,1.18,0.3171,0.1392,high,Weekday,Evening Rush (4-7 PM),0.3171,63.41
2957,31,7:00:00 PM,19:00:00,19,Tuesday,0,0,Evening,102,23,16,24,165,233.5,1.39,0.2424,0.1553,high,Weekday,Evening Rush (4-7 PM),0.2424,61.82
2958,31,7:15:00 PM,19:15:00,19,Tuesday,0,0,Evening,104,18,18,23,163,236.0,1.41,0.2515,0.1714,high,Weekday,Evening Rush (4-7 PM),0.2515,63.8
2959,31,7:30:00 PM,19:30:00,19,Tuesday,0,0,Evening,95,9,19,7,130,177.5,1.06,0.2,0.1979,normal,Weekday,Evening Rush (4-7 PM),0.2,73.08
2960,31,7:45:00 PM,19:45:00,19,Tuesday,0,0,Evening,105,13,12,20,150,207.5,1.24,0.2133,0.1132,normal,Weekday,Evening Rush (4-7 PM),0.2133,70.0
2961,31,8:00:00 PM,20:00:00,20,Tuesday,0,0,Evening,100,18,16,34,168,259.0,1.54,0.2976,0.1584,heavy,Weekday,Night Freight (8-11 PM),0.2976,59.52
2962,31,8:15:00 PM,20:15:00,20,Tuesday,0,0,Evening,80,14,20,15,129,192.0,1.14,0.2713,0.2469,normal,Weekday,Night Freight (8-11 PM),0.2713,62.02
2963,31,8:30:00 PM,20:30:00,20,Tuesday,0,0,Evening,86,8,19,7,120,168.0,1.0,0.2167,0.2184,normal,Weekday,Night Freight (8-11 PM),0.2167,71.67
2964,31,8:45:00 PM,20:45:00,20,Tuesday,0,0,Evening,108,20,14,15,157,205.0,1.22,0.1847,0.1284,normal,Weekday,Night Freight (8-11 PM),0.1847,68.79
2965,31,9:00:00 PM,21:00:00,21,Tuesday,0,0,Evening,69,13,13,8,103,138.5,0.82,0.2039,0.1857,low,Weekday,Night Freight (8-11 PM),0.2039,66.99
2966,31,9:15:00 PM,21:15:00,21,Tuesday,0,0,Evening,64,14,10,6,94,119.0,0.71,0.1702,0.1538,low,Weekday,Night Freight (8-11 PM),0.1702,68.09
2967,31,9:30:00 PM,21:30:00,21,Tuesday,0,0,Evening,71,14,17,10,112,159.0,0.95,0.2411,0.2361,normal,Weekday,Night Freight (8-11 PM),0.2411,63.39
2968,31,9:45:00 PM,21:45:00,21,Tuesday,0,0,Evening,61,9,18,24,112,191.5,1.14,0.375,0.2903,high,Weekday,Night Freight (8-11 PM),0.375,54.46
2969,31,10:00:00 PM,22:00:00,22,Tuesday,0,0,Night,11,4,0,31,46,106.0,0.63,0.6739,0.0,normal,Weekday,Night Freight (8-11 PM),0.6739,23.91
2970,31,10:15:00 PM,22:15:00,22,Tuesday,0,0,Night,17,5,0,14,36,61.5,0.37,0.3889,0.0,normal,Weekday,Night Freight (8-11 PM),0.3889,47.22
2971,31,10:30:00 PM,22:30:00,22,Tuesday,0,0,Night,15,5,0,18,38,71.5,0.43,0.4737,0.0,normal,Weekday,Night Freight (8-11 PM),0.4737,39.47
2972,31,10:45:00 PM,22:45:00,22,Tuesday,0,0,Night,14,2,0,40,56,135.0,0.8,0.7143,0.0,normal,Weekday,Night Freight (8-11 PM),0.7143,25.0
2973,31,11:00:00 PM,23:00:00,23,Tuesday,0,0,Night,12,2,1,28,43,100.0,0.6,0.6744,0.0769,normal,Weekday,Night Freight (8-11 PM),0.6744,27.91
2974,31,11:15:00 PM,23:15:00,23,Tuesday,0,0,Night,18,0,1,40,59,141.0,0.84,0.6949,0.0526,normal,Weekday,Night Freight (8-11 PM),0.6949,30.51
2975,31,11:30:00 PM,23:30:00,23,Tuesday,0,0,Night,14,5,0,13,32,55.5,0.33,0.4062,0.0,normal,Weekday,Night Freight (8-11 PM),0.4062,43.75
2976,31,11:45:00 PM,23:45:00,23,Tuesday,0,0,Night,18,1,0,26,45,96.5,0.57,0.5778,0.0,normal,Weekday,Night Freight (8-11 PM),0.5778,40.0
