Time,Date,Car_Count,Bike_Count,Bus_Count,Truck_Count,Total_Vehicles,Day_Of_Week,Traffic_Situation,Time_24Hr,Hour,PCU_Score,Heavy_Vehicle_Ratio,Car_Ratio,Is_Peak_Hour,Is_Weekend,Hour_Sin,Hour_Cos,Day_Part,Is_Severe_Rush_Hour,Bus_To_Car_Ratio,Heavy_Vehicle_PCU_Share,Congestion_Index,PCU_Lag_15Min,PCU_Rolling_1Hr_Avg
12:00:00 AM,1,14,0,0,34,48,Wednesday,normal,00:00:00,0,116.0,0.7083,0.2917,0,0,0.0,1.0,Night,0,0.0,0.8793,0.69,116.0,116.0
12:15:00 AM,1,17,5,0,23,45,Wednesday,normal,00:15:00,0,88.5,0.5111,0.3778,0,0,0.0,1.0,Night,0,0.0,0.7797,0.53,116.0,102.25
12:30:00 AM,1,19,1,1,18,39,Wednesday,normal,00:30:00,0,76.5,0.4872,0.4872,0,0,0.0,1.0,Night,0,0.05,0.7451,0.46,88.5,93.67
12:45:00 AM,1,15,5,1,12,33,Wednesday,low,00:45:00,0,56.5,0.3939,0.4545,0,0,0.0,1.0,Night,0,0.0625,0.6903,0.34,76.5,84.38
1:00:00 AM,1,13,2,1,26,42,Wednesday,normal,01:00:00,1,95.0,0.6429,0.3095,0,0,0.2588,0.9659,Night,0,0.0714,0.8526,0.57,56.5,79.12
1:15:00 AM,1,15,3,0,32,50,Wednesday,normal,01:15:00,1,112.5,0.64,0.3,0,0,0.2588,0.9659,Night,0,0.0,0.8533,0.67,95.0,85.12
1:30:00 AM,1,15,0,1,13,29,Wednesday,normal,01:30:00,1,57.0,0.4828,0.5172,0,0,0.2588,0.9659,Night,0,0.0625,0.7368,0.34,112.5,80.25
1:45:00 AM,1,18,5,1,12,36,Wednesday,low,01:45:00,1,59.5,0.3611,0.5,0,0,0.2588,0.9659,Night,0,0.0526,0.6555,0.35,57.0,81.0
2:00:00 AM,1,17,1,0,29,47,Wednesday,normal,02:00:00,2,104.5,0.617,0.3617,0,0,0.5,0.866,Night,0,0.0,0.8325,0.62,59.5,83.38
2:15:00 AM,1,10,4,0,19,33,Wednesday,normal,02:15:00,2,69.0,0.5758,0.303,0,0,0.5,0.866,Night,0,0.0,0.8261,0.41,104.5,72.5
2:30:00 AM,1,15,0,0,18,33,Wednesday,normal,02:30:00,2,69.0,0.5455,0.4545,0,0,0.5,0.866,Night,0,0.0,0.7826,0.41,69.0,75.5
2:45:00 AM,1,11,0,0,35,46,Wednesday,normal,02:45:00,2,116.0,0.7609,0.2391,0,0,0.5,0.866,Night,0,0.0,0.9052,0.69,69.0,89.62
3:00:00 AM,1,20,5,1,34,60,Wednesday,normal,03:00:00,3,127.5,0.5833,0.3333,0,0,0.7071,0.7071,Night,0,0.0476,0.8235,0.76,116.0,95.38
3:15:00 AM,1,15,5,1,32,53,Wednesday,normal,03:15:00,3,116.5,0.6226,0.283,0,0,0.7071,0.7071,Night,0,0.0625,0.8498,0.69,127.5,107.25
3:30:00 AM,1,16,4,1,37,58,Wednesday,normal,03:30:00,3,132.0,0.6552,0.2759,0,0,0.7071,0.7071,Night,0,0.0588,0.8636,0.79,116.5,123.0
3:45:00 AM,1,14,1,0,12,27,Wednesday,low,03:45:00,3,50.5,0.4444,0.5185,0,0,0.7071,0.7071,Night,0,0.0,0.7129,0.3,132.0,106.62
4:00:00 AM,1,16,4,0,18,38,Wednesday,normal,04:00:00,4,72.0,0.4737,0.4211,0,0,0.866,0.5,Night,0,0.0,0.75,0.43,50.5,92.75
4:15:00 AM,1,56,21,3,0,80,Wednesday,low,04:15:00,4,75.5,0.0375,0.7,0,0,0.866,0.5,Night,0,0.0526,0.1192,0.45,72.0,82.5
4:30:00 AM,1,78,11,10,18,117,Wednesday,normal,04:30:00,4,167.5,0.2393,0.6667,0,0,0.866,0.5,Night,0,0.1266,0.5015,1.0,75.5,91.38
4:45:00 AM,1,82,29,0,20,131,Wednesday,normal,04:45:00,4,156.5,0.1527,0.626,0,0,0.866,0.5,Night,0,0.0,0.3834,0.93,167.5,117.88
5:00:00 AM,1,102,15,2,7,126,Wednesday,normal,05:00:00,5,136.5,0.0714,0.8095,0,0,0.9659,0.2588,Morning,0,0.0194,0.1978,0.81,156.5,134.0
5:15:00 AM,1,69,14,6,18,107,Wednesday,normal,05:15:00,5,148.0,0.2243,0.6449,0,0,0.9659,0.2588,Morning,0,0.0857,0.4865,0.88,136.5,152.12
5:30:00 AM,1,87,24,6,19,136,Wednesday,normal,05:30:00,5,174.0,0.1838,0.6397,0,0,0.9659,0.2588,Morning,0,0.0682,0.431,1.04,148.0,153.75
5:45:00 AM,1,84,16,10,5,115,Wednesday,normal,05:45:00,5,137.0,0.1304,0.7304,0,0,0.9659,0.2588,Morning,0,0.1176,0.3285,0.82,174.0,148.88
6:00:00 AM,1,109,38,34,5,186,Wednesday,heavy,06:00:00,6,245.0,0.2097,0.586,1,0,1.0,0.0,Morning,0,0.3091,0.4776,1.46,137.0,176.0
6:15:00 AM,1,147,38,23,3,211,Wednesday,heavy,06:15:00,6,244.0,0.1232,0.6967,1,0,1.0,0.0,Morning,0,0.1554,0.3197,1.45,245.0,200.0
6:30:00 AM,1,135,19,48,5,207,Wednesday,heavy,06:30:00,6,303.5,0.256,0.6522,1,0,1.0,0.0,Morning,0,0.3529,0.5239,1.81,244.0,232.38
6:45:00 AM,1,101,23,41,5,170,Wednesday,heavy,06:45:00,6,250.5,0.2706,0.5941,1,0,1.0,0.0,Morning,0,0.402,0.5509,1.49,303.5,260.75
7:00:00 AM,1,138,21,28,1,188,Wednesday,heavy,07:00:00,7,235.5,0.1543,0.734,1,0,0.9659,-0.2588,Morning,0,0.2014,0.3694,1.4,250.5,258.38
7:15:00 AM,1,136,20,32,1,189,Wednesday,heavy,07:15:00,7,245.0,0.1746,0.7196,1,0,0.9659,-0.2588,Morning,0,0.2336,0.4041,1.46,235.5,258.62
7:30:00 AM,1,123,19,25,5,172,Wednesday,heavy,07:30:00,7,222.5,0.1744,0.7151,1,0,0.9659,-0.2588,Morning,0,0.2016,0.4045,1.32,245.0,238.38
7:45:00 AM,1,108,30,46,5,189,Wednesday,heavy,07:45:00,7,276.0,0.2698,0.5714,1,0,0.9659,-0.2588,Morning,0,0.422,0.5543,1.64,222.5,244.75
8:00:00 AM,1,128,15,43,5,191,Wednesday,heavy,08:00:00,8,279.5,0.2513,0.6702,1,0,0.866,-0.5,Morning,1,0.3333,0.5152,1.66,276.0,255.75
8:15:00 AM,1,129,37,41,1,208,Wednesday,heavy,08:15:00,8,273.5,0.2019,0.6202,1,0,0.866,-0.5,Morning,1,0.3154,0.4607,1.63,279.5,262.88
8:30:00 AM,1,127,18,28,3,176,Wednesday,heavy,08:30:00,8,229.0,0.1761,0.7216,1,0,0.866,-0.5,Morning,1,0.2188,0.4061,1.36,273.5,264.5
8:45:00 AM,1,142,37,46,3,228,Wednesday,heavy,08:45:00,8,307.5,0.2149,0.6228,1,0,0.866,-0.5,Morning,1,0.3217,0.478,1.83,229.0,272.38
9:00:00 AM,1,149,26,46,1,222,Wednesday,heavy,09:00:00,9,303.0,0.2117,0.6712,0,0,0.7071,-0.7071,Morning,1,0.3067,0.4653,1.8,307.5,278.25
9:15:00 AM,1,77,13,7,23,120,Wednesday,high,09:15:00,9,173.5,0.25,0.6417,0,0,0.7071,-0.7071,Morning,1,0.0897,0.5187,1.03,303.0,253.25
9:30:00 AM,1,37,16,13,29,95,Wednesday,normal,09:30:00,9,171.0,0.4421,0.3895,0,0,0.7071,-0.7071,Morning,1,0.3421,0.7368,1.02,173.5,238.75
9:45:00 AM,1,79,8,16,12,115,Wednesday,normal,09:45:00,9,167.0,0.2435,0.687,0,0,0.7071,-0.7071,Morning,1,0.2,0.503,0.99,171.0,203.62
10:00:00 AM,1,97,2,16,7,122,Wednesday,normal,10:00:00,10,167.0,0.1885,0.7951,0,0,0.5,-0.866,Morning,0,0.1633,0.4132,0.99,167.0,169.62
10:15:00 AM,1,22,8,31,8,69,Wednesday,normal,10:15:00,10,143.0,0.5652,0.3188,0,0,0.5,-0.866,Morning,0,1.3478,0.8182,0.85,167.0,162.0
10:30:00 AM,1,31,23,19,12,85,Wednesday,normal,10:30:00,10,135.5,0.3647,0.3647,0,0,0.5,-0.866,Morning,0,0.5938,0.6863,0.81,143.0,153.12
10:45:00 AM,1,49,22,16,5,92,Wednesday,normal,10:45:00,10,123.0,0.2283,0.5326,0,0,0.5,-0.866,Morning,0,0.32,0.5122,0.73,135.5,142.12
11:00:00 AM,1,32,5,3,21,61,Wednesday,normal,11:00:00,11,106.5,0.3934,0.5246,0,0,0.2588,-0.9659,Morning,0,0.0909,0.6761,0.63,123.0,127.0
11:15:00 AM,1,40,6,11,28,85,Wednesday,normal,11:15:00,11,160.0,0.4588,0.4706,0,0,0.2588,-0.9659,Morning,0,0.2683,0.7312,0.95,106.5,131.25
11:30:00 AM,1,42,6,10,21,79,Wednesday,normal,11:30:00,11,138.0,0.3924,0.5316,0,0,0.2588,-0.9659,Morning,0,0.2326,0.6739,0.82,160.0,131.88
11:45:00 AM,1,37,9,7,25,78,Wednesday,normal,11:45:00,11,137.5,0.4103,0.4744,0,0,0.2588,-0.9659,Morning,0,0.1842,0.6982,0.82,138.0,135.5
12:00:00 PM,1,45,5,5,24,79,Wednesday,normal,12:00:00,12,134.5,0.3671,0.5696,0,0,0.0,-1.0,Afternoon,0,0.1087,0.6468,0.8,137.5,142.5
12:15:00 PM,1,64,10,4,28,106,Wednesday,normal,12:15:00,12,165.0,0.3019,0.6038,0,0,0.0,-1.0,Afternoon,0,0.0615,0.5818,0.98,134.5,143.75
12:30:00 PM,1,33,8,6,23,70,Wednesday,normal,12:30:00,12,124.0,0.4143,0.4714,0,0,0.0,-1.0,Afternoon,0,0.1765,0.7016,0.74,165.0,140.25
12:45:00 PM,1,34,6,12,27,79,Wednesday,normal,12:45:00,12,154.0,0.4937,0.4304,0,0,0.0,-1.0,Afternoon,0,0.3429,0.7597,0.92,124.0,144.38
1:00:00 PM,1,40,9,5,20,74,Wednesday,normal,13:00:00,13,119.5,0.3378,0.5405,0,0,-0.2588,-0.9659,Afternoon,0,0.122,0.6276,0.71,154.0,140.62
1:15:00 PM,1,64,19,22,12,117,Wednesday,normal,13:15:00,13,175.5,0.2906,0.547,0,0,-0.2588,-0.9659,Afternoon,0,0.3385,0.5812,1.04,119.5,143.25
1:30:00 PM,1,108,24,34,7,173,Wednesday,heavy,13:30:00,13,243.0,0.237,0.6243,0,0,-0.2588,-0.9659,Afternoon,0,0.3119,0.5062,1.45,175.5,173.0
1:45:00 PM,1,108,17,33,7,165,Wednesday,high,13:45:00,13,236.5,0.2424,0.6545,0,0,-0.2588,-0.9659,Afternoon,0,0.3028,0.5074,1.41,243.0,193.62
2:00:00 PM,1,50,23,21,11,105,Wednesday,normal,14:00:00,14,157.5,0.3048,0.4762,0,0,-0.5,-0.866,Afternoon,0,0.4118,0.6095,0.94,236.5,203.12
2:15:00 PM,1,16,21,10,16,63,Wednesday,normal,14:15:00,14,104.5,0.4127,0.254,0,0,-0.5,-0.866,Afternoon,0,0.5882,0.7464,0.62,157.5,185.38
2:30:00 PM,1,91,22,34,8,155,Wednesday,high,14:30:00,14,228.0,0.271,0.5871,0,0,-0.5,-0.866,Afternoon,0,0.3696,0.5526,1.36,104.5,181.62
2:45:00 PM,1,89,19,37,18,163,Wednesday,high,14:45:00,14,263.5,0.3374,0.546,0,0,-0.5,-0.866,Afternoon,0,0.4111,0.6262,1.57,228.0,188.38
3:00:00 PM,1,108,12,23,8,151,Wednesday,normal,15:00:00,15,207.0,0.2053,0.7152,0,0,-0.7071,-0.7071,Afternoon,0,0.211,0.4493,1.23,263.5,200.75
3:15:00 PM,1,73,29,23,7,132,Wednesday,normal,15:15:00,15,177.5,0.2273,0.553,0,0,-0.7071,-0.7071,Afternoon,0,0.3108,0.507,1.06,207.0,219.0
3:30:00 PM,1,76,28,39,14,157,Wednesday,high,15:30:00,15,249.0,0.3376,0.4841,0,0,-0.7071,-0.7071,Afternoon,0,0.5065,0.6386,1.48,177.5,224.25
3:45:00 PM,1,19,15,20,17,71,Wednesday,normal,15:45:00,15,137.5,0.5211,0.2676,0,0,-0.7071,-0.7071,Afternoon,0,1.0,0.8073,0.82,249.0,192.75
4:00:00 PM,1,102,37,48,9,196,Wednesday,heavy,16:00:00,16,291.5,0.2908,0.5204,1,0,-0.866,-0.5,Afternoon,0,0.466,0.5866,1.74,137.5,213.88
4:15:00 PM,1,115,36,41,8,200,Wednesday,heavy,16:15:00,16,280.0,0.245,0.575,1,0,-0.866,-0.5,Afternoon,0,0.3534,0.525,1.67,291.5,239.5
4:30:00 PM,1,142,23,23,6,194,Wednesday,heavy,16:30:00,16,240.5,0.1495,0.732,1,0,-0.866,-0.5,Afternoon,0,0.1608,0.3617,1.43,280.0,237.38
4:45:00 PM,1,134,15,29,8,186,Wednesday,heavy,16:45:00,16,252.5,0.1989,0.7204,1,0,-0.866,-0.5,Afternoon,0,0.2148,0.4396,1.5,240.5,266.12
5:00:00 PM,1,146,18,49,9,222,Wednesday,heavy,17:00:00,17,329.0,0.2613,0.6577,1,0,-0.9659,-0.2588,Evening,1,0.3333,0.5289,1.96,252.5,275.5
5:15:00 PM,1,126,24,48,9,207,Wednesday,heavy,17:15:00,17,309.0,0.2754,0.6087,1,0,-0.9659,-0.2588,Evening,1,0.378,0.5534,1.84,329.0,282.75
5:30:00 PM,1,138,18,27,6,189,Wednesday,heavy,17:30:00,17,246.0,0.1746,0.7302,1,0,-0.9659,-0.2588,Evening,1,0.1942,0.4024,1.46,309.0,284.12
5:45:00 PM,1,129,13,43,6,191,Wednesday,heavy,17:45:00,17,282.5,0.2565,0.6754,1,0,-0.9659,-0.2588,Evening,1,0.3308,0.5204,1.68,246.0,291.62
6:00:00 PM,1,127,35,23,10,195,Wednesday,heavy,18:00:00,18,243.5,0.1692,0.6513,1,0,-1.0,-0.0,Evening,1,0.1797,0.4066,1.45,282.5,270.25
6:15:00 PM,1,144,20,22,7,193,Wednesday,heavy,18:15:00,18,241.0,0.1503,0.7461,1,0,-1.0,-0.0,Evening,1,0.1517,0.361,1.43,243.5,253.25
6:30:00 PM,1,117,19,31,7,174,Wednesday,heavy,18:30:00,18,240.5,0.2184,0.6724,1,0,-1.0,-0.0,Evening,1,0.2627,0.474,1.43,241.0,251.88
6:45:00 PM,1,87,10,13,16,126,Wednesday,normal,18:45:00,18,179.0,0.2302,0.6905,1,0,-1.0,-0.0,Evening,1,0.1477,0.486,1.07,240.5,226.0
7:00:00 PM,1,87,6,18,30,141,Wednesday,high,19:00:00,19,234.0,0.3404,0.617,0,0,-0.9659,0.2588,Evening,1,0.2045,0.6154,1.39,179.0,223.62
7:15:00 PM,1,97,18,10,24,149,Wednesday,high,19:15:00,19,208.0,0.2282,0.651,0,0,-0.9659,0.2588,Evening,1,0.102,0.4904,1.24,234.0,215.38
7:30:00 PM,1,71,21,14,12,118,Wednesday,normal,19:30:00,19,159.5,0.2203,0.6017,0,0,-0.9659,0.2588,Evening,1,0.1944,0.489,0.95,208.0,195.12
7:45:00 PM,1,96,24,18,10,148,Wednesday,normal,19:45:00,19,192.0,0.1892,0.6486,0,0,-0.9659,0.2588,Evening,1,0.1856,0.4375,1.14,159.5,198.38
8:00:00 PM,1,90,7,17,31,145,Wednesday,high,20:00:00,20,237.5,0.331,0.6207,0,0,-0.866,0.5,Evening,0,0.1868,0.6063,1.41,192.0,199.25
8:15:00 PM,1,74,6,12,34,126,Wednesday,high,20:15:00,20,215.0,0.3651,0.5873,0,0,-0.866,0.5,Evening,0,0.16,0.6419,1.28,237.5,201.0
8:30:00 PM,1,59,7,15,20,101,Wednesday,normal,20:30:00,20,167.5,0.3465,0.5842,0,0,-0.866,0.5,Evening,0,0.25,0.6269,1.0,215.0,203.0
8:45:00 PM,1,87,11,16,28,142,Wednesday,high,20:45:00,20,224.5,0.3099,0.6127,0,0,-0.866,0.5,Evening,0,0.1818,0.588,1.34,167.5,211.12
9:00:00 PM,1,62,22,20,20,124,Wednesday,normal,21:00:00,21,193.0,0.3226,0.5,0,0,-0.7071,0.7071,Evening,0,0.3175,0.6218,1.15,224.5,200.0
9:15:00 PM,1,71,16,14,9,110,Wednesday,low,21:15:00,21,148.0,0.2091,0.6455,0,0,-0.7071,0.7071,Evening,0,0.1944,0.4662,0.88,193.0,183.25
9:30:00 PM,1,98,9,15,18,140,Wednesday,normal,21:30:00,21,201.5,0.2357,0.7,0,0,-0.7071,0.7071,Evening,0,0.1515,0.4913,1.2,148.0,191.75
9:45:00 PM,1,93,8,10,16,127,Wednesday,normal,21:45:00,21,175.0,0.2047,0.7323,0,0,-0.7071,0.7071,Evening,0,0.1064,0.4457,1.04,201.5,179.38
10:00:00 PM,1,17,4,0,36,57,Wednesday,normal,22:00:00,22,127.0,0.6316,0.2982,0,0,-0.5,0.866,Night,0,0.0,0.8504,0.76,175.0,162.88
10:15:00 PM,1,16,1,1,29,47,Wednesday,normal,22:15:00,22,106.5,0.6383,0.3404,0,0,-0.5,0.866,Night,0,0.0588,0.8451,0.63,127.0,152.5
10:30:00 PM,1,15,2,0,10,27,Wednesday,low,22:30:00,22,46.0,0.3704,0.5556,0,0,-0.5,0.866,Night,0,0.0,0.6522,0.27,106.5,113.62
10:45:00 PM,1,10,3,1,23,37,Wednesday,normal,22:45:00,22,83.5,0.6486,0.2703,0,0,-0.5,0.866,Night,0,0.0909,0.8623,0.5,46.0,90.75
11:00:00 PM,1,12,4,0,31,47,Wednesday,normal,23:00:00,23,107.0,0.6596,0.2553,0,0,-0.2588,0.9659,Night,0,0.0,0.8692,0.64,83.5,85.75
11:15:00 PM,1,20,1,1,24,46,Wednesday,normal,23:15:00,23,95.5,0.5435,0.4348,0,0,-0.2588,0.9659,Night,0,0.0476,0.7853,0.57,107.0,83.0
11:30:00 PM,1,11,0,1,23,35,Wednesday,normal,23:30:00,23,83.0,0.6857,0.3143,0,0,-0.2588,0.9659,Night,0,0.0833,0.8675,0.49,95.5,92.25
11:45:00 PM,1,14,1,1,17,33,Wednesday,normal,23:45:00,23,68.5,0.5455,0.4242,0,0,-0.2588,0.9659,Night,0,0.0667,0.7883,0.41,83.0,88.5
12:00:00 AM,2,12,5,1,38,56,Thursday,normal,00:00:00,0,131.5,0.6964,0.2143,0,0,0.0,1.0,Night,0,0.0769,0.8897,0.78,131.5,131.5
12:15:00 AM,2,15,4,1,29,49,Thursday,normal,00:15:00,0,107.0,0.6122,0.3061,0,0,0.0,1.0,Night,0,0.0625,0.8411,0.64,131.5,119.25
12:30:00 AM,2,12,4,0,40,56,Thursday,normal,00:30:00,0,134.0,0.7143,0.2143,0,0,0.0,1.0,Night,0,0.0,0.8955,0.8,107.0,124.17
12:45:00 AM,2,11,5,0,22,38,Thursday,normal,00:45:00,0,79.5,0.5789,0.2895,0,0,0.0,1.0,Night,0,0.0,0.8302,0.47,134.0,113.0
1:00:00 AM,2,14,5,1,21,41,Thursday,normal,01:00:00,1,82.5,0.5366,0.3415,0,0,0.2588,0.9659,Night,0,0.0667,0.8,0.49,79.5,100.75
1:15:00 AM,2,14,3,0,39,56,Thursday,normal,01:15:00,1,132.5,0.6964,0.25,0,0,0.2588,0.9659,Night,0,0.0,0.883,0.79,82.5,107.12
1:30:00 AM,2,10,4,1,11,26,Thursday,low,01:30:00,1,48.0,0.4615,0.3846,0,0,0.2588,0.9659,Night,0,0.0909,0.75,0.29,132.5,85.62
1:45:00 AM,2,11,0,0,16,27,Thursday,normal,01:45:00,1,59.0,0.5926,0.4074,0,0,0.2588,0.9659,Night,0,0.0,0.8136,0.35,48.0,80.5
2:00:00 AM,2,12,3,0,39,54,Thursday,normal,02:00:00,2,130.5,0.7222,0.2222,0,0,0.5,0.866,Night,0,0.0,0.8966,0.78,59.0,92.5
2:15:00 AM,2,11,0,1,36,48,Thursday,normal,02:15:00,2,122.0,0.7708,0.2292,0,0,0.5,0.866,Night,0,0.0833,0.9098,0.73,130.5,89.88
2:30:00 AM,2,16,2,0,35,53,Thursday,normal,02:30:00,2,122.0,0.6604,0.3019,0,0,0.5,0.866,Night,0,0.0,0.8607,0.73,122.0,108.38
2:45:00 AM,2,17,3,1,36,57,Thursday,normal,02:45:00,2,129.5,0.6491,0.2982,0,0,0.5,0.866,Night,0,0.0556,0.8571,0.77,122.0,126.0
3:00:00 AM,2,13,1,1,13,28,Thursday,normal,03:00:00,3,55.5,0.5,0.4643,0,0,0.7071,0.7071,Night,0,0.0714,0.7568,0.33,129.5,107.25
3:15:00 AM,2,14,5,0,19,38,Thursday,normal,03:15:00,3,73.5,0.5,0.3684,0,0,0.7071,0.7071,Night,0,0.0,0.7755,0.44,55.5,95.12
3:30:00 AM,2,17,5,1,15,38,Thursday,normal,03:30:00,3,67.5,0.4211,0.4474,0,0,0.7071,0.7071,Night,0,0.0556,0.7111,0.4,73.5,81.5
3:45:00 AM,2,19,3,0,13,35,Thursday,normal,03:45:00,3,59.5,0.3714,0.5429,0,0,0.7071,0.7071,Night,0,0.0,0.6555,0.35,67.5,64.0
4:00:00 AM,2,19,3,1,12,35,Thursday,low,04:00:00,4,59.5,0.3714,0.5429,0,0,0.866,0.5,Night,0,0.05,0.6555,0.35,59.5,65.0
4:15:00 AM,2,54,15,10,8,87,Thursday,low,04:15:00,4,115.5,0.2069,0.6207,0,0,0.866,0.5,Night,0,0.1818,0.4675,0.69,59.5,75.5
4:30:00 AM,2,107,0,1,2,110,Thursday,low,04:30:00,4,116.0,0.0273,0.9727,0,0,0.866,0.5,Night,0,0.0093,0.0776,0.69,115.5,87.62
4:45:00 AM,2,116,20,5,14,155,Thursday,normal,04:45:00,4,183.0,0.1226,0.7484,0,0,0.866,0.5,Night,0,0.0427,0.3115,1.09,116.0,118.5
5:00:00 AM,2,78,2,4,9,93,Thursday,low,05:00:00,5,118.0,0.1398,0.8387,0,0,0.9659,0.2588,Morning,0,0.0506,0.3305,0.7,183.0,133.12
5:15:00 AM,2,111,22,0,12,145,Thursday,normal,05:15:00,5,158.0,0.0828,0.7655,0,0,0.9659,0.2588,Morning,0,0.0,0.2278,0.94,118.0,143.75
5:30:00 AM,2,85,27,7,17,136,Thursday,normal,05:30:00,5,170.5,0.1765,0.625,0,0,0.9659,0.2588,Morning,0,0.0814,0.4223,1.02,158.0,157.38
5:45:00 AM,2,95,5,9,20,129,Thursday,normal,05:45:00,5,184.5,0.2248,0.7364,0,0,0.9659,0.2588,Morning,0,0.0938,0.4715,1.1,170.5,157.75
6:00:00 AM,2,143,33,27,1,204,Thursday,heavy,06:00:00,6,243.5,0.1373,0.701,1,0,1.0,0.0,Morning,0,0.1875,0.345,1.45,184.5,189.12
6:15:00 AM,2,133,40,37,0,210,Thursday,heavy,06:15:00,6,264.0,0.1762,0.6333,1,0,1.0,0.0,Morning,0,0.2761,0.4205,1.57,243.5,215.62
6:30:00 AM,2,123,37,34,4,198,Thursday,heavy,06:30:00,6,255.5,0.1919,0.6212,1,0,1.0,0.0,Morning,0,0.2742,0.4462,1.52,264.0,236.88
6:45:00 AM,2,133,34,36,1,204,Thursday,heavy,06:45:00,6,261.0,0.1814,0.652,1,0,1.0,0.0,Morning,0,0.2687,0.4253,1.55,255.5,256.0
7:00:00 AM,2,101,20,42,4,167,Thursday,normal,07:00:00,7,249.0,0.2754,0.6048,1,0,0.9659,-0.2588,Morning,0,0.4118,0.5542,1.48,261.0,257.38
7:15:00 AM,2,145,10,37,0,192,Thursday,heavy,07:15:00,7,261.0,0.1927,0.7552,1,0,0.9659,-0.2588,Morning,0,0.2534,0.4253,1.55,249.0,256.62
7:30:00 AM,2,141,39,40,5,225,Thursday,heavy,07:30:00,7,295.5,0.2,0.6267,1,0,0.9659,-0.2588,Morning,0,0.2817,0.4569,1.76,261.0,266.62
7:45:00 AM,2,134,12,22,2,170,Thursday,heavy,07:45:00,7,212.0,0.1412,0.7882,1,0,0.9659,-0.2588,Morning,0,0.163,0.3396,1.26,295.5,254.38
8:00:00 AM,2,126,10,26,4,166,Thursday,high,08:00:00,8,221.0,0.1807,0.759,1,0,0.866,-0.5,Morning,1,0.2047,0.4072,1.32,212.0,247.38
8:15:00 AM,2,136,22,31,0,189,Thursday,heavy,08:15:00,8,240.0,0.164,0.7196,1,0,0.866,-0.5,Morning,1,0.2263,0.3875,1.43,221.0,242.12
8:30:00 AM,2,128,26,42,4,200,Thursday,heavy,08:30:00,8,279.0,0.23,0.64,1,0,0.866,-0.5,Morning,1,0.3256,0.4946,1.66,240.0,238.0
8:45:00 AM,2,106,12,28,4,150,Thursday,high,08:45:00,8,208.0,0.2133,0.7067,1,0,0.866,-0.5,Morning,1,0.2617,0.4615,1.24,279.0,237.0
9:00:00 AM,2,140,27,36,2,205,Thursday,heavy,09:00:00,9,267.5,0.1854,0.6829,0,0,0.7071,-0.7071,Morning,1,0.2553,0.4262,1.59,208.0,248.62
9:15:00 AM,2,40,20,37,28,125,Thursday,high,09:15:00,9,245.0,0.52,0.32,0,0,0.7071,-0.7071,Morning,1,0.9024,0.7959,1.46,267.5,249.88
9:30:00 AM,2,13,25,33,12,83,Thursday,normal,09:30:00,9,160.5,0.5422,0.1566,0,0,0.7071,-0.7071,Morning,1,2.3571,0.8411,0.96,245.0,220.25
9:45:00 AM,2,18,22,26,10,76,Thursday,normal,09:45:00,9,137.0,0.4737,0.2368,0,0,0.7071,-0.7071,Morning,1,1.3684,0.7883,0.82,160.5,202.5
10:00:00 AM,2,59,5,36,12,112,Thursday,high,10:00:00,10,205.5,0.4286,0.5268,0,0,0.5,-0.866,Morning,0,0.6,0.7007,1.22,137.0,187.0
10:15:00 AM,2,48,9,30,14,101,Thursday,normal,10:15:00,10,184.5,0.4356,0.4752,0,0,0.5,-0.866,Morning,0,0.6122,0.7154,1.1,205.5,171.88
10:30:00 AM,2,77,23,14,20,134,Thursday,normal,10:30:00,10,190.5,0.2537,0.5746,0,0,0.5,-0.866,Morning,0,0.1795,0.5354,1.13,184.5,179.38
10:45:00 AM,2,17,13,13,27,70,Thursday,normal,10:45:00,10,143.5,0.5714,0.2429,0,0,0.5,-0.866,Morning,0,0.7222,0.8362,0.85,190.5,181.0
11:00:00 AM,2,36,5,14,25,80,Thursday,normal,11:00:00,11,155.5,0.4875,0.45,0,0,0.2588,-0.9659,Morning,0,0.3784,0.7524,0.93,143.5,168.5
11:15:00 AM,2,60,10,3,28,101,Thursday,normal,11:15:00,11,158.0,0.3069,0.5941,0,0,0.2588,-0.9659,Morning,0,0.0492,0.5886,0.94,155.5,161.88
11:30:00 AM,2,34,5,4,29,72,Thursday,normal,11:30:00,11,135.5,0.4583,0.4722,0,0,0.2588,-0.9659,Morning,0,0.1143,0.7306,0.81,158.0,148.12
11:45:00 AM,2,63,5,6,20,94,Thursday,normal,11:45:00,11,143.5,0.2766,0.6702,0,0,0.2588,-0.9659,Morning,0,0.0938,0.5436,0.85,135.5,148.12
12:00:00 PM,2,48,10,13,23,94,Thursday,normal,12:00:00,12,161.0,0.383,0.5106,0,0,0.0,-1.0,Afternoon,0,0.2653,0.6708,0.96,143.5,149.5
12:15:00 PM,2,44,5,5,21,75,Thursday,normal,12:15:00,12,124.5,0.3467,0.5867,0,0,0.0,-1.0,Afternoon,0,0.1111,0.6265,0.74,161.0,141.12
12:30:00 PM,2,62,5,14,23,104,Thursday,normal,12:30:00,12,175.5,0.3558,0.5962,0,0,0.0,-1.0,Afternoon,0,0.2222,0.6325,1.04,124.5,151.12
12:45:00 PM,2,38,8,15,27,88,Thursday,normal,12:45:00,12,168.0,0.4773,0.4318,0,0,0.0,-1.0,Afternoon,0,0.3846,0.75,1.0,175.5,157.25
1:00:00 PM,2,26,6,9,29,70,Thursday,normal,13:00:00,13,143.0,0.5429,0.3714,0,0,-0.2588,-0.9659,Afternoon,0,0.3333,0.7972,0.85,168.0,152.75
1:15:00 PM,2,78,23,16,13,130,Thursday,normal,13:15:00,13,176.5,0.2231,0.6,0,0,-0.2588,-0.9659,Afternoon,0,0.2025,0.4929,1.05,143.0,165.75
1:30:00 PM,2,116,21,22,17,176,Thursday,heavy,13:30:00,13,243.5,0.2216,0.6591,0,0,-0.2588,-0.9659,Afternoon,0,0.188,0.4805,1.45,176.5,182.75
1:45:00 PM,2,94,13,11,16,134,Thursday,normal,13:45:00,13,181.5,0.2015,0.7015,0,0,-0.2588,-0.9659,Afternoon,0,0.1158,0.4463,1.08,243.5,186.12
2:00:00 PM,2,52,19,26,10,107,Thursday,normal,14:00:00,14,169.5,0.3364,0.486,0,0,-0.5,-0.866,Afternoon,0,0.4906,0.6372,1.01,181.5,192.75
2:15:00 PM,2,70,13,12,10,105,Thursday,low,14:15:00,14,142.5,0.2095,0.6667,0,0,-0.5,-0.866,Afternoon,0,0.169,0.4632,0.85,169.5,184.25
2:30:00 PM,2,34,17,21,14,86,Thursday,normal,14:30:00,14,147.5,0.407,0.3953,0,0,-0.5,-0.866,Afternoon,0,0.6,0.7119,0.88,142.5,160.25
2:45:00 PM,2,16,18,40,6,80,Thursday,normal,14:45:00,14,163.0,0.575,0.2,0,0,-0.5,-0.866,Afternoon,0,2.3529,0.8466,0.97,147.5,155.62
3:00:00 PM,2,24,20,15,17,76,Thursday,normal,15:00:00,15,130.0,0.4211,0.3158,0,0,-0.7071,-0.7071,Afternoon,0,0.6,0.7385,0.77,163.0,145.75
3:15:00 PM,2,21,15,33,12,81,Thursday,normal,15:15:00,15,163.5,0.5556,0.2593,0,0,-0.7071,-0.7071,Afternoon,0,1.5,0.8257,0.97,130.0,151.0
3:30:00 PM,2,100,10,18,7,135,Thursday,normal,15:30:00,15,180.0,0.1852,0.7407,0,0,-0.7071,-0.7071,Afternoon,0,0.1782,0.4167,1.07,163.5,159.12
3:45:00 PM,2,117,22,11,5,155,Thursday,normal,15:45:00,15,176.0,0.1032,0.7548,0,0,-0.7071,-0.7071,Afternoon,0,0.0932,0.2727,1.05,180.0,162.38
4:00:00 PM,2,145,30,40,8,223,Thursday,normal,16:00:00,16,304.0,0.2152,0.6502,1,0,-0.866,-0.5,Afternoon,0,0.274,0.4737,1.81,176.0,205.88
4:15:00 PM,2,113,38,45,7,203,Thursday,heavy,16:15:00,16,288.0,0.2562,0.5567,1,0,-0.866,-0.5,Afternoon,0,0.3947,0.5417,1.71,304.0,237.0
4:30:00 PM,2,110,31,37,7,185,Thursday,heavy,16:30:00,16,257.5,0.2378,0.5946,1,0,-0.866,-0.5,Afternoon,0,0.3333,0.5126,1.53,288.0,256.38
4:45:00 PM,2,126,15,26,6,173,Thursday,heavy,16:45:00,16,229.5,0.185,0.7283,1,0,-0.866,-0.5,Afternoon,0,0.2047,0.4183,1.37,257.5,269.75
5:00:00 PM,2,100,15,29,7,151,Thursday,high,17:00:00,17,215.5,0.2384,0.6623,1,0,-0.9659,-0.2588,Evening,1,0.2871,0.5012,1.28,229.5,247.62
5:15:00 PM,2,147,28,29,10,214,Thursday,heavy,17:15:00,17,278.0,0.1822,0.6869,1,0,-0.9659,-0.2588,Evening,1,0.1959,0.4209,1.66,215.5,245.12
5:30:00 PM,2,146,22,50,10,228,Thursday,heavy,17:30:00,17,337.0,0.2632,0.6404,1,0,-0.9659,-0.2588,Evening,1,0.3401,0.5341,2.01,278.0,265.0
5:45:00 PM,2,148,23,27,5,203,Thursday,heavy,17:45:00,17,255.5,0.1576,0.7291,1,0,-0.9659,-0.2588,Evening,1,0.1812,0.3757,1.52,337.0,271.5
6:00:00 PM,2,149,17,41,9,216,Thursday,heavy,18:00:00,18,307.5,0.2315,0.6898,1,0,-1.0,-0.0,Evening,1,0.2733,0.4878,1.83,255.5,294.5
6:15:00 PM,2,136,32,41,7,216,Thursday,heavy,18:15:00,18,296.0,0.2222,0.6296,1,0,-1.0,-0.0,Evening,1,0.2993,0.4865,1.76,307.5,299.0
6:30:00 PM,2,101,22,33,9,165,Thursday,high,18:30:00,18,238.0,0.2545,0.6121,1,0,-1.0,-0.0,Evening,1,0.3235,0.5294,1.42,296.0,274.25
6:45:00 PM,2,87,18,13,34,152,Thursday,high,18:45:00,18,237.0,0.3092,0.5724,1,0,-1.0,-0.0,Evening,1,0.1477,0.5949,1.41,238.0,269.62
7:00:00 PM,2,50,21,14,9,94,Thursday,low,19:00:00,19,129.5,0.2447,0.5319,0,0,-0.9659,0.2588,Evening,1,0.2745,0.5328,0.77,237.0,225.12
7:15:00 PM,2,63,23,19,34,139,Thursday,high,19:15:00,19,233.5,0.3813,0.4532,0,0,-0.9659,0.2588,Evening,1,0.2969,0.6809,1.39,129.5,209.5
7:30:00 PM,2,73,9,11,5,98,Thursday,low,19:30:00,19,125.5,0.1633,0.7449,0,0,-0.9659,0.2588,Evening,1,0.1486,0.3825,0.75,233.5,181.38
7:45:00 PM,2,78,13,20,25,136,Thursday,high,19:45:00,19,219.5,0.3309,0.5735,0,0,-0.9659,0.2588,Evening,1,0.2532,0.615,1.31,125.5,177.0
8:00:00 PM,2,71,22,12,14,119,Thursday,normal,20:00:00,20,160.0,0.2185,0.5966,0,0,-0.866,0.5,Evening,0,0.1667,0.4875,0.95,219.5,184.62
8:15:00 PM,2,80,17,11,15,123,Thursday,normal,20:15:00,20,166.5,0.2114,0.6504,0,0,-0.866,0.5,Evening,0,0.1358,0.4685,0.99,160.0,167.88
8:30:00 PM,2,62,21,10,35,128,Thursday,high,20:30:00,20,207.5,0.3516,0.4844,0,0,-0.866,0.5,Evening,0,0.1587,0.6506,1.24,166.5,188.38
8:45:00 PM,2,100,17,16,33,166,Thursday,high,20:45:00,20,255.5,0.2952,0.6024,0,0,-0.866,0.5,Evening,0,0.1584,0.5753,1.52,207.5,197.38
9:00:00 PM,2,95,15,18,9,137,Thursday,normal,21:00:00,21,183.5,0.1971,0.6934,0,0,-0.7071,0.7071,Evening,0,0.1875,0.4414,1.09,255.5,203.25
9:15:00 PM,2,102,14,15,34,165,Thursday,high,21:15:00,21,256.0,0.297,0.6182,0,0,-0.7071,0.7071,Evening,0,0.1456,0.5742,1.52,183.5,225.62
9:30:00 PM,2,68,12,15,32,127,Thursday,high,21:30:00,21,215.0,0.3701,0.5354,0,0,-0.7071,0.7071,Evening,0,0.2174,0.6558,1.28,256.0,227.5
9:45:00 PM,2,74,5,19,5,103,Thursday,normal,21:45:00,21,148.5,0.233,0.7184,0,0,-0.7071,0.7071,Evening,0,0.2533,0.4848,0.88,215.0,200.75
10:00:00 PM,2,15,4,1,21,41,Thursday,normal,22:00:00,22,83.0,0.5366,0.3659,0,0,-0.5,0.866,Night,0,0.0625,0.7952,0.49,148.5,175.62
10:15:00 PM,2,16,0,1,24,41,Thursday,normal,22:15:00,22,91.0,0.6098,0.3902,0,0,-0.5,0.866,Night,0,0.0588,0.8242,0.54,83.0,134.38
10:30:00 PM,2,12,0,0,12,24,Thursday,low,22:30:00,22,48.0,0.5,0.5,0,0,-0.5,0.866,Night,0,0.0,0.75,0.29,91.0,92.62
10:45:00 PM,2,12,5,0,23,40,Thursday,normal,22:45:00,22,83.5,0.575,0.3,0,0,-0.5,0.866,Night,0,0.0,0.8263,0.5,48.0,76.38
11:00:00 PM,2,15,2,1,14,32,Thursday,normal,23:00:00,23,61.0,0.4688,0.4688,0,0,-0.2588,0.9659,Night,0,0.0625,0.7377,0.36,83.5,70.88
11:15:00 PM,2,10,3,0,23,36,Thursday,normal,23:15:00,23,80.5,0.6389,0.2778,0,0,-0.2588,0.9659,Night,0,0.0,0.8571,0.48,61.0,68.25
11:30:00 PM,2,16,2,0,35,53,Thursday,normal,23:30:00,23,122.0,0.6604,0.3019,0,0,-0.2588,0.9659,Night,0,0.0,0.8607,0.73,80.5,86.75
11:45:00 PM,2,13,3,0,22,38,Thursday,normal,23:45:00,23,80.5,0.5789,0.3421,0,0,-0.2588,0.9659,Night,0,0.0,0.8199,0.48,122.0,86.0
12:00:00 AM,3,13,0,0,32,45,Friday,normal,00:00:00,0,109.0,0.7111,0.2889,0,0,0.0,1.0,Night,0,0.0,0.8807,0.65,109.0,109.0
12:15:00 AM,3,11,1,0,27,39,Friday,normal,00:15:00,0,92.5,0.6923,0.2821,0,0,0.0,1.0,Night,0,0.0,0.8757,0.55,109.0,100.75
12:30:00 AM,3,17,1,0,32,50,Friday,normal,00:30:00,0,113.5,0.64,0.34,0,0,0.0,1.0,Night,0,0.0,0.8458,0.68,92.5,105.0
12:45:00 AM,3,11,2,0,17,30,Friday,normal,00:45:00,0,63.0,0.5667,0.3667,0,0,0.0,1.0,Night,0,0.0,0.8095,0.38,113.5,94.5
1:00:00 AM,3,14,1,1,11,27,Friday,low,01:00:00,1,50.5,0.4444,0.5185,0,0,0.2588,0.9659,Night,0,0.0667,0.7129,0.3,63.0,79.88
1:15:00 AM,3,17,2,0,33,52,Friday,normal,01:15:00,1,117.0,0.6346,0.3269,0,0,0.2588,0.9659,Night,0,0.0,0.8462,0.7,50.5,86.0
1:30:00 AM,3,15,2,1,38,56,Friday,normal,01:30:00,1,133.0,0.6964,0.2679,0,0,0.2588,0.9659,Night,0,0.0625,0.8797,0.79,117.0,90.88
1:45:00 AM,3,13,4,1,24,42,Friday,normal,01:45:00,1,90.0,0.5952,0.3095,0,0,0.2588,0.9659,Night,0,0.0714,0.8333,0.54,133.0,97.62
2:00:00 AM,3,11,5,1,11,28,Friday,low,02:00:00,2,49.5,0.4286,0.3929,0,0,0.5,0.866,Night,0,0.0833,0.7273,0.29,90.0,97.38
2:15:00 AM,3,12,3,0,22,37,Friday,normal,02:15:00,2,79.5,0.5946,0.3243,0,0,0.5,0.866,Night,0,0.0,0.8302,0.47,49.5,88.0
2:30:00 AM,3,15,1,0,26,42,Friday,normal,02:30:00,2,93.5,0.619,0.3571,0,0,0.5,0.866,Night,0,0.0,0.8342,0.56,79.5,78.12
2:45:00 AM,3,13,0,1,34,48,Friday,normal,02:45:00,2,118.0,0.7292,0.2708,0,0,0.5,0.866,Night,0,0.0714,0.8898,0.7,93.5,85.12
3:00:00 AM,3,17,5,0,15,37,Friday,normal,03:00:00,3,64.5,0.4054,0.4595,0,0,0.7071,0.7071,Night,0,0.0,0.6977,0.38,118.0,88.88
3:15:00 AM,3,20,3,1,26,50,Friday,normal,03:15:00,3,102.5,0.54,0.4,0,0,0.7071,0.7071,Night,0,0.0476,0.7902,0.61,64.5,94.62
3:30:00 AM,3,18,4,0,30,52,Friday,normal,03:30:00,3,110.0,0.5769,0.3462,0,0,0.7071,0.7071,Night,0,0.0,0.8182,0.65,102.5,98.75
3:45:00 AM,3,12,1,1,19,33,Friday,normal,03:45:00,3,72.5,0.6061,0.3636,0,0,0.7071,0.7071,Night,0,0.0769,0.8276,0.43,110.0,87.38
4:00:00 AM,3,20,0,0,12,32,Friday,low,04:00:00,4,56.0,0.375,0.625,0,0,0.866,0.5,Night,0,0.0,0.6429,0.33,72.5,85.25
4:15:00 AM,3,29,10,0,12,51,Friday,low,04:15:00,4,70.0,0.2353,0.5686,0,0,0.866,0.5,Night,0,0.0,0.5143,0.42,56.0,77.12
4:30:00 AM,3,39,20,1,10,70,Friday,low,04:30:00,4,82.0,0.1571,0.5571,0,0,0.866,0.5,Night,0,0.025,0.4024,0.49,70.0,70.12
4:45:00 AM,3,76,9,7,13,105,Friday,normal,04:45:00,4,140.5,0.1905,0.7238,0,0,0.866,0.5,Night,0,0.0909,0.427,0.84,82.0,87.12
5:00:00 AM,3,33,17,0,13,63,Friday,normal,05:00:00,5,80.5,0.2063,0.5238,0,0,0.9659,0.2588,Morning,0,0.0,0.4845,0.48,140.5,93.25
5:15:00 AM,3,64,14,1,12,91,Friday,low,05:15:00,5,110.0,0.1429,0.7033,0,0,0.9659,0.2588,Morning,0,0.0154,0.3545,0.65,80.5,103.25
5:30:00 AM,3,44,7,1,11,63,Friday,low,05:30:00,5,83.5,0.1905,0.6984,0,0,0.9659,0.2588,Morning,0,0.0222,0.4311,0.5,110.0,103.62
5:45:00 AM,3,53,8,4,15,80,Friday,normal,05:45:00,5,114.0,0.2375,0.6625,0,0,0.9659,0.2588,Morning,0,0.0741,0.5,0.68,83.5,97.0
6:00:00 AM,3,75,6,7,13,101,Friday,normal,06:00:00,6,138.0,0.198,0.7426,1,0,1.0,0.0,Morning,0,0.0921,0.4348,0.82,114.0,111.38
6:15:00 AM,3,60,11,4,10,85,Friday,low,06:15:00,6,107.5,0.1647,0.7059,1,0,1.0,0.0,Morning,0,0.0656,0.3907,0.64,138.0,110.75
6:30:00 AM,3,35,14,2,14,65,Friday,normal,06:30:00,6,90.0,0.2462,0.5385,1,0,1.0,0.0,Morning,0,0.0556,0.5333,0.54,107.5,112.38
6:45:00 AM,3,75,20,6,15,116,Friday,normal,06:45:00,6,148.0,0.181,0.6466,1,0,1.0,0.0,Morning,0,0.0789,0.4257,0.88,90.0,120.88
7:00:00 AM,3,27,10,2,12,51,Friday,low,07:00:00,7,74.0,0.2745,0.5294,1,0,0.9659,-0.2588,Morning,0,0.0714,0.5676,0.44,148.0,104.88
7:15:00 AM,3,61,20,7,14,102,Friday,normal,07:15:00,7,134.0,0.2059,0.598,1,0,0.9659,-0.2588,Morning,0,0.1129,0.4701,0.8,74.0,111.5
7:30:00 AM,3,72,20,5,15,112,Friday,normal,07:30:00,7,142.0,0.1786,0.6429,1,0,0.9659,-0.2588,Morning,0,0.0685,0.4225,0.85,134.0,124.5
7:45:00 AM,3,43,18,6,14,81,Friday,normal,07:45:00,7,112.0,0.2469,0.5309,1,0,0.9659,-0.2588,Morning,0,0.1364,0.5357,0.67,142.0,115.5
8:00:00 AM,3,54,10,4,14,82,Friday,normal,08:00:00,8,113.0,0.2195,0.6585,1,0,0.866,-0.5,Morning,1,0.0727,0.4779,0.67,112.0,125.25
8:15:00 AM,3,30,12,1,14,57,Friday,normal,08:15:00,8,81.0,0.2632,0.5263,1,0,0.866,-0.5,Morning,1,0.0323,0.5556,0.48,113.0,112.0
8:30:00 AM,3,72,8,6,12,98,Friday,low,08:30:00,8,130.0,0.1837,0.7347,1,0,0.866,-0.5,Morning,1,0.0822,0.4154,0.77,81.0,109.0
8:45:00 AM,3,55,17,7,15,94,Friday,normal,08:45:00,8,129.5,0.234,0.5851,1,0,0.866,-0.5,Morning,1,0.125,0.5097,0.77,130.0,113.38
9:00:00 AM,3,36,20,0,13,69,Friday,normal,09:00:00,9,85.0,0.1884,0.5217,0,0,0.7071,-0.7071,Morning,1,0.0,0.4588,0.51,129.5,106.38
9:15:00 AM,3,168,55,10,0,233,Friday,heavy,09:15:00,9,225.5,0.0429,0.721,0,0,0.7071,-0.7071,Morning,1,0.0592,0.133,1.34,85.0,142.5
9:30:00 AM,3,135,61,28,2,226,Friday,heavy,09:30:00,9,255.5,0.1327,0.5973,0,0,0.7071,-0.7071,Morning,1,0.2059,0.3523,1.52,225.5,173.88
9:45:00 AM,3,168,68,27,2,265,Friday,heavy,09:45:00,9,289.0,0.1094,0.634,0,0,0.7071,-0.7071,Morning,1,0.1598,0.301,1.72,255.5,213.75
10:00:00 AM,3,139,44,16,1,200,Friday,heavy,10:00:00,10,212.0,0.085,0.695,0,0,0.5,-0.866,Morning,0,0.1143,0.2406,1.26,289.0,245.5
10:15:00 AM,3,156,63,12,3,234,Friday,heavy,10:15:00,10,232.5,0.0641,0.6667,0,0,0.5,-0.866,Morning,0,0.0764,0.1935,1.38,212.0,247.25
10:30:00 AM,3,141,51,27,3,222,Friday,heavy,10:30:00,10,256.5,0.1351,0.6351,0,0,0.5,-0.866,Morning,0,0.1901,0.3509,1.53,232.5,247.5
10:45:00 AM,3,144,44,16,3,207,Friday,heavy,10:45:00,10,223.0,0.0918,0.6957,0,0,0.5,-0.866,Morning,0,0.1103,0.2556,1.33,256.5,231.0
11:00:00 AM,3,132,65,23,0,220,Friday,heavy,11:00:00,11,233.5,0.1045,0.6,0,0,0.2588,-0.9659,Morning,0,0.1729,0.2955,1.39,223.0,236.38
11:15:00 AM,3,180,48,17,2,247,Friday,heavy,11:15:00,11,261.0,0.0769,0.7287,0,0,0.2588,-0.9659,Morning,0,0.0939,0.2184,1.55,233.5,243.5
11:30:00 AM,3,140,67,20,4,231,Friday,heavy,11:30:00,11,245.5,0.1039,0.6061,0,0,0.2588,-0.9659,Morning,0,0.1418,0.2933,1.46,261.0,240.75
11:45:00 AM,3,163,62,12,0,237,Friday,heavy,11:45:00,11,230.0,0.0506,0.6878,0,0,0.2588,-0.9659,Morning,0,0.0732,0.1565,1.37,245.5,242.5
12:00:00 PM,3,148,70,15,0,233,Friday,heavy,12:00:00,12,228.0,0.0644,0.6352,0,0,0.0,-1.0,Afternoon,0,0.1007,0.1974,1.36,230.0,241.12
12:15:00 PM,3,134,47,22,3,206,Friday,heavy,12:15:00,12,232.5,0.1214,0.6505,0,0,0.0,-1.0,Afternoon,0,0.163,0.3226,1.38,228.0,234.0
12:30:00 PM,3,162,51,13,0,226,Friday,heavy,12:30:00,12,226.5,0.0575,0.7168,0,0,0.0,-1.0,Afternoon,0,0.0798,0.1722,1.35,232.5,229.25
12:45:00 PM,3,136,49,15,1,201,Friday,heavy,12:45:00,12,208.5,0.0796,0.6766,0,0,0.0,-1.0,Afternoon,0,0.1095,0.2302,1.24,226.5,223.88
1:00:00 PM,3,147,52,26,0,225,Friday,heavy,13:00:00,13,251.0,0.1156,0.6533,0,0,-0.2588,-0.9659,Afternoon,0,0.1757,0.3108,1.49,208.5,229.62
1:15:00 PM,3,174,54,25,1,254,Friday,heavy,13:15:00,13,279.0,0.1024,0.685,0,0,-0.2588,-0.9659,Afternoon,0,0.1429,0.2796,1.66,251.0,241.25
1:30:00 PM,3,135,69,20,1,225,Friday,heavy,13:30:00,13,232.5,0.0933,0.6,0,0,-0.2588,-0.9659,Afternoon,0,0.1471,0.271,1.38,279.0,242.75
1:45:00 PM,3,142,55,21,1,219,Friday,heavy,13:45:00,13,235.5,0.1005,0.6484,0,0,-0.2588,-0.9659,Afternoon,0,0.1469,0.2803,1.4,232.5,249.5
2:00:00 PM,3,144,59,14,2,219,Friday,heavy,14:00:00,14,221.5,0.0731,0.6575,0,0,-0.5,-0.866,Afternoon,0,0.0966,0.2167,1.32,235.5,242.12
2:15:00 PM,3,180,49,17,0,246,Friday,heavy,14:15:00,14,255.5,0.0691,0.7317,0,0,-0.5,-0.866,Afternoon,0,0.0939,0.1996,1.52,221.5,236.25
2:30:00 PM,3,153,59,20,4,236,Friday,heavy,14:30:00,14,254.5,0.1017,0.6483,0,0,-0.5,-0.866,Afternoon,0,0.1299,0.2829,1.52,255.5,241.75
2:45:00 PM,3,139,43,27,3,212,Friday,heavy,14:45:00,14,250.5,0.1415,0.6557,0,0,-0.5,-0.866,Afternoon,0,0.1929,0.3593,1.49,254.5,245.5
3:00:00 PM,3,179,60,12,0,251,Friday,heavy,15:00:00,15,245.0,0.0478,0.7131,0,0,-0.7071,-0.7071,Afternoon,0,0.0667,0.1469,1.46,250.5,251.38
3:15:00 PM,3,76,21,6,1,104,Friday,low,15:15:00,15,107.5,0.0673,0.7308,0,0,-0.7071,-0.7071,Afternoon,0,0.0779,0.1953,0.64,245.0,214.38
3:30:00 PM,3,59,25,19,1,104,Friday,normal,15:30:00,15,131.5,0.1923,0.5673,0,0,-0.7071,-0.7071,Afternoon,0,0.3167,0.4563,0.78,107.5,183.62
3:45:00 PM,3,51,20,12,1,84,Friday,low,15:45:00,15,100.0,0.1548,0.6071,0,0,-0.7071,-0.7071,Afternoon,0,0.2308,0.39,0.6,131.5,146.0
4:00:00 PM,3,78,24,19,2,123,Friday,normal,16:00:00,16,153.0,0.1707,0.6341,1,0,-0.866,-0.5,Afternoon,0,0.2405,0.4118,0.91,100.0,123.0
4:15:00 PM,3,50,24,11,0,85,Friday,low,16:15:00,16,95.0,0.1294,0.5882,1,0,-0.866,-0.5,Afternoon,0,0.2157,0.3474,0.57,153.0,119.88
4:30:00 PM,3,59,25,8,0,92,Friday,low,16:30:00,16,95.5,0.087,0.6413,1,0,-0.866,-0.5,Afternoon,0,0.1333,0.2513,0.57,95.0,110.88
4:45:00 PM,3,90,21,0,0,111,Friday,low,16:45:00,16,100.5,0.0,0.8108,1,0,-0.866,-0.5,Afternoon,0,0.0,0.0,0.6,95.5,111.0
5:00:00 PM,3,79,26,21,2,128,Friday,normal,17:00:00,17,161.0,0.1797,0.6172,1,0,-0.9659,-0.2588,Evening,1,0.2625,0.4286,0.96,100.5,113.0
5:15:00 PM,3,56,21,4,1,82,Friday,low,17:15:00,17,81.5,0.061,0.6829,1,0,-0.9659,-0.2588,Evening,1,0.0702,0.184,0.49,161.0,109.62
5:30:00 PM,3,70,25,11,2,108,Friday,low,17:30:00,17,121.5,0.1204,0.6481,1,0,-0.9659,-0.2588,Evening,1,0.1549,0.321,0.72,81.5,116.12
5:45:00 PM,3,54,27,21,2,104,Friday,normal,17:45:00,17,136.5,0.2212,0.5192,1,0,-0.9659,-0.2588,Evening,1,0.3818,0.5055,0.81,121.5,125.12
6:00:00 PM,3,53,22,13,2,90,Friday,low,18:00:00,18,109.0,0.1667,0.5889,1,0,-1.0,-0.0,Evening,1,0.2407,0.4128,0.65,136.5,112.12
6:15:00 PM,3,59,27,5,2,93,Friday,low,18:15:00,18,93.5,0.0753,0.6344,1,0,-1.0,-0.0,Evening,1,0.0833,0.2246,0.56,109.0,115.12
6:30:00 PM,3,63,30,21,0,114,Friday,normal,18:30:00,18,141.0,0.1842,0.5526,1,0,-1.0,-0.0,Evening,1,0.3281,0.4468,0.84,93.5,120.0
6:45:00 PM,3,87,21,16,0,124,Friday,normal,18:45:00,18,145.5,0.129,0.7016,1,0,-1.0,-0.0,Evening,1,0.1818,0.3299,0.87,141.0,122.25
7:00:00 PM,3,71,26,19,1,117,Friday,normal,19:00:00,19,144.0,0.1709,0.6068,0,0,-0.9659,0.2588,Evening,1,0.2639,0.4167,0.86,145.5,131.0
7:15:00 PM,3,32,5,5,13,55,Friday,normal,19:15:00,19,88.5,0.3273,0.5818,0,0,-0.9659,0.2588,Evening,1,0.1515,0.6102,0.53,144.0,129.75
7:30:00 PM,3,36,6,7,2,51,Friday,low,19:30:00,19,66.0,0.1765,0.7059,0,0,-0.9659,0.2588,Evening,1,0.1892,0.4091,0.39,88.5,111.0
7:45:00 PM,3,35,10,0,2,47,Friday,low,19:45:00,19,46.0,0.0426,0.7447,0,0,-0.9659,0.2588,Evening,1,0.0,0.1304,0.27,66.0,86.12
8:00:00 PM,3,40,10,5,10,65,Friday,low,20:00:00,20,90.0,0.2308,0.6154,0,0,-0.866,0.5,Evening,0,0.122,0.5,0.54,46.0,72.62
8:15:00 PM,3,44,6,1,3,54,Friday,low,20:15:00,20,59.0,0.0741,0.8148,0,0,-0.866,0.5,Evening,0,0.0222,0.2034,0.35,90.0,65.25
8:30:00 PM,3,40,6,1,3,50,Friday,low,20:30:00,20,55.0,0.08,0.8,0,0,-0.866,0.5,Evening,0,0.0244,0.2182,0.33,59.0,62.5
8:45:00 PM,3,45,2,7,7,61,Friday,low,20:45:00,20,88.0,0.2295,0.7377,0,0,-0.866,0.5,Evening,0,0.1522,0.4773,0.52,55.0,73.0
9:00:00 PM,3,44,2,6,5,57,Friday,low,21:00:00,21,78.0,0.193,0.7719,0,0,-0.7071,0.7071,Evening,0,0.1333,0.4231,0.46,88.0,70.0
9:15:00 PM,3,33,4,4,5,46,Friday,low,21:15:00,21,62.0,0.1957,0.7174,0,0,-0.7071,0.7071,Evening,0,0.1176,0.4355,0.37,78.0,70.75
9:30:00 PM,3,22,5,3,13,43,Friday,normal,21:30:00,21,72.5,0.3721,0.5116,0,0,-0.7071,0.7071,Evening,0,0.1304,0.6621,0.43,62.0,75.12
9:45:00 PM,3,33,5,5,1,44,Friday,low,21:45:00,21,53.5,0.1364,0.75,0,0,-0.7071,0.7071,Evening,0,0.1471,0.3364,0.32,72.5,66.5
10:00:00 PM,3,10,0,0,29,39,Friday,normal,22:00:00,22,97.0,0.7436,0.2564,0,0,-0.5,0.866,Night,0,0.0,0.8969,0.58,53.5,71.25
10:15:00 PM,3,19,3,1,35,58,Friday,normal,22:15:00,22,128.5,0.6207,0.3276,0,0,-0.5,0.866,Night,0,0.05,0.8405,0.77,97.0,87.88
10:30:00 PM,3,10,4,0,30,44,Friday,normal,22:30:00,22,102.0,0.6818,0.2273,0,0,-0.5,0.866,Night,0,0.0,0.8824,0.61,128.5,95.25
10:45:00 PM,3,12,3,1,25,41,Friday,normal,22:45:00,22,91.5,0.6341,0.2927,0,0,-0.5,0.866,Night,0,0.0769,0.8525,0.54,102.0,104.75
11:00:00 PM,3,12,1,0,40,53,Friday,normal,23:00:00,23,132.5,0.7547,0.2264,0,0,-0.2588,0.9659,Night,0,0.0,0.9057,0.79,91.5,113.62
11:15:00 PM,3,20,2,0,19,41,Friday,normal,23:15:00,23,78.0,0.4634,0.4878,0,0,-0.2588,0.9659,Night,0,0.0,0.7308,0.46,132.5,101.0
11:30:00 PM,3,18,4,1,11,34,Friday,low,23:30:00,23,56.0,0.3529,0.5294,0,0,-0.2588,0.9659,Night,0,0.0526,0.6429,0.33,78.0,89.5
11:45:00 PM,3,19,1,1,37,58,Friday,normal,23:45:00,23,133.5,0.6552,0.3276,0,0,-0.2588,0.9659,Night,0,0.05,0.8539,0.79,56.0,100.0
12:00:00 AM,4,13,2,0,25,40,Saturday,normal,00:00:00,0,89.0,0.625,0.325,0,1,0.0,1.0,Night,0,0.0,0.8427,0.53,89.0,89.0
12:15:00 AM,4,16,4,1,15,36,Saturday,normal,00:15:00,0,66.0,0.4444,0.4444,0,1,0.0,1.0,Night,0,0.0588,0.7273,0.39,89.0,77.5
12:30:00 AM,4,10,4,1,16,31,Saturday,normal,00:30:00,0,63.0,0.5484,0.3226,0,1,0.0,1.0,Night,0,0.0909,0.8095,0.38,66.0,72.67
12:45:00 AM,4,18,3,0,19,40,Saturday,normal,00:45:00,0,76.5,0.475,0.45,0,1,0.0,1.0,Night,0,0.0,0.7451,0.46,63.0,73.62
1:00:00 AM,4,15,5,0,10,30,Saturday,low,01:00:00,1,47.5,0.3333,0.5,0,1,0.2588,0.9659,Night,0,0.0,0.6316,0.28,76.5,63.25
1:15:00 AM,4,14,2,1,22,39,Saturday,normal,01:15:00,1,84.0,0.5897,0.359,0,1,0.2588,0.9659,Night,0,0.0667,0.8214,0.5,47.5,67.75
1:30:00 AM,4,15,0,0,15,30,Saturday,normal,01:30:00,1,60.0,0.5,0.5,0,1,0.2588,0.9659,Night,0,0.0,0.75,0.36,84.0,67.0
1:45:00 AM,4,17,5,0,21,43,Saturday,normal,01:45:00,1,82.5,0.4884,0.3953,0,1,0.2588,0.9659,Night,0,0.0,0.7636,0.49,60.0,68.5
2:00:00 AM,4,14,0,1,12,27,Saturday,low,02:00:00,2,53.0,0.4815,0.5185,0,1,0.5,0.866,Night,0,0.0667,0.7358,0.32,82.5,69.88
2:15:00 AM,4,10,1,0,11,22,Saturday,low,02:15:00,2,43.5,0.5,0.4545,0,1,0.5,0.866,Night,0,0.0,0.7586,0.26,53.0,59.75
2:30:00 AM,4,18,5,0,18,41,Saturday,normal,02:30:00,2,74.5,0.439,0.439,0,1,0.5,0.866,Night,0,0.0,0.7248,0.44,43.5,63.38
2:45:00 AM,4,12,4,0,11,27,Saturday,low,02:45:00,2,47.0,0.4074,0.4444,0,1,0.5,0.866,Night,0,0.0,0.7021,0.28,74.5,54.5
3:00:00 AM,4,17,0,1,30,48,Saturday,normal,03:00:00,3,110.0,0.6458,0.3542,0,1,0.7071,0.7071,Night,0,0.0556,0.8455,0.65,47.0,68.75
3:15:00 AM,4,20,1,0,28,49,Saturday,normal,03:15:00,3,104.5,0.5714,0.4082,0,1,0.7071,0.7071,Night,0,0.0,0.8038,0.62,110.0,84.0
3:30:00 AM,4,19,5,1,38,63,Saturday,normal,03:30:00,3,138.5,0.619,0.3016,0,1,0.7071,0.7071,Night,0,0.05,0.8448,0.82,104.5,100.0
3:45:00 AM,4,15,0,0,36,51,Saturday,normal,03:45:00,3,123.0,0.7059,0.2941,0,1,0.7071,0.7071,Night,0,0.0,0.878,0.73,138.5,119.0
4:00:00 AM,4,10,2,0,30,42,Saturday,normal,04:00:00,4,101.0,0.7143,0.2381,0,1,0.866,0.5,Night,0,0.0,0.8911,0.6,123.0,116.75
4:15:00 AM,4,74,4,4,13,95,Saturday,normal,04:15:00,4,127.0,0.1789,0.7789,0,1,0.866,0.5,Night,0,0.0533,0.4016,0.76,101.0,122.38
4:30:00 AM,4,96,29,6,17,148,Saturday,normal,04:30:00,4,179.5,0.1554,0.6486,0,1,0.866,0.5,Night,0,0.0619,0.3844,1.07,127.0,132.62
4:45:00 AM,4,109,16,6,12,143,Saturday,normal,04:45:00,4,171.0,0.1259,0.7622,0,1,0.866,0.5,Night,0,0.0545,0.3158,1.02,179.5,144.62
5:00:00 AM,4,113,6,9,10,138,Saturday,normal,05:00:00,5,173.0,0.1377,0.8188,0,1,0.9659,0.2588,Morning,0,0.0789,0.3295,1.03,171.0,162.62
5:15:00 AM,4,90,24,8,20,142,Saturday,normal,05:15:00,5,186.0,0.1972,0.6338,0,1,0.9659,0.2588,Morning,0,0.0879,0.4516,1.11,173.0,177.38
5:30:00 AM,4,106,19,10,17,152,Saturday,normal,05:30:00,5,196.5,0.1776,0.6974,0,1,0.9659,0.2588,Morning,0,0.0935,0.4122,1.17,186.0,181.62
5:45:00 AM,4,96,7,6,4,113,Saturday,normal,05:45:00,5,129.5,0.0885,0.8496,0,1,0.9659,0.2588,Morning,0,0.0619,0.2317,0.77,196.5,171.25
6:00:00 AM,4,102,21,42,3,168,Saturday,heavy,06:00:00,6,247.5,0.2679,0.6071,1,1,1.0,0.0,Morning,0,0.4078,0.5455,1.47,129.5,189.88
6:15:00 AM,4,140,35,50,0,225,Saturday,heavy,06:15:00,6,307.5,0.2222,0.6222,1,1,1.0,0.0,Morning,0,0.3546,0.4878,1.83,247.5,220.25
6:30:00 AM,4,105,33,29,4,171,Saturday,heavy,06:30:00,6,220.5,0.193,0.614,1,1,1.0,0.0,Morning,0,0.2736,0.449,1.31,307.5,226.25
6:45:00 AM,4,134,26,27,1,188,Saturday,heavy,06:45:00,6,231.0,0.1489,0.7128,1,1,1.0,0.0,Morning,0,0.2,0.3636,1.38,220.5,251.62
7:00:00 AM,4,123,35,45,1,204,Saturday,heavy,07:00:00,7,278.5,0.2255,0.6029,1,1,0.9659,-0.2588,Morning,0,0.3629,0.4955,1.66,231.0,259.38
7:15:00 AM,4,128,31,26,0,185,Saturday,heavy,07:15:00,7,221.5,0.1405,0.6919,1,1,0.9659,-0.2588,Morning,0,0.2016,0.3521,1.32,278.5,237.88
7:30:00 AM,4,105,32,43,0,180,Saturday,heavy,07:30:00,7,250.0,0.2389,0.5833,1,1,0.9659,-0.2588,Morning,0,0.4057,0.516,1.49,221.5,245.25
7:45:00 AM,4,137,13,31,5,186,Saturday,heavy,07:45:00,7,251.5,0.1935,0.7366,1,1,0.9659,-0.2588,Morning,0,0.2246,0.4294,1.5,250.0,250.38
8:00:00 AM,4,148,37,46,2,233,Saturday,heavy,08:00:00,8,310.5,0.206,0.6352,1,1,0.866,-0.5,Morning,1,0.3087,0.4638,1.85,251.5,258.38
8:15:00 AM,4,105,14,35,2,156,Saturday,high,08:15:00,8,223.0,0.2372,0.6731,1,1,0.866,-0.5,Morning,1,0.3302,0.4978,1.33,310.5,258.75
8:30:00 AM,4,148,17,42,5,212,Saturday,heavy,08:30:00,8,297.5,0.2217,0.6981,1,1,0.866,-0.5,Morning,1,0.2819,0.4739,1.77,223.0,270.62
8:45:00 AM,4,116,22,30,3,171,Saturday,heavy,08:45:00,8,226.0,0.193,0.6784,1,1,0.866,-0.5,Morning,1,0.2564,0.4381,1.35,297.5,264.25
9:00:00 AM,4,143,28,46,1,218,Saturday,heavy,09:00:00,9,298.0,0.2156,0.656,0,1,0.7071,-0.7071,Morning,1,0.3194,0.4732,1.77,226.0,261.12
9:15:00 AM,4,30,24,13,13,80,Saturday,normal,09:15:00,9,120.0,0.325,0.375,0,1,0.7071,-0.7071,Morning,1,0.4194,0.65,0.71,298.0,235.38
9:30:00 AM,4,74,23,35,10,142,Saturday,high,09:30:00,9,220.5,0.3169,0.5211,0,1,0.7071,-0.7071,Morning,1,0.4667,0.6122,1.31,120.0,216.12
9:45:00 AM,4,67,5,36,17,125,Saturday,high,09:45:00,9,228.5,0.424,0.536,0,1,0.7071,-0.7071,Morning,1,0.5294,0.6958,1.36,220.5,216.75
10:00:00 AM,4,59,11,33,25,128,Saturday,high,10:00:00,10,238.5,0.4531,0.4609,0,1,0.5,-0.866,Morning,0,0.55,0.7296,1.42,228.5,201.88
10:15:00 AM,4,34,21,39,16,110,Saturday,normal,10:15:00,10,209.5,0.5,0.3091,0,1,0.5,-0.866,Morning,0,1.1143,0.7876,1.25,238.5,224.25
10:30:00 AM,4,72,24,10,9,115,Saturday,normal,10:30:00,10,141.0,0.1652,0.6261,0,1,0.5,-0.866,Morning,0,0.137,0.4043,0.84,209.5,204.38
10:45:00 AM,4,73,12,32,5,122,Saturday,high,10:45:00,10,190.0,0.3033,0.5984,0,1,0.5,-0.866,Morning,0,0.4324,0.5842,1.13,141.0,194.75
11:00:00 AM,4,26,8,8,24,66,Saturday,normal,11:00:00,11,126.0,0.4848,0.3939,0,1,0.2588,-0.9659,Morning,0,0.2963,0.7619,0.75,190.0,166.62
11:15:00 AM,4,47,5,7,28,87,Saturday,normal,11:15:00,11,154.5,0.4023,0.5402,0,1,0.2588,-0.9659,Morning,0,0.1458,0.6796,0.92,126.0,152.88
11:30:00 AM,4,33,10,6,29,78,Saturday,normal,11:30:00,11,143.0,0.4487,0.4231,0,1,0.2588,-0.9659,Morning,0,0.1765,0.7343,0.85,154.5,153.38
11:45:00 AM,4,39,8,13,20,80,Saturday,normal,11:45:00,11,142.0,0.4125,0.4875,0,1,0.2588,-0.9659,Morning,0,0.325,0.6972,0.85,143.0,141.38
12:00:00 PM,4,36,5,14,22,77,Saturday,normal,12:00:00,12,146.5,0.4675,0.4675,0,1,0.0,-1.0,Afternoon,0,0.3784,0.7372,0.87,142.0,146.5
12:15:00 PM,4,53,9,15,25,102,Saturday,normal,12:15:00,12,177.5,0.3922,0.5196,0,1,0.0,-1.0,Afternoon,0,0.2778,0.6761,1.06,146.5,152.25
12:30:00 PM,4,37,9,10,30,86,Saturday,normal,12:30:00,12,161.5,0.4651,0.4302,0,1,0.0,-1.0,Afternoon,0,0.2632,0.743,0.96,177.5,156.88
12:45:00 PM,4,54,8,4,27,93,Saturday,normal,12:45:00,12,151.0,0.3333,0.5806,0,1,0.0,-1.0,Afternoon,0,0.0727,0.6159,0.9,161.5,159.12
1:00:00 PM,4,20,8,15,26,69,Saturday,normal,13:00:00,13,147.0,0.5942,0.2899,0,1,-0.2588,-0.9659,Afternoon,0,0.7143,0.8367,0.88,151.0,159.25
1:15:00 PM,4,47,29,28,9,113,Saturday,high,13:15:00,13,172.5,0.3274,0.4159,0,1,-0.2588,-0.9659,Afternoon,0,0.5833,0.6435,1.03,147.0,158.0
1:30:00 PM,4,51,27,10,20,108,Saturday,normal,13:30:00,13,154.5,0.2778,0.4722,0,1,-0.2588,-0.9659,Afternoon,0,0.1923,0.5825,0.92,172.5,156.25
1:45:00 PM,4,114,11,40,20,185,Saturday,heavy,13:45:00,13,299.5,0.3243,0.6162,0,1,-0.2588,-0.9659,Afternoon,0,0.3478,0.601,1.78,154.5,193.38
2:00:00 PM,4,73,13,19,9,114,Saturday,normal,14:00:00,14,163.5,0.2456,0.6404,0,1,-0.5,-0.866,Afternoon,0,0.2568,0.5138,0.97,299.5,197.5
2:15:00 PM,4,28,19,27,5,79,Saturday,normal,14:15:00,14,133.5,0.4051,0.3544,0,1,-0.5,-0.866,Afternoon,0,0.931,0.7191,0.79,163.5,187.75
2:30:00 PM,4,105,20,20,11,156,Saturday,normal,14:30:00,14,208.0,0.1987,0.6731,0,1,-0.5,-0.866,Afternoon,0,0.1887,0.4471,1.24,133.5,201.12
2:45:00 PM,4,68,24,15,14,121,Saturday,normal,14:45:00,14,167.0,0.2397,0.562,0,1,-0.5,-0.866,Afternoon,0,0.2174,0.521,0.99,208.0,168.0
3:00:00 PM,4,112,16,30,11,169,Saturday,heavy,15:00:00,15,243.0,0.2426,0.6627,0,1,-0.7071,-0.7071,Afternoon,0,0.2655,0.5062,1.45,167.0,187.88
3:15:00 PM,4,120,30,28,15,193,Saturday,heavy,15:15:00,15,264.0,0.2228,0.6218,0,1,-0.7071,-0.7071,Afternoon,0,0.2314,0.4886,1.57,243.0,220.5
3:30:00 PM,4,38,27,12,18,95,Saturday,normal,15:30:00,15,141.5,0.3158,0.4,0,1,-0.7071,-0.7071,Afternoon,0,0.3077,0.636,0.84,264.0,203.88
3:45:00 PM,4,94,17,14,15,140,Saturday,normal,15:45:00,15,189.5,0.2071,0.6714,0,1,-0.7071,-0.7071,Afternoon,0,0.1474,0.4591,1.13,141.5,209.5
4:00:00 PM,4,107,28,45,8,188,Saturday,heavy,16:00:00,16,280.0,0.2819,0.5691,1,1,-0.866,-0.5,Afternoon,0,0.4167,0.5679,1.67,189.5,218.75
4:15:00 PM,4,100,16,49,7,172,Saturday,heavy,16:15:00,16,276.0,0.3256,0.5814,1,1,-0.866,-0.5,Afternoon,0,0.4851,0.6087,1.64,280.0,221.75
4:30:00 PM,4,145,15,20,9,189,Saturday,heavy,16:30:00,16,239.5,0.1534,0.7672,1,1,-0.866,-0.5,Afternoon,0,0.137,0.3633,1.43,276.0,246.25
4:45:00 PM,4,133,17,22,8,180,Saturday,heavy,16:45:00,16,231.5,0.1667,0.7389,1,1,-0.866,-0.5,Afternoon,0,0.1642,0.3888,1.38,239.5,256.75
5:00:00 PM,4,117,36,41,10,204,Saturday,heavy,17:00:00,17,288.0,0.25,0.5735,1,1,-0.9659,-0.2588,Evening,1,0.3475,0.5312,1.71,231.5,258.75
5:15:00 PM,4,113,26,26,8,173,Saturday,heavy,17:15:00,17,228.0,0.1965,0.6532,1,1,-0.9659,-0.2588,Evening,1,0.2281,0.4474,1.36,288.0,246.75
5:30:00 PM,4,101,20,21,9,151,Saturday,normal,17:30:00,17,201.0,0.1987,0.6689,1,1,-0.9659,-0.2588,Evening,1,0.2059,0.4478,1.2,228.0,237.12
5:45:00 PM,4,149,33,45,10,237,Saturday,heavy,17:45:00,17,330.5,0.2321,0.6287,1,1,-0.9659,-0.2588,Evening,1,0.3,0.4992,1.97,201.0,261.88
6:00:00 PM,4,134,35,26,7,202,Saturday,heavy,18:00:00,18,250.5,0.1634,0.6634,1,1,-1.0,-0.0,Evening,1,0.1926,0.3952,1.49,330.5,252.5
6:15:00 PM,4,106,11,45,9,171,Saturday,heavy,18:15:00,18,273.5,0.3158,0.6199,1,1,-1.0,-0.0,Evening,1,0.4206,0.5923,1.63,250.5,263.88
6:30:00 PM,4,121,37,34,6,198,Saturday,heavy,18:30:00,18,259.5,0.202,0.6111,1,1,-1.0,-0.0,Evening,1,0.2787,0.4624,1.54,273.5,278.5
6:45:00 PM,4,97,13,11,15,136,Saturday,normal,18:45:00,18,181.5,0.1912,0.7132,1,1,-1.0,-0.0,Evening,1,0.1122,0.4298,1.08,259.5,241.25
7:00:00 PM,4,91,17,18,29,155,Saturday,high,19:00:00,19,240.5,0.3032,0.5871,0,1,-0.9659,0.2588,Evening,1,0.1957,0.5863,1.43,181.5,238.75
7:15:00 PM,4,57,16,13,19,105,Saturday,normal,19:15:00,19,161.0,0.3048,0.5429,0,1,-0.9659,0.2588,Evening,1,0.2241,0.5963,0.96,240.5,210.62
7:30:00 PM,4,110,10,10,20,150,Saturday,normal,19:30:00,19,205.0,0.2,0.7333,0,1,-0.9659,0.2588,Evening,1,0.0901,0.439,1.22,161.0,197.0
7:45:00 PM,4,71,14,17,30,132,Saturday,high,19:45:00,19,219.0,0.3561,0.5379,0,1,-0.9659,0.2588,Evening,1,0.2361,0.6438,1.3,205.0,206.38
8:00:00 PM,4,89,25,20,24,158,Saturday,high,20:00:00,20,233.5,0.2785,0.5633,0,1,-0.866,0.5,Evening,0,0.2222,0.5653,1.39,219.0,204.62
8:15:00 PM,4,87,16,15,14,132,Saturday,normal,20:15:00,20,182.0,0.2197,0.6591,0,1,-0.866,0.5,Evening,0,0.1705,0.478,1.08,233.5,209.88
8:30:00 PM,4,106,12,16,9,143,Saturday,normal,20:30:00,20,187.0,0.1748,0.7413,0,1,-0.866,0.5,Evening,0,0.1495,0.4011,1.11,182.0,205.38
8:45:00 PM,4,78,10,19,20,127,Saturday,normal,20:45:00,20,200.0,0.3071,0.6142,0,1,-0.866,0.5,Evening,0,0.2405,0.585,1.19,187.0,200.62
9:00:00 PM,4,61,10,16,27,114,Saturday,high,21:00:00,21,195.0,0.3772,0.5351,0,1,-0.7071,0.7071,Evening,0,0.2581,0.6615,1.16,200.0,191.0
9:15:00 PM,4,74,19,15,24,132,Saturday,high,21:15:00,21,200.5,0.2955,0.5606,0,1,-0.7071,0.7071,Evening,0,0.2,0.5835,1.19,195.0,195.62
9:30:00 PM,4,56,20,11,25,112,Saturday,high,21:30:00,21,174.0,0.3214,0.5,0,1,-0.7071,0.7071,Evening,0,0.193,0.6207,1.04,200.5,192.38
9:45:00 PM,4,106,22,16,18,162,Saturday,normal,21:45:00,21,219.0,0.2099,0.6543,0,1,-0.7071,0.7071,Evening,0,0.1495,0.4658,1.3,174.0,197.12
10:00:00 PM,4,10,1,1,12,24,Saturday,low,22:00:00,22,49.5,0.5417,0.4167,0,1,-0.5,0.866,Night,0,0.0909,0.7879,0.29,219.0,160.75
10:15:00 PM,4,12,4,1,33,50,Saturday,normal,22:15:00,22,116.0,0.68,0.24,0,1,-0.5,0.866,Night,0,0.0769,0.8793,0.69,49.5,139.62
10:30:00 PM,4,16,4,0,16,36,Saturday,normal,22:30:00,22,66.0,0.4444,0.4444,0,1,-0.5,0.866,Night,0,0.0,0.7273,0.39,116.0,112.62
10:45:00 PM,4,18,1,0,18,37,Saturday,normal,22:45:00,22,72.5,0.4865,0.4865,0,1,-0.5,0.866,Night,0,0.0,0.7448,0.43,66.0,76.0
11:00:00 PM,4,19,2,0,36,57,Saturday,normal,23:00:00,23,128.0,0.6316,0.3333,0,1,-0.2588,0.9659,Night,0,0.0,0.8437,0.76,72.5,95.62
11:15:00 PM,4,18,4,1,35,58,Saturday,normal,23:15:00,23,128.0,0.6207,0.3103,0,1,-0.2588,0.9659,Night,0,0.0526,0.8437,0.76,128.0,98.62
11:30:00 PM,4,17,0,0,31,48,Saturday,normal,23:30:00,23,110.0,0.6458,0.3542,0,1,-0.2588,0.9659,Night,0,0.0,0.8455,0.65,128.0,109.62
11:45:00 PM,4,18,1,0,16,35,Saturday,normal,23:45:00,23,66.5,0.4571,0.5143,0,1,-0.2588,0.9659,Night,0,0.0,0.7218,0.4,110.0,108.12
12:00:00 AM,5,15,4,0,37,56,Sunday,normal,00:00:00,0,128.0,0.6607,0.2679,0,1,0.0,1.0,Night,0,0.0,0.8672,0.76,128.0,128.0
12:15:00 AM,5,11,5,0,14,30,Sunday,normal,00:15:00,0,55.5,0.4667,0.3667,0,1,0.0,1.0,Night,0,0.0,0.7568,0.33,128.0,91.75
12:30:00 AM,5,11,5,0,22,38,Sunday,normal,00:30:00,0,79.5,0.5789,0.2895,0,1,0.0,1.0,Night,0,0.0,0.8302,0.47,55.5,87.67
12:45:00 AM,5,12,2,1,37,52,Sunday,normal,00:45:00,0,127.0,0.7308,0.2308,0,1,0.0,1.0,Night,0,0.0769,0.8976,0.76,79.5,97.5
1:00:00 AM,5,18,1,1,34,54,Sunday,normal,01:00:00,1,123.5,0.6481,0.3333,0,1,0.2588,0.9659,Night,0,0.0526,0.8502,0.74,127.0,96.38
1:15:00 AM,5,19,1,0,11,31,Sunday,low,01:15:00,1,52.5,0.3548,0.6129,0,1,0.2588,0.9659,Night,0,0.0,0.6286,0.31,123.5,95.62
1:30:00 AM,5,11,4,1,26,42,Sunday,normal,01:30:00,1,94.0,0.6429,0.2619,0,1,0.2588,0.9659,Night,0,0.0833,0.8617,0.56,52.5,99.25
1:45:00 AM,5,18,3,0,28,49,Sunday,normal,01:45:00,1,103.5,0.5714,0.3673,0,1,0.2588,0.9659,Night,0,0.0,0.8116,0.62,94.0,93.38
2:00:00 AM,5,12,4,1,37,54,Sunday,normal,02:00:00,2,128.0,0.7037,0.2222,0,1,0.5,0.866,Night,0,0.0769,0.8906,0.76,103.5,94.5
2:15:00 AM,5,11,1,1,29,42,Sunday,normal,02:15:00,2,101.5,0.7143,0.2619,0,1,0.5,0.866,Night,0,0.0833,0.8867,0.6,128.0,106.75
2:30:00 AM,5,19,5,1,29,54,Sunday,normal,02:30:00,2,111.5,0.5556,0.3519,0,1,0.5,0.866,Night,0,0.05,0.8072,0.66,101.5,111.12
2:45:00 AM,5,18,4,0,11,33,Sunday,low,02:45:00,2,53.0,0.3333,0.5455,0,1,0.5,0.866,Night,0,0.0,0.6226,0.32,111.5,98.5
3:00:00 AM,5,16,4,0,29,49,Sunday,normal,03:00:00,3,105.0,0.5918,0.3265,0,1,0.7071,0.7071,Night,0,0.0,0.8286,0.63,53.0,92.75
3:15:00 AM,5,19,4,1,33,57,Sunday,normal,03:15:00,3,123.0,0.5965,0.3333,0,1,0.7071,0.7071,Night,0,0.05,0.8293,0.73,105.0,98.12
3:30:00 AM,5,15,3,1,12,31,Sunday,low,03:30:00,3,55.5,0.4194,0.4839,0,1,0.7071,0.7071,Night,0,0.0625,0.7027,0.33,123.0,84.12
3:45:00 AM,5,16,4,1,28,49,Sunday,normal,03:45:00,3,105.0,0.5918,0.3265,0,1,0.7071,0.7071,Night,0,0.0588,0.8286,0.63,55.5,97.12
4:00:00 AM,5,11,4,0,20,35,Sunday,normal,04:00:00,4,73.0,0.5714,0.3143,0,1,0.866,0.5,Night,0,0.0,0.8219,0.43,105.0,89.12
4:15:00 AM,5,93,4,1,16,114,Sunday,normal,04:15:00,4,146.0,0.1491,0.8158,0,1,0.866,0.5,Night,0,0.0106,0.3493,0.87,73.0,94.88
4:30:00 AM,5,114,12,7,18,151,Sunday,normal,04:30:00,4,195.0,0.1656,0.755,0,1,0.866,0.5,Night,0,0.0609,0.3846,1.16,146.0,129.75
4:45:00 AM,5,56,7,5,20,88,Sunday,normal,04:45:00,4,134.5,0.2841,0.6364,0,1,0.866,0.5,Night,0,0.0877,0.5576,0.8,195.0,137.12
5:00:00 AM,5,92,23,3,19,137,Sunday,normal,05:00:00,5,169.5,0.1606,0.6715,0,1,0.9659,0.2588,Morning,0,0.0323,0.3894,1.01,134.5,161.25
5:15:00 AM,5,99,6,6,7,118,Sunday,normal,05:15:00,5,141.0,0.1102,0.839,0,1,0.9659,0.2588,Morning,0,0.06,0.2766,0.84,169.5,160.0
5:30:00 AM,5,108,14,6,9,137,Sunday,normal,05:30:00,5,160.0,0.1095,0.7883,0,1,0.9659,0.2588,Morning,0,0.055,0.2812,0.95,141.0,151.25
5:45:00 AM,5,66,20,2,16,104,Sunday,normal,05:45:00,5,130.0,0.1731,0.6346,0,1,0.9659,0.2588,Morning,0,0.0299,0.4154,0.77,160.0,150.12
6:00:00 AM,5,147,26,44,5,222,Sunday,heavy,06:00:00,6,307.0,0.2207,0.6622,1,1,1.0,0.0,Morning,0,0.2973,0.4788,1.83,130.0,184.5
6:15:00 AM,5,139,27,29,1,196,Sunday,heavy,06:15:00,6,242.5,0.1531,0.7092,1,1,1.0,0.0,Morning,0,0.2071,0.3711,1.44,307.0,209.88
6:30:00 AM,5,119,31,36,5,191,Sunday,heavy,06:30:00,6,257.5,0.2147,0.623,1,1,1.0,0.0,Morning,0,0.3,0.4777,1.53,242.5,234.25
6:45:00 AM,5,114,30,21,2,167,Sunday,normal,06:45:00,6,198.0,0.1377,0.6826,1,1,1.0,0.0,Morning,0,0.1826,0.3485,1.18,257.5,251.25
7:00:00 AM,5,103,27,21,4,155,Sunday,normal,07:00:00,7,191.5,0.1613,0.6645,1,1,0.9659,-0.2588,Morning,0,0.2019,0.3916,1.14,198.0,222.38
7:15:00 AM,5,105,17,29,4,155,Sunday,high,07:15:00,7,212.5,0.2129,0.6774,1,1,0.9659,-0.2588,Morning,0,0.2736,0.4659,1.27,191.5,214.88
7:30:00 AM,5,124,29,41,1,195,Sunday,heavy,07:30:00,7,264.5,0.2154,0.6359,1,1,0.9659,-0.2588,Morning,0,0.328,0.4764,1.57,212.5,216.62
7:45:00 AM,5,118,19,34,1,172,Sunday,heavy,07:45:00,7,232.5,0.2035,0.686,1,1,0.9659,-0.2588,Morning,0,0.2857,0.4516,1.38,264.5,225.25
8:00:00 AM,5,101,37,32,0,170,Sunday,heavy,08:00:00,8,215.5,0.1882,0.5941,1,1,0.866,-0.5,Morning,1,0.3137,0.4455,1.28,232.5,231.25
8:15:00 AM,5,109,11,48,1,169,Sunday,heavy,08:15:00,8,261.5,0.2899,0.645,1,1,0.866,-0.5,Morning,1,0.4364,0.5621,1.56,215.5,243.5
8:30:00 AM,5,143,12,23,3,181,Sunday,heavy,08:30:00,8,227.0,0.1436,0.7901,1,1,0.866,-0.5,Morning,1,0.1597,0.3436,1.35,261.5,234.12
8:45:00 AM,5,143,40,30,0,213,Sunday,heavy,08:45:00,8,253.0,0.1408,0.6714,1,1,0.866,-0.5,Morning,1,0.2083,0.3557,1.51,227.0,239.25
9:00:00 AM,5,128,16,34,0,178,Sunday,heavy,09:00:00,9,238.0,0.191,0.7191,0,1,0.7071,-0.7071,Morning,1,0.2636,0.4286,1.42,253.0,244.88
9:15:00 AM,5,14,25,14,16,69,Sunday,normal,09:15:00,9,116.5,0.4348,0.2029,0,1,0.7071,-0.7071,Morning,1,0.9333,0.7725,0.69,238.0,208.62
9:30:00 AM,5,99,10,11,15,135,Sunday,normal,09:30:00,9,182.0,0.1926,0.7333,0,1,0.7071,-0.7071,Morning,1,0.11,0.4286,1.08,116.5,197.38
9:45:00 AM,5,67,1,22,14,104,Sunday,normal,09:45:00,9,175.5,0.3462,0.6442,0,1,0.7071,-0.7071,Morning,1,0.3235,0.6154,1.04,182.0,178.0
10:00:00 AM,5,42,2,29,9,82,Sunday,normal,10:00:00,10,157.0,0.4634,0.5122,0,1,0.5,-0.866,Morning,0,0.6744,0.7261,0.93,175.5,157.75
10:15:00 AM,5,92,3,33,21,149,Sunday,high,10:15:00,10,255.5,0.3624,0.6174,0,1,0.5,-0.866,Morning,0,0.3548,0.6341,1.52,157.0,192.5
10:30:00 AM,5,91,16,28,9,144,Sunday,high,10:30:00,10,210.0,0.2569,0.6319,0,1,0.5,-0.866,Morning,0,0.3043,0.5286,1.25,255.5,199.5
10:45:00 AM,5,25,9,10,28,72,Sunday,normal,10:45:00,10,143.5,0.5278,0.3472,0,1,0.5,-0.866,Morning,0,0.3846,0.7944,0.85,210.0,191.5
11:00:00 AM,5,37,5,12,29,83,Sunday,normal,11:00:00,11,162.5,0.494,0.4458,0,1,0.2588,-0.9659,Morning,0,0.3158,0.7569,0.97,143.5,192.88
11:15:00 AM,5,55,6,12,29,102,Sunday,normal,11:15:00,11,181.0,0.402,0.5392,0,1,0.2588,-0.9659,Morning,0,0.2143,0.6796,1.08,162.5,174.25
11:30:00 AM,5,49,8,8,26,91,Sunday,normal,11:30:00,11,155.0,0.3736,0.5385,0,1,0.2588,-0.9659,Morning,0,0.16,0.6581,0.92,181.0,160.5
11:45:00 AM,5,69,9,3,20,101,Sunday,normal,11:45:00,11,142.5,0.2277,0.6832,0,1,0.2588,-0.9659,Morning,0,0.0429,0.4842,0.85,155.0,160.25
12:00:00 PM,5,38,6,6,24,74,Sunday,normal,12:00:00,12,131.0,0.4054,0.5135,0,1,0.0,-1.0,Afternoon,0,0.1538,0.687,0.78,142.5,152.38
12:15:00 PM,5,40,8,12,21,81,Sunday,normal,12:15:00,12,143.0,0.4074,0.4938,0,1,0.0,-1.0,Afternoon,0,0.2927,0.6923,0.85,131.0,142.88
12:30:00 PM,5,53,5,3,20,81,Sunday,normal,12:30:00,12,124.5,0.284,0.6543,0,1,0.0,-1.0,Afternoon,0,0.0556,0.5542,0.74,143.0,135.25
12:45:00 PM,5,21,8,4,28,61,Sunday,normal,12:45:00,12,121.0,0.5246,0.3443,0,1,0.0,-1.0,Afternoon,0,0.1818,0.7934,0.72,124.5,129.88
1:00:00 PM,5,24,7,4,20,55,Sunday,normal,13:00:00,13,99.5,0.4364,0.4364,0,1,-0.2588,-0.9659,Afternoon,0,0.16,0.7236,0.59,121.0,122.0
1:15:00 PM,5,47,24,24,9,104,Sunday,normal,13:15:00,13,158.0,0.3173,0.4519,0,1,-0.2588,-0.9659,Afternoon,0,0.5,0.6266,0.94,99.5,125.75
1:30:00 PM,5,90,30,32,8,160,Sunday,high,13:30:00,13,225.0,0.25,0.5625,0,1,-0.2588,-0.9659,Afternoon,0,0.3516,0.5333,1.34,158.0,150.88
1:45:00 PM,5,120,21,22,14,177,Sunday,heavy,13:45:00,13,238.5,0.2034,0.678,0,1,-0.2588,-0.9659,Afternoon,0,0.1818,0.4528,1.42,225.0,180.25
2:00:00 PM,5,120,12,40,13,185,Sunday,heavy,14:00:00,14,285.0,0.2865,0.6486,0,1,-0.5,-0.866,Afternoon,0,0.3306,0.5579,1.7,238.5,226.62
2:15:00 PM,5,66,14,21,7,108,Sunday,normal,14:15:00,14,157.0,0.2593,0.6111,0,1,-0.5,-0.866,Afternoon,0,0.3134,0.535,0.93,285.0,226.38
2:30:00 PM,5,89,24,12,6,131,Sunday,normal,14:30:00,14,155.0,0.1374,0.6794,0,1,-0.5,-0.866,Afternoon,0,0.1333,0.3484,0.92,157.0,208.88
2:45:00 PM,5,80,17,16,5,118,Sunday,normal,14:45:00,14,151.5,0.178,0.678,0,1,-0.5,-0.866,Afternoon,0,0.1975,0.4158,0.9,155.0,187.12
3:00:00 PM,5,114,21,10,9,154,Sunday,normal,15:00:00,15,181.5,0.1234,0.7403,0,1,-0.7071,-0.7071,Afternoon,0,0.087,0.314,1.08,151.5,161.25
3:15:00 PM,5,94,20,7,10,131,Sunday,normal,15:15:00,15,155.0,0.1298,0.7176,0,1,-0.7071,-0.7071,Afternoon,0,0.0737,0.329,0.92,181.5,160.75
3:30:00 PM,5,70,18,28,5,121,Sunday,high,15:30:00,15,178.0,0.2727,0.5785,0,1,-0.7071,-0.7071,Afternoon,0,0.3944,0.5562,1.06,155.0,166.5
3:45:00 PM,5,56,17,15,8,96,Sunday,low,15:45:00,15,133.5,0.2396,0.5833,0,1,-0.7071,-0.7071,Afternoon,0,0.2632,0.5169,0.79,178.0,162.0
4:00:00 PM,5,141,15,20,6,182,Sunday,heavy,16:00:00,16,226.5,0.1429,0.7747,1,1,-0.866,-0.5,Afternoon,0,0.1408,0.3444,1.35,133.5,173.25
4:15:00 PM,5,150,19,46,7,222,Sunday,heavy,16:15:00,16,318.5,0.2387,0.6757,1,1,-0.866,-0.5,Afternoon,0,0.3046,0.4992,1.9,226.5,214.12
4:30:00 PM,5,119,37,22,8,186,Sunday,heavy,16:30:00,16,227.5,0.1613,0.6398,1,1,-0.866,-0.5,Afternoon,0,0.1833,0.3956,1.35,318.5,226.5
4:45:00 PM,5,144,14,44,5,207,Sunday,heavy,16:45:00,16,298.0,0.2367,0.6957,1,1,-0.866,-0.5,Afternoon,0,0.3034,0.4933,1.77,227.5,267.62
5:00:00 PM,5,110,25,46,6,187,Sunday,heavy,17:00:00,17,278.5,0.2781,0.5882,1,1,-0.9659,-0.2588,Evening,1,0.4144,0.5601,1.66,298.0,280.62
5:15:00 PM,5,138,15,31,10,194,Sunday,heavy,17:15:00,17,268.5,0.2113,0.7113,1,1,-0.9659,-0.2588,Evening,1,0.223,0.4581,1.6,278.5,268.12
5:30:00 PM,5,140,35,41,5,221,Sunday,heavy,17:30:00,17,295.5,0.2081,0.6335,1,1,-0.9659,-0.2588,Evening,1,0.2908,0.467,1.76,268.5,285.12
5:45:00 PM,5,103,24,28,8,163,Sunday,high,17:45:00,17,223.0,0.2209,0.6319,1,1,-0.9659,-0.2588,Evening,1,0.2692,0.4843,1.33,295.5,266.38
6:00:00 PM,5,142,27,30,5,204,Sunday,heavy,18:00:00,18,260.5,0.1716,0.6961,1,1,-1.0,-0.0,Evening,1,0.2098,0.4031,1.55,223.0,261.88
6:15:00 PM,5,149,13,22,9,193,Sunday,heavy,18:15:00,18,248.5,0.1606,0.772,1,1,-1.0,-0.0,Evening,1,0.1467,0.3742,1.48,260.5,256.88
6:30:00 PM,5,126,40,39,8,213,Sunday,heavy,18:30:00,18,287.0,0.2207,0.5915,1,1,-1.0,-0.0,Evening,1,0.3071,0.4913,1.71,248.5,254.75
6:45:00 PM,5,78,15,14,28,135,Sunday,high,18:45:00,18,211.5,0.3111,0.5778,1,1,-1.0,-0.0,Evening,1,0.1772,0.5957,1.26,287.0,251.88
7:00:00 PM,5,102,15,11,29,157,Sunday,high,19:00:00,19,229.5,0.2548,0.6497,0,1,-0.9659,0.2588,Evening,1,0.1068,0.5229,1.37,211.5,244.12
7:15:00 PM,5,96,22,20,12,150,Sunday,normal,19:15:00,19,203.0,0.2133,0.64,0,1,-0.9659,0.2588,Evening,1,0.2062,0.4729,1.21,229.5,232.75
7:30:00 PM,5,110,24,15,14,163,Sunday,normal,19:30:00,19,209.0,0.1779,0.6748,0,1,-0.9659,0.2588,Evening,1,0.1351,0.4163,1.24,203.0,213.25
7:45:00 PM,5,97,22,17,13,149,Sunday,normal,19:45:00,19,198.0,0.2013,0.651,0,1,-0.9659,0.2588,Evening,1,0.1735,0.4545,1.18,209.0,209.88
8:00:00 PM,5,53,19,11,18,101,Sunday,normal,20:00:00,20,149.5,0.2871,0.5248,0,1,-0.866,0.5,Evening,0,0.2037,0.5819,0.89,198.0,189.88
8:15:00 PM,5,82,8,17,29,136,Sunday,high,20:15:00,20,224.0,0.3382,0.6029,0,1,-0.866,0.5,Evening,0,0.2048,0.6161,1.33,149.5,195.12
8:30:00 PM,5,91,24,18,29,162,Sunday,high,20:30:00,20,244.0,0.2901,0.5617,0,1,-0.866,0.5,Evening,0,0.1957,0.5779,1.45,224.0,203.88
8:45:00 PM,5,102,6,14,35,157,Sunday,high,20:45:00,20,252.0,0.3121,0.6497,0,1,-0.866,0.5,Evening,0,0.1359,0.5833,1.5,244.0,217.38
9:00:00 PM,5,109,6,15,18,148,Sunday,normal,21:00:00,21,211.0,0.223,0.7365,0,1,-0.7071,0.7071,Evening,0,0.1364,0.4692,1.26,252.0,232.75
9:15:00 PM,5,78,16,13,27,134,Sunday,high,21:15:00,21,206.0,0.2985,0.5821,0,1,-0.7071,0.7071,Evening,0,0.1646,0.5825,1.23,211.0,228.25
9:30:00 PM,5,66,12,16,33,127,Sunday,high,21:30:00,21,219.0,0.3858,0.5197,0,1,-0.7071,0.7071,Evening,0,0.2388,0.6712,1.3,206.0,222.0
9:45:00 PM,5,100,17,15,22,154,Sunday,high,21:45:00,21,219.5,0.2403,0.6494,0,1,-0.7071,0.7071,Evening,0,0.1485,0.5057,1.31,219.0,213.88
10:00:00 PM,5,15,1,1,25,42,Sunday,normal,22:00:00,22,93.5,0.619,0.3571,0,1,-0.5,0.866,Night,0,0.0625,0.8342,0.56,219.5,184.5
10:15:00 PM,5,16,1,0,33,50,Sunday,normal,22:15:00,22,115.5,0.66,0.32,0,1,-0.5,0.866,Night,0,0.0,0.8571,0.69,93.5,161.88
10:30:00 PM,5,19,4,0,26,49,Sunday,normal,22:30:00,22,99.0,0.5306,0.3878,0,1,-0.5,0.866,Night,0,0.0,0.7879,0.59,115.5,131.88
10:45:00 PM,5,10,0,1,34,45,Sunday,normal,22:45:00,22,115.0,0.7778,0.2222,0,1,-0.5,0.866,Night,0,0.0909,0.913,0.68,99.0,105.75
11:00:00 PM,5,14,0,0,28,42,Sunday,normal,23:00:00,23,98.0,0.6667,0.3333,0,1,-0.2588,0.9659,Night,0,0.0,0.8571,0.58,115.0,106.88
11:15:00 PM,5,13,2,0,22,37,Sunday,normal,23:15:00,23,80.0,0.5946,0.3514,0,1,-0.2588,0.9659,Night,0,0.0,0.825,0.48,98.0,98.0
11:30:00 PM,5,18,5,1,20,44,Sunday,normal,23:30:00,23,83.5,0.4773,0.4091,0,1,-0.2588,0.9659,Night,0,0.0526,0.7545,0.5,80.0,94.12
11:45:00 PM,5,18,4,0,18,40,Sunday,normal,23:45:00,23,74.0,0.45,0.45,0,1,-0.2588,0.9659,Night,0,0.0,0.7297,0.44,83.5,83.88
12:00:00 AM,6,11,3,0,26,40,Monday,normal,00:00:00,0,90.5,0.65,0.275,0,0,0.0,1.0,Night,0,0.0,0.8619,0.54,90.5,90.5
12:15:00 AM,6,13,1,0,24,38,Monday,normal,00:15:00,0,85.5,0.6316,0.3421,0,0,0.0,1.0,Night,0,0.0,0.8421,0.51,90.5,88.0
12:30:00 AM,6,19,5,1,15,40,Monday,normal,00:30:00,0,69.5,0.4,0.475,0,0,0.0,1.0,Night,0,0.05,0.6906,0.41,85.5,81.83
12:45:00 AM,6,11,3,1,28,43,Monday,normal,00:45:00,0,99.5,0.6744,0.2558,0,0,0.0,1.0,Night,0,0.0833,0.8744,0.59,69.5,86.25
1:00:00 AM,6,11,1,1,40,53,Monday,normal,01:00:00,1,134.5,0.7736,0.2075,0,0,0.2588,0.9659,Night,0,0.0833,0.9145,0.8,99.5,97.25
1:15:00 AM,6,18,4,1,28,51,Monday,normal,01:15:00,1,107.0,0.5686,0.3529,0,0,0.2588,0.9659,Night,0,0.0526,0.8131,0.64,134.5,102.62
1:30:00 AM,6,15,2,1,16,34,Monday,normal,01:30:00,1,67.0,0.5,0.4412,0,0,0.2588,0.9659,Night,0,0.0625,0.7612,0.4,107.0,102.0
1:45:00 AM,6,20,0,0,27,47,Monday,normal,01:45:00,1,101.0,0.5745,0.4255,0,0,0.2588,0.9659,Night,0,0.0,0.802,0.6,67.0,102.38
2:00:00 AM,6,14,5,0,17,36,Monday,normal,02:00:00,2,67.5,0.4722,0.3889,0,0,0.5,0.866,Night,0,0.0,0.7556,0.4,101.0,85.62
2:15:00 AM,6,11,3,1,10,25,Monday,low,02:15:00,2,45.5,0.44,0.44,0,0,0.5,0.866,Night,0,0.0833,0.7253,0.27,67.5,70.25
2:30:00 AM,6,18,5,0,22,45,Monday,normal,02:30:00,2,86.5,0.4889,0.4,0,0,0.5,0.866,Night,0,0.0,0.763,0.51,45.5,75.12
2:45:00 AM,6,12,4,0,16,32,Monday,normal,02:45:00,2,62.0,0.5,0.375,0,0,0.5,0.866,Night,0,0.0,0.7742,0.37,86.5,65.38
3:00:00 AM,6,10,2,0,24,36,Monday,normal,03:00:00,3,83.0,0.6667,0.2778,0,0,0.7071,0.7071,Night,0,0.0,0.8675,0.49,62.0,69.25
3:15:00 AM,6,20,0,1,36,57,Monday,normal,03:15:00,3,131.0,0.6491,0.3509,0,0,0.7071,0.7071,Night,0,0.0476,0.8473,0.78,83.0,90.62
3:30:00 AM,6,20,1,0,29,50,Monday,normal,03:30:00,3,107.5,0.58,0.4,0,0,0.7071,0.7071,Night,0,0.0,0.8093,0.64,131.0,95.88
3:45:00 AM,6,16,4,0,24,44,Monday,normal,03:45:00,3,90.0,0.5455,0.3636,0,0,0.7071,0.7071,Night,0,0.0,0.8,0.54,107.5,102.88
4:00:00 AM,6,18,3,0,22,43,Monday,normal,04:00:00,4,85.5,0.5116,0.4186,0,0,0.866,0.5,Night,0,0.0,0.7719,0.51,90.0,103.5
4:15:00 AM,6,88,11,10,3,112,Monday,normal,04:15:00,4,132.5,0.1161,0.7857,0,0,0.866,0.5,Night,0,0.1124,0.2943,0.79,85.5,103.88
4:30:00 AM,6,114,5,9,7,135,Monday,normal,04:30:00,4,164.5,0.1185,0.8444,0,0,0.866,0.5,Night,0,0.0783,0.2918,0.98,132.5,118.12
4:45:00 AM,6,103,3,9,17,132,Monday,normal,04:45:00,4,182.5,0.197,0.7803,0,0,0.866,0.5,Night,0,0.0865,0.4274,1.09,164.5,141.25
5:00:00 AM,6,81,16,7,14,118,Monday,normal,05:00:00,5,152.0,0.178,0.6864,0,0,0.9659,0.2588,Morning,0,0.0854,0.4145,0.9,182.5,157.88
5:15:00 AM,6,94,1,9,3,107,Monday,low,05:15:00,5,130.5,0.1121,0.8785,0,0,0.9659,0.2588,Morning,0,0.0947,0.2759,0.78,152.0,157.38
5:30:00 AM,6,56,11,9,15,91,Monday,normal,05:30:00,5,133.5,0.2637,0.6154,0,0,0.9659,0.2588,Morning,0,0.1579,0.5393,0.79,130.5,149.62
5:45:00 AM,6,80,16,5,10,111,Monday,low,05:45:00,5,133.0,0.1351,0.7207,0,0,0.9659,0.2588,Morning,0,0.0617,0.3383,0.79,133.5,137.25
6:00:00 AM,6,138,35,47,4,224,Monday,heavy,06:00:00,6,308.5,0.2277,0.6161,1,0,1.0,0.0,Morning,0,0.3381,0.4959,1.84,133.0,176.38
6:15:00 AM,6,123,27,22,4,176,Monday,heavy,06:15:00,6,214.5,0.1477,0.6989,1,0,1.0,0.0,Morning,0,0.1774,0.3636,1.28,308.5,197.38
6:30:00 AM,6,114,30,36,2,182,Monday,heavy,06:30:00,6,243.0,0.2088,0.6264,1,0,1.0,0.0,Morning,0,0.313,0.4691,1.45,214.5,224.75
6:45:00 AM,6,122,30,37,2,191,Monday,heavy,06:45:00,6,254.0,0.2042,0.6387,1,0,1.0,0.0,Morning,0,0.3008,0.4606,1.51,243.0,255.0
7:00:00 AM,6,148,10,28,2,188,Monday,heavy,07:00:00,7,243.0,0.1596,0.7872,1,0,0.9659,-0.2588,Morning,0,0.1879,0.3704,1.45,254.0,238.62
7:15:00 AM,6,127,38,48,0,213,Monday,heavy,07:15:00,7,290.0,0.2254,0.5962,1,0,0.9659,-0.2588,Morning,0,0.375,0.4966,1.73,243.0,257.5
7:30:00 AM,6,113,32,44,1,190,Monday,heavy,07:30:00,7,264.0,0.2368,0.5947,1,0,0.9659,-0.2588,Morning,0,0.386,0.5114,1.57,290.0,262.75
7:45:00 AM,6,131,26,40,1,198,Monday,heavy,07:45:00,7,267.0,0.2071,0.6616,1,0,0.9659,-0.2588,Morning,0,0.303,0.4607,1.59,264.0,266.0
8:00:00 AM,6,108,27,44,5,184,Monday,heavy,08:00:00,8,268.5,0.2663,0.587,1,0,0.866,-0.5,Morning,1,0.4037,0.5475,1.6,267.0,272.38
8:15:00 AM,6,109,19,49,3,180,Monday,heavy,08:15:00,8,274.5,0.2889,0.6056,1,0,0.866,-0.5,Morning,1,0.4455,0.5683,1.63,268.5,268.5
8:30:00 AM,6,125,15,28,3,171,Monday,heavy,08:30:00,8,225.5,0.1813,0.731,1,0,0.866,-0.5,Morning,1,0.2222,0.4124,1.34,274.5,258.88
8:45:00 AM,6,139,30,35,4,208,Monday,heavy,08:45:00,8,271.0,0.1875,0.6683,1,0,0.866,-0.5,Morning,1,0.25,0.4317,1.61,225.5,259.88
9:00:00 AM,6,103,35,50,2,190,Monday,heavy,09:00:00,9,276.5,0.2737,0.5421,0,0,0.7071,-0.7071,Morning,1,0.4808,0.5642,1.65,271.0,261.88
9:15:00 AM,6,64,13,40,12,129,Monday,high,09:15:00,9,226.5,0.4031,0.4961,0,0,0.7071,-0.7071,Morning,1,0.6154,0.6887,1.35,276.5,249.88
9:30:00 AM,6,79,1,10,30,120,Monday,high,09:30:00,9,199.5,0.3333,0.6583,0,0,0.7071,-0.7071,Morning,1,0.125,0.6015,1.19,226.5,243.38
9:45:00 AM,6,50,2,7,14,73,Monday,normal,09:45:00,9,114.0,0.2877,0.6849,0,0,0.7071,-0.7071,Morning,1,0.1373,0.5526,0.68,199.5,204.12
10:00:00 AM,6,84,18,18,28,148,Monday,high,10:00:00,10,231.0,0.3108,0.5676,0,0,0.5,-0.866,Morning,0,0.2118,0.5974,1.38,114.0,192.75
10:15:00 AM,6,99,16,39,26,180,Monday,heavy,10:15:00,10,302.0,0.3611,0.55,0,0,0.5,-0.866,Morning,0,0.39,0.6457,1.8,231.0,211.62
10:30:00 AM,6,42,3,27,18,90,Monday,normal,10:30:00,10,178.5,0.5,0.4667,0,0,0.5,-0.866,Morning,0,0.6279,0.7563,1.06,302.0,206.38
10:45:00 AM,6,53,2,29,24,108,Monday,normal,10:45:00,10,213.0,0.4907,0.4907,0,0,0.5,-0.866,Morning,0,0.537,0.7465,1.27,178.5,231.12
11:00:00 AM,6,63,10,8,28,109,Monday,normal,11:00:00,11,176.0,0.3303,0.578,0,0,0.2588,-0.9659,Morning,0,0.125,0.6136,1.05,213.0,217.38
11:15:00 AM,6,24,8,3,20,55,Monday,normal,11:15:00,11,97.0,0.4182,0.4364,0,0,0.2588,-0.9659,Morning,0,0.12,0.7113,0.58,176.0,166.12
11:30:00 AM,6,46,8,6,26,86,Monday,normal,11:30:00,11,146.0,0.3721,0.5349,0,0,0.2588,-0.9659,Morning,0,0.1277,0.6575,0.87,97.0,158.0
11:45:00 AM,6,20,7,8,26,61,Monday,normal,11:45:00,11,125.5,0.5574,0.3279,0,0,0.2588,-0.9659,Morning,0,0.381,0.8127,0.75,146.0,136.12
12:00:00 PM,6,41,8,7,27,83,Monday,normal,12:00:00,12,147.0,0.4096,0.494,0,0,0.0,-1.0,Afternoon,0,0.1667,0.6939,0.88,125.5,128.88
12:15:00 PM,6,44,5,3,28,80,Monday,normal,12:15:00,12,139.5,0.3875,0.55,0,0,0.0,-1.0,Afternoon,0,0.0667,0.6667,0.83,147.0,139.5
12:30:00 PM,6,33,6,14,28,81,Monday,normal,12:30:00,12,162.0,0.5185,0.4074,0,0,0.0,-1.0,Afternoon,0,0.4118,0.7778,0.96,139.5,143.5
12:45:00 PM,6,30,9,7,25,71,Monday,normal,12:45:00,12,130.5,0.4507,0.4225,0,0,0.0,-1.0,Afternoon,0,0.2258,0.7356,0.78,162.0,144.75
1:00:00 PM,6,68,7,5,25,105,Monday,normal,13:00:00,13,161.5,0.2857,0.6476,0,0,-0.2588,-0.9659,Afternoon,0,0.0725,0.5573,0.96,130.5,148.38
1:15:00 PM,6,28,29,26,5,88,Monday,normal,13:15:00,13,135.5,0.3523,0.3182,0,0,-0.2588,-0.9659,Afternoon,0,0.8966,0.6863,0.81,161.5,147.38
1:30:00 PM,6,96,20,14,18,148,Monday,normal,13:30:00,13,202.0,0.2162,0.6486,0,0,-0.2588,-0.9659,Afternoon,0,0.1443,0.4752,1.2,135.5,157.38
1:45:00 PM,6,24,15,26,13,78,Monday,normal,13:45:00,13,148.5,0.5,0.3077,0,0,-0.2588,-0.9659,Afternoon,0,1.04,0.7879,0.88,202.0,161.88
2:00:00 PM,6,70,21,32,18,141,Monday,high,14:00:00,14,230.5,0.3546,0.4965,0,0,-0.5,-0.866,Afternoon,0,0.4507,0.6508,1.37,148.5,179.12
2:15:00 PM,6,49,21,11,20,101,Monday,normal,14:15:00,14,152.5,0.3069,0.4851,0,0,-0.5,-0.866,Afternoon,0,0.22,0.6098,0.91,230.5,183.38
2:30:00 PM,6,51,22,12,16,101,Monday,normal,14:30:00,14,146.0,0.2772,0.505,0,0,-0.5,-0.866,Afternoon,0,0.2308,0.5753,0.87,152.5,169.38
2:45:00 PM,6,84,12,15,15,126,Monday,normal,14:45:00,14,180.0,0.2381,0.6667,0,0,-0.5,-0.866,Afternoon,0,0.1765,0.5,1.07,146.0,177.25
3:00:00 PM,6,99,18,7,20,144,Monday,normal,15:00:00,15,189.0,0.1875,0.6875,0,0,-0.7071,-0.7071,Afternoon,0,0.07,0.4286,1.13,180.0,166.88
3:15:00 PM,6,106,10,9,8,133,Monday,normal,15:15:00,15,162.0,0.1278,0.797,0,0,-0.7071,-0.7071,Afternoon,0,0.0841,0.3148,0.96,189.0,169.25
3:30:00 PM,6,6,11,34,20,71,Monday,normal,15:30:00,15,173.5,0.7606,0.0845,0,0,-0.7071,-0.7071,Afternoon,0,4.8571,0.9337,1.03,162.0,176.12
3:45:00 PM,6,59,29,15,16,119,Monday,normal,15:45:00,15,166.5,0.2605,0.4958,0,0,-0.7071,-0.7071,Afternoon,0,0.25,0.5586,0.99,173.5,172.75
4:00:00 PM,6,139,25,41,5,210,Monday,heavy,16:00:00,16,289.5,0.219,0.6619,1,0,-0.866,-0.5,Afternoon,0,0.2929,0.4767,1.72,166.5,197.88
4:15:00 PM,6,109,12,49,6,176,Monday,heavy,16:15:00,16,280.0,0.3125,0.6193,1,0,-0.866,-0.5,Afternoon,0,0.4455,0.5893,1.67,289.5,227.38
4:30:00 PM,6,124,24,47,9,204,Monday,heavy,16:30:00,16,304.0,0.2745,0.6078,1,0,-0.866,-0.5,Afternoon,0,0.376,0.5526,1.81,280.0,260.0
4:45:00 PM,6,135,29,39,7,210,Monday,heavy,16:45:00,16,287.5,0.219,0.6429,1,0,-0.866,-0.5,Afternoon,0,0.2868,0.48,1.71,304.0,290.25
5:00:00 PM,6,137,15,37,7,196,Monday,heavy,17:00:00,17,276.5,0.2245,0.699,1,0,-0.9659,-0.2588,Evening,1,0.2681,0.4774,1.65,287.5,287.0
5:15:00 PM,6,119,28,46,9,202,Monday,heavy,17:15:00,17,298.0,0.2723,0.5891,1,0,-0.9659,-0.2588,Evening,1,0.3833,0.5537,1.77,276.5,291.5
5:30:00 PM,6,127,21,28,5,181,Monday,heavy,17:30:00,17,236.5,0.1823,0.7017,1,0,-0.9659,-0.2588,Evening,1,0.2188,0.4186,1.41,298.0,274.62
5:45:00 PM,6,109,37,44,9,199,Monday,heavy,17:45:00,17,286.5,0.2663,0.5477,1,0,-0.9659,-0.2588,Evening,1,0.4,0.555,1.71,236.5,274.38
6:00:00 PM,6,145,27,35,7,214,Monday,heavy,18:00:00,18,284.5,0.1963,0.6776,1,0,-1.0,-0.0,Evening,1,0.2397,0.4429,1.69,286.5,276.38
6:15:00 PM,6,133,36,28,6,203,Monday,heavy,18:15:00,18,253.0,0.1675,0.6552,1,0,-1.0,-0.0,Evening,1,0.209,0.4032,1.51,284.5,265.12
6:30:00 PM,6,138,19,36,5,198,Monday,heavy,18:30:00,18,270.5,0.2071,0.697,1,0,-1.0,-0.0,Evening,1,0.259,0.4547,1.61,253.0,273.62
6:45:00 PM,6,73,5,20,10,108,Monday,normal,18:45:00,18,165.5,0.2778,0.6759,1,0,-1.0,-0.0,Evening,1,0.2703,0.5438,0.99,270.5,243.38
7:00:00 PM,6,83,11,14,33,141,Monday,high,19:00:00,19,229.5,0.3333,0.5887,0,0,-0.9659,0.2588,Evening,1,0.1667,0.6144,1.37,165.5,229.62
7:15:00 PM,6,89,8,10,19,126,Monday,normal,19:15:00,19,180.0,0.2302,0.7063,0,0,-0.9659,0.2588,Evening,1,0.1111,0.4833,1.07,229.5,211.38
7:30:00 PM,6,99,19,18,24,160,Monday,high,19:30:00,19,234.5,0.2625,0.6188,0,0,-0.9659,0.2588,Evening,1,0.18,0.5373,1.4,180.0,202.38
7:45:00 PM,6,54,17,14,8,93,Monday,low,19:45:00,19,128.5,0.2366,0.5806,0,0,-0.9659,0.2588,Evening,1,0.2545,0.5136,0.77,234.5,193.12
8:00:00 PM,6,58,18,14,6,96,Monday,low,20:00:00,20,127.0,0.2083,0.6042,0,0,-0.866,0.5,Evening,0,0.2373,0.4724,0.76,128.5,167.5
8:15:00 PM,6,56,16,12,9,93,Monday,low,20:15:00,20,127.0,0.2258,0.6022,0,0,-0.866,0.5,Evening,0,0.2105,0.4961,0.76,127.0,154.25
8:30:00 PM,6,77,6,20,5,108,Monday,normal,20:30:00,20,155.0,0.2315,0.713,0,0,-0.866,0.5,Evening,0,0.2564,0.4839,0.92,127.0,134.38
8:45:00 PM,6,85,6,18,17,126,Monday,normal,20:45:00,20,193.0,0.2778,0.6746,0,0,-0.866,0.5,Evening,0,0.2093,0.544,1.15,155.0,150.5
9:00:00 PM,6,105,14,13,32,164,Monday,high,21:00:00,21,247.0,0.2744,0.6402,0,0,-0.7071,0.7071,Evening,0,0.1226,0.5466,1.47,193.0,180.5
9:15:00 PM,6,96,21,11,24,152,Monday,high,21:15:00,21,211.5,0.2303,0.6316,0,0,-0.7071,0.7071,Evening,0,0.1134,0.4965,1.26,247.0,201.62
9:30:00 PM,6,66,22,17,16,121,Monday,normal,21:30:00,21,176.0,0.2727,0.5455,0,0,-0.7071,0.7071,Evening,0,0.2537,0.5625,1.05,211.5,206.88
9:45:00 PM,6,88,15,19,14,136,Monday,normal,21:45:00,21,194.5,0.2426,0.6471,0,0,-0.7071,0.7071,Evening,0,0.2135,0.509,1.16,176.0,207.25
10:00:00 PM,6,16,1,1,24,42,Monday,normal,22:00:00,22,91.5,0.5952,0.381,0,0,-0.5,0.866,Night,0,0.0588,0.8197,0.54,194.5,168.38
10:15:00 PM,6,13,1,0,11,25,Monday,low,22:15:00,22,46.5,0.44,0.52,0,0,-0.5,0.866,Night,0,0.0,0.7097,0.28,91.5,127.12
10:30:00 PM,6,13,5,1,23,42,Monday,normal,22:30:00,22,87.5,0.5714,0.3095,0,0,-0.5,0.866,Night,0,0.0714,0.8229,0.52,46.5,105.0
10:45:00 PM,6,19,5,0,37,61,Monday,normal,22:45:00,22,132.5,0.6066,0.3115,0,0,-0.5,0.866,Night,0,0.0,0.8377,0.79,87.5,89.5
11:00:00 PM,6,19,1,0,31,51,Monday,normal,23:00:00,23,112.5,0.6078,0.3725,0,0,-0.2588,0.9659,Night,0,0.0,0.8267,0.67,132.5,94.75
11:15:00 PM,6,11,5,0,19,35,Monday,normal,23:15:00,23,70.5,0.5429,0.3143,0,0,-0.2588,0.9659,Night,0,0.0,0.8085,0.42,112.5,100.75
11:30:00 PM,6,18,3,0,32,53,Monday,normal,23:30:00,23,115.5,0.6038,0.3396,0,0,-0.2588,0.9659,Night,0,0.0,0.8312,0.69,70.5,107.75
11:45:00 PM,6,17,1,1,38,57,Monday,normal,23:45:00,23,134.5,0.6842,0.2982,0,0,-0.2588,0.9659,Night,0,0.0556,0.8699,0.8,115.5,108.25
12:00:00 AM,7,17,3,0,20,40,Tuesday,normal,00:00:00,0,78.5,0.5,0.425,0,0,0.0,1.0,Night,0,0.0,0.7643,0.47,78.5,78.5
12:15:00 AM,7,18,4,1,19,42,Tuesday,normal,00:15:00,0,80.0,0.4762,0.4286,0,0,0.0,1.0,Night,0,0.0526,0.75,0.48,78.5,79.25
12:30:00 AM,7,19,3,0,24,46,Tuesday,normal,00:30:00,0,92.5,0.5217,0.413,0,0,0.0,1.0,Night,0,0.0,0.7784,0.55,80.0,83.67
12:45:00 AM,7,16,3,0,15,34,Tuesday,normal,00:45:00,0,62.5,0.4412,0.4706,0,0,0.0,1.0,Night,0,0.0,0.72,0.37,92.5,78.38
1:00:00 AM,7,12,5,1,21,39,Tuesday,normal,01:00:00,1,80.5,0.5641,0.3077,0,0,0.2588,0.9659,Night,0,0.0769,0.8199,0.48,62.5,78.88
1:15:00 AM,7,17,3,0,36,56,Tuesday,normal,01:15:00,1,126.5,0.6429,0.3036,0,0,0.2588,0.9659,Night,0,0.0,0.8538,0.75,80.5,90.5
1:30:00 AM,7,19,4,1,21,45,Tuesday,normal,01:30:00,1,87.0,0.4889,0.4222,0,0,0.2588,0.9659,Night,0,0.05,0.7586,0.52,126.5,89.12
1:45:00 AM,7,13,5,0,20,38,Tuesday,normal,01:45:00,1,75.5,0.5263,0.3421,0,0,0.2588,0.9659,Night,0,0.0,0.7947,0.45,87.0,92.38
2:00:00 AM,7,14,0,1,37,52,Tuesday,normal,02:00:00,2,128.0,0.7308,0.2692,0,0,0.5,0.866,Night,0,0.0667,0.8906,0.76,75.5,104.25
2:15:00 AM,7,14,5,0,39,58,Tuesday,normal,02:15:00,2,133.5,0.6724,0.2414,0,0,0.5,0.866,Night,0,0.0,0.8764,0.79,128.0,106.0
2:30:00 AM,7,13,1,0,19,33,Tuesday,normal,02:30:00,2,70.5,0.5758,0.3939,0,0,0.5,0.866,Night,0,0.0,0.8085,0.42,133.5,101.88
2:45:00 AM,7,18,5,1,25,49,Tuesday,normal,02:45:00,2,98.5,0.5306,0.3673,0,0,0.5,0.866,Night,0,0.0526,0.7919,0.59,70.5,107.62
3:00:00 AM,7,15,1,1,15,32,Tuesday,normal,03:00:00,3,63.5,0.5,0.4688,0,0,0.7071,0.7071,Night,0,0.0625,0.7559,0.38,98.5,91.5
3:15:00 AM,7,19,2,0,30,51,Tuesday,normal,03:15:00,3,110.0,0.5882,0.3725,0,0,0.7071,0.7071,Night,0,0.0,0.8182,0.65,63.5,85.62
3:30:00 AM,7,18,2,1,27,48,Tuesday,normal,03:30:00,3,103.0,0.5833,0.375,0,0,0.7071,0.7071,Night,0,0.0526,0.8155,0.61,110.0,93.75
3:45:00 AM,7,13,1,0,38,52,Tuesday,normal,03:45:00,3,127.5,0.7308,0.25,0,0,0.7071,0.7071,Night,0,0.0,0.8941,0.76,103.0,101.0
4:00:00 AM,7,19,2,0,32,53,Tuesday,normal,04:00:00,4,116.0,0.6038,0.3585,0,0,0.866,0.5,Night,0,0.0,0.8276,0.69,127.5,114.12
4:15:00 AM,7,116,0,1,9,126,Tuesday,normal,04:15:00,4,146.0,0.0794,0.9206,0,0,0.866,0.5,Night,0,0.0085,0.2055,0.87,116.0,123.12
4:30:00 AM,7,60,12,8,15,95,Tuesday,normal,04:30:00,4,135.0,0.2421,0.6316,0,0,0.866,0.5,Night,0,0.1311,0.5111,0.8,146.0,131.12
4:45:00 AM,7,82,15,0,19,116,Tuesday,normal,04:45:00,4,146.5,0.1638,0.7069,0,0,0.866,0.5,Night,0,0.0,0.3891,0.87,135.0,135.88
5:00:00 AM,7,67,23,7,3,100,Tuesday,low,05:00:00,5,108.5,0.1,0.67,0,0,0.9659,0.2588,Morning,0,0.1029,0.2765,0.65,146.5,134.0
5:15:00 AM,7,59,27,10,18,114,Tuesday,normal,05:15:00,5,156.5,0.2456,0.5175,0,0,0.9659,0.2588,Morning,0,0.1667,0.5367,0.93,108.5,136.62
5:30:00 AM,7,66,6,9,5,86,Tuesday,low,05:30:00,5,111.0,0.1628,0.7674,0,0,0.9659,0.2588,Morning,0,0.1343,0.3784,0.66,156.5,130.62
5:45:00 AM,7,120,10,3,16,149,Tuesday,normal,05:45:00,5,182.0,0.1275,0.8054,0,0,0.9659,0.2588,Morning,0,0.0248,0.3132,1.08,111.0,139.5
6:00:00 AM,7,121,22,30,0,173,Tuesday,heavy,06:00:00,6,222.0,0.1734,0.6994,1,0,1.0,0.0,Morning,0,0.2459,0.4054,1.32,182.0,167.88
6:15:00 AM,7,130,27,39,5,201,Tuesday,heavy,06:15:00,6,275.5,0.2189,0.6468,1,0,1.0,0.0,Morning,0,0.2977,0.4791,1.64,222.0,197.62
6:30:00 AM,7,139,31,44,3,217,Tuesday,heavy,06:30:00,6,295.5,0.2166,0.6406,1,0,1.0,0.0,Morning,0,0.3143,0.4772,1.76,275.5,243.75
6:45:00 AM,7,129,14,43,5,191,Tuesday,heavy,06:45:00,6,280.0,0.2513,0.6754,1,0,1.0,0.0,Morning,0,0.3308,0.5143,1.67,295.5,268.25
7:00:00 AM,7,131,28,43,5,207,Tuesday,heavy,07:00:00,7,289.0,0.2319,0.6329,1,0,0.9659,-0.2588,Morning,0,0.3258,0.4983,1.72,280.0,285.0
7:15:00 AM,7,119,39,24,1,183,Tuesday,heavy,07:15:00,7,213.5,0.1366,0.6503,1,0,0.9659,-0.2588,Morning,0,0.2,0.3513,1.27,289.0,269.5
7:30:00 AM,7,142,25,34,5,206,Tuesday,heavy,07:30:00,7,271.5,0.1893,0.6893,1,0,0.9659,-0.2588,Morning,0,0.2378,0.4309,1.62,213.5,263.5
7:45:00 AM,7,123,22,22,3,170,Tuesday,heavy,07:45:00,7,209.0,0.1471,0.7235,1,0,0.9659,-0.2588,Morning,0,0.1774,0.3589,1.24,271.5,245.75
8:00:00 AM,7,106,19,38,4,167,Tuesday,normal,08:00:00,8,241.5,0.2515,0.6347,1,0,0.866,-0.5,Morning,1,0.3551,0.5217,1.44,209.0,233.88
8:15:00 AM,7,115,39,20,2,176,Tuesday,heavy,08:15:00,8,200.5,0.125,0.6534,1,0,0.866,-0.5,Morning,1,0.1724,0.3292,1.19,241.5,230.62
8:30:00 AM,7,111,17,32,1,161,Tuesday,high,08:30:00,8,218.5,0.205,0.6894,1,0,0.866,-0.5,Morning,1,0.2857,0.4531,1.3,200.5,217.38
8:45:00 AM,7,144,26,50,3,223,Tuesday,normal,08:45:00,8,316.0,0.2377,0.6457,1,0,0.866,-0.5,Morning,1,0.3448,0.5032,1.88,218.5,244.12
9:00:00 AM,7,126,31,48,2,207,Tuesday,heavy,09:00:00,9,291.5,0.2415,0.6087,0,0,0.7071,-0.7071,Morning,1,0.378,0.5146,1.74,316.0,256.62
9:15:00 AM,7,73,22,21,29,145,Tuesday,high,09:15:00,9,234.0,0.3448,0.5034,0,0,0.7071,-0.7071,Morning,1,0.2838,0.641,1.39,291.5,265.0
9:30:00 AM,7,28,7,25,18,78,Tuesday,normal,09:30:00,9,160.5,0.5513,0.359,0,0,0.7071,-0.7071,Morning,1,0.8621,0.8037,0.96,234.0,250.5
9:45:00 AM,7,31,10,40,9,90,Tuesday,normal,09:45:00,9,183.0,0.5444,0.3444,0,0,0.7071,-0.7071,Morning,1,1.25,0.8033,1.09,160.5,217.25
10:00:00 AM,7,51,14,33,14,112,Tuesday,high,10:00:00,10,199.0,0.4196,0.4554,0,0,0.5,-0.866,Morning,0,0.6346,0.7085,1.18,183.0,194.12
10:15:00 AM,7,22,7,39,23,91,Tuesday,normal,10:15:00,10,211.5,0.6813,0.2418,0,0,0.5,-0.866,Morning,0,1.6957,0.8794,1.26,199.0,188.5
10:30:00 AM,7,46,5,11,21,83,Tuesday,normal,10:30:00,10,144.5,0.3855,0.5542,0,0,0.5,-0.866,Morning,0,0.234,0.6644,0.86,211.5,184.5
10:45:00 AM,7,72,22,21,27,142,Tuesday,high,10:45:00,10,227.0,0.338,0.507,0,0,0.5,-0.866,Morning,0,0.2877,0.6344,1.35,144.5,195.5
11:00:00 AM,7,70,5,5,29,109,Tuesday,normal,11:00:00,11,174.5,0.3119,0.6422,0,0,0.2588,-0.9659,Morning,0,0.0704,0.5845,1.04,227.0,189.38
11:15:00 AM,7,28,9,9,24,70,Tuesday,normal,11:15:00,11,131.5,0.4714,0.4,0,0,0.2588,-0.9659,Morning,0,0.3103,0.7529,0.78,174.5,169.38
11:30:00 AM,7,44,5,11,23,83,Tuesday,normal,11:30:00,11,148.5,0.4096,0.5301,0,0,0.2588,-0.9659,Morning,0,0.2444,0.6869,0.88,131.5,170.38
11:45:00 AM,7,27,6,13,30,76,Tuesday,normal,11:45:00,11,159.0,0.5658,0.3553,0,0,0.2588,-0.9659,Morning,0,0.4643,0.8113,0.95,148.5,153.38
12:00:00 PM,7,20,6,6,23,55,Tuesday,normal,12:00:00,12,110.0,0.5273,0.3636,0,0,0.0,-1.0,Afternoon,0,0.2857,0.7909,0.65,159.0,137.25
12:15:00 PM,7,29,7,3,28,67,Tuesday,normal,12:15:00,12,125.5,0.4627,0.4328,0,0,0.0,-1.0,Afternoon,0,0.1,0.741,0.75,110.0,135.75
12:30:00 PM,7,20,6,5,27,58,Tuesday,normal,12:30:00,12,119.0,0.5517,0.3448,0,0,0.0,-1.0,Afternoon,0,0.2381,0.8067,0.71,125.5,128.38
12:45:00 PM,7,65,9,15,22,111,Tuesday,normal,12:45:00,12,180.5,0.3333,0.5856,0,0,0.0,-1.0,Afternoon,0,0.2273,0.615,1.07,119.0,133.75
1:00:00 PM,7,36,5,6,20,67,Tuesday,normal,13:00:00,13,116.5,0.3881,0.5373,0,0,-0.2588,-0.9659,Afternoon,0,0.1622,0.6695,0.69,180.5,135.38
1:15:00 PM,7,99,21,21,6,147,Tuesday,normal,13:15:00,13,190.5,0.1837,0.6735,0,0,-0.2588,-0.9659,Afternoon,0,0.21,0.4252,1.13,116.5,151.62
1:30:00 PM,7,101,21,34,18,174,Tuesday,heavy,13:30:00,13,267.5,0.2989,0.5805,0,0,-0.2588,-0.9659,Afternoon,0,0.3333,0.5832,1.59,190.5,188.75
1:45:00 PM,7,98,29,34,12,173,Tuesday,heavy,13:45:00,13,250.5,0.2659,0.5665,0,0,-0.2588,-0.9659,Afternoon,0,0.3434,0.5509,1.49,267.5,206.25
2:00:00 PM,7,113,20,7,13,153,Tuesday,normal,14:00:00,14,183.0,0.1307,0.7386,0,0,-0.5,-0.866,Afternoon,0,0.0614,0.3279,1.09,250.5,222.88
2:15:00 PM,7,75,24,27,7,133,Tuesday,high,14:15:00,14,189.0,0.2556,0.5639,0,0,-0.5,-0.866,Afternoon,0,0.3553,0.5397,1.13,183.0,222.5
2:30:00 PM,7,71,21,38,11,141,Tuesday,high,14:30:00,14,228.5,0.3475,0.5035,0,0,-0.5,-0.866,Afternoon,0,0.5278,0.6433,1.36,189.0,212.75
2:45:00 PM,7,119,13,32,7,171,Tuesday,heavy,14:45:00,14,242.5,0.2281,0.6959,0,0,-0.5,-0.866,Afternoon,0,0.2667,0.4825,1.44,228.5,210.75
3:00:00 PM,7,114,11,39,13,177,Tuesday,heavy,15:00:00,15,275.5,0.2938,0.6441,0,0,-0.7071,-0.7071,Afternoon,0,0.3391,0.5662,1.64,242.5,233.88
3:15:00 PM,7,99,26,8,11,144,Tuesday,normal,15:15:00,15,169.0,0.1319,0.6875,0,0,-0.7071,-0.7071,Afternoon,0,0.08,0.3373,1.01,275.5,228.88
3:30:00 PM,7,39,12,21,9,81,Tuesday,normal,15:30:00,15,135.0,0.3704,0.4815,0,0,-0.7071,-0.7071,Afternoon,0,0.525,0.6667,0.8,169.0,205.5
3:45:00 PM,7,114,26,16,20,176,Tuesday,heavy,15:45:00,15,235.0,0.2045,0.6477,0,0,-0.7071,-0.7071,Afternoon,0,0.1391,0.4596,1.4,135.0,203.62
4:00:00 PM,7,120,32,39,9,200,Tuesday,heavy,16:00:00,16,280.0,0.24,0.6,1,0,-0.866,-0.5,Afternoon,0,0.3223,0.5143,1.67,235.0,204.75
4:15:00 PM,7,143,24,35,6,208,Tuesday,heavy,16:15:00,16,278.0,0.1971,0.6875,1,0,-0.866,-0.5,Afternoon,0,0.2431,0.4424,1.66,280.0,232.0
4:30:00 PM,7,121,28,21,5,175,Tuesday,heavy,16:30:00,16,213.0,0.1486,0.6914,1,0,-0.866,-0.5,Afternoon,0,0.1721,0.3662,1.27,278.0,251.5
4:45:00 PM,7,134,23,28,10,195,Tuesday,heavy,16:45:00,16,259.5,0.1949,0.6872,1,0,-0.866,-0.5,Afternoon,0,0.2074,0.4393,1.54,213.0,257.62
5:00:00 PM,7,103,13,37,10,163,Tuesday,high,17:00:00,17,250.5,0.2883,0.6319,1,0,-0.9659,-0.2588,Evening,1,0.3558,0.5629,1.49,259.5,250.25
5:15:00 PM,7,122,12,48,10,192,Tuesday,heavy,17:15:00,17,302.0,0.3021,0.6354,1,0,-0.9659,-0.2588,Evening,1,0.3902,0.5762,1.8,250.5,256.25
5:30:00 PM,7,145,39,23,6,213,Tuesday,heavy,17:30:00,17,251.5,0.1362,0.6808,1,0,-0.9659,-0.2588,Evening,1,0.1575,0.3459,1.5,302.0,265.88
5:45:00 PM,7,105,13,48,10,176,Tuesday,heavy,17:45:00,17,285.5,0.3295,0.5966,1,0,-0.9659,-0.2588,Evening,1,0.4528,0.6095,1.7,251.5,272.38
6:00:00 PM,7,144,13,40,10,207,Tuesday,heavy,18:00:00,18,300.5,0.2415,0.6957,1,0,-1.0,-0.0,Evening,1,0.2759,0.4992,1.79,285.5,284.88
6:15:00 PM,7,103,18,40,5,166,Tuesday,high,18:15:00,18,247.0,0.2711,0.6205,1,0,-1.0,-0.0,Evening,1,0.3846,0.5466,1.47,300.5,271.12
6:30:00 PM,7,120,15,34,8,177,Tuesday,heavy,18:30:00,18,253.5,0.2373,0.678,1,0,-1.0,-0.0,Evening,1,0.281,0.497,1.51,247.0,271.62
6:45:00 PM,7,56,19,16,13,104,Tuesday,normal,18:45:00,18,152.5,0.2788,0.5385,1,0,-1.0,-0.0,Evening,1,0.2807,0.5705,0.91,253.5,238.38
7:00:00 PM,7,56,5,17,14,92,Tuesday,normal,19:00:00,19,151.5,0.337,0.6087,0,0,-0.9659,0.2588,Evening,1,0.2982,0.6139,0.9,152.5,201.12
7:15:00 PM,7,108,15,13,5,141,Tuesday,normal,19:15:00,19,169.5,0.1277,0.766,0,0,-0.9659,0.2588,Evening,1,0.1193,0.3186,1.01,151.5,181.75
7:30:00 PM,7,58,23,14,34,129,Tuesday,high,19:30:00,19,213.5,0.3721,0.4496,0,0,-0.9659,0.2588,Evening,1,0.2373,0.6745,1.27,169.5,171.75
7:45:00 PM,7,58,13,11,33,115,Tuesday,high,19:45:00,19,196.5,0.3826,0.5043,0,0,-0.9659,0.2588,Evening,1,0.1864,0.6718,1.17,213.5,182.75
8:00:00 PM,7,76,24,14,15,129,Tuesday,normal,20:00:00,20,175.0,0.2248,0.5891,0,0,-0.866,0.5,Evening,0,0.1818,0.4971,1.04,196.5,188.62
8:15:00 PM,7,69,8,13,28,118,Tuesday,high,20:15:00,20,196.0,0.3475,0.5847,0,0,-0.866,0.5,Evening,0,0.1857,0.6276,1.17,175.0,195.25
8:30:00 PM,7,54,9,12,10,85,Tuesday,low,20:30:00,20,124.5,0.2588,0.6353,0,0,-0.866,0.5,Evening,0,0.2182,0.5301,0.74,196.0,173.0
8:45:00 PM,7,89,7,10,10,116,Tuesday,normal,20:45:00,20,152.5,0.1724,0.7672,0,0,-0.866,0.5,Evening,0,0.1111,0.3934,0.91,124.5,162.0
9:00:00 PM,7,110,18,18,10,156,Tuesday,normal,21:00:00,21,203.0,0.1795,0.7051,0,0,-0.7071,0.7071,Evening,0,0.1622,0.4138,1.21,152.5,169.0
9:15:00 PM,7,86,12,17,18,133,Tuesday,normal,21:15:00,21,197.0,0.2632,0.6466,0,0,-0.7071,0.7071,Evening,0,0.1954,0.533,1.17,203.0,169.25
9:30:00 PM,7,82,7,16,9,114,Tuesday,normal,21:30:00,21,160.5,0.2193,0.7193,0,0,-0.7071,0.7071,Evening,0,0.1928,0.4673,0.96,197.0,178.25
9:45:00 PM,7,102,5,19,11,137,Tuesday,normal,21:45:00,21,194.5,0.219,0.7445,0,0,-0.7071,0.7071,Evening,0,0.1845,0.4627,1.16,160.5,188.75
10:00:00 PM,7,16,5,0,21,42,Tuesday,normal,22:00:00,22,81.5,0.5,0.381,0,0,-0.5,0.866,Night,0,0.0,0.773,0.49,194.5,158.38
10:15:00 PM,7,11,3,1,39,54,Tuesday,normal,22:15:00,22,132.5,0.7407,0.2037,0,0,-0.5,0.866,Night,0,0.0833,0.9057,0.79,81.5,142.25
10:30:00 PM,7,18,5,0,11,34,Tuesday,low,22:30:00,22,53.5,0.3235,0.5294,0,0,-0.5,0.866,Night,0,0.0,0.6168,0.32,132.5,115.5
10:45:00 PM,7,12,0,1,32,45,Tuesday,normal,22:45:00,22,111.0,0.7333,0.2667,0,0,-0.5,0.866,Night,0,0.0769,0.8919,0.66,53.5,94.62
11:00:00 PM,7,15,4,1,39,59,Tuesday,normal,23:00:00,23,137.0,0.678,0.2542,0,0,-0.2588,0.9659,Night,0,0.0625,0.8759,0.82,111.0,108.5
11:15:00 PM,7,15,4,0,26,45,Tuesday,normal,23:15:00,23,95.0,0.5778,0.3333,0,0,-0.2588,0.9659,Night,0,0.0,0.8211,0.57,137.0,99.12
11:30:00 PM,7,13,1,0,30,44,Tuesday,normal,23:30:00,23,103.5,0.6818,0.2955,0,0,-0.2588,0.9659,Night,0,0.0,0.8696,0.62,95.0,111.62
11:45:00 PM,7,12,3,0,28,43,Tuesday,normal,23:45:00,23,97.5,0.6512,0.2791,0,0,-0.2588,0.9659,Night,0,0.0,0.8615,0.58,103.5,108.25
12:00:00 AM,8,17,2,1,20,40,Wednesday,normal,00:00:00,0,81.0,0.525,0.425,0,0,0.0,1.0,Night,0,0.0556,0.7778,0.48,81.0,81.0
12:15:00 AM,8,14,5,1,33,53,Wednesday,normal,00:15:00,0,118.5,0.6415,0.2642,0,0,0.0,1.0,Night,0,0.0667,0.8608,0.71,81.0,99.75
12:30:00 AM,8,16,3,1,11,31,Wednesday,low,00:30:00,0,53.5,0.3871,0.5161,0,0,0.0,1.0,Night,0,0.0588,0.6729,0.32,118.5,84.33
12:45:00 AM,8,18,2,1,13,34,Wednesday,normal,00:45:00,0,61.0,0.4118,0.5294,0,0,0.0,1.0,Night,0,0.0526,0.6885,0.36,53.5,78.5
1:00:00 AM,8,12,2,1,17,32,Wednesday,normal,01:00:00,1,67.0,0.5625,0.375,0,0,0.2588,0.9659,Night,0,0.0769,0.806,0.4,61.0,75.0
1:15:00 AM,8,17,4,1,15,37,Wednesday,normal,01:15:00,1,67.0,0.4324,0.4595,0,0,0.2588,0.9659,Night,0,0.0556,0.7164,0.4,67.0,62.12
1:30:00 AM,8,18,1,1,25,45,Wednesday,normal,01:30:00,1,96.5,0.5778,0.4,0,0,0.2588,0.9659,Night,0,0.0526,0.8083,0.57,67.0,72.88
1:45:00 AM,8,20,1,1,10,32,Wednesday,low,01:45:00,1,53.5,0.3438,0.625,0,0,0.2588,0.9659,Night,0,0.0476,0.6168,0.32,96.5,71.0
2:00:00 AM,8,15,1,0,21,37,Wednesday,normal,02:00:00,2,78.5,0.5676,0.4054,0,0,0.5,0.866,Night,0,0.0,0.8025,0.47,53.5,73.88
2:15:00 AM,8,11,3,1,34,49,Wednesday,normal,02:15:00,2,117.5,0.7143,0.2245,0,0,0.5,0.866,Night,0,0.0833,0.8936,0.7,78.5,86.5
2:30:00 AM,8,19,0,1,13,33,Wednesday,normal,02:30:00,2,61.0,0.4242,0.5758,0,0,0.5,0.866,Night,0,0.05,0.6885,0.36,117.5,77.62
2:45:00 AM,8,10,3,0,14,27,Wednesday,normal,02:45:00,2,53.5,0.5185,0.3704,0,0,0.5,0.866,Night,0,0.0,0.785,0.32,61.0,77.62
3:00:00 AM,8,17,5,1,17,40,Wednesday,normal,03:00:00,3,73.5,0.45,0.425,0,0,0.7071,0.7071,Night,0,0.0556,0.7347,0.44,53.5,76.38
3:15:00 AM,8,16,1,0,11,28,Wednesday,low,03:15:00,3,49.5,0.3929,0.5714,0,0,0.7071,0.7071,Night,0,0.0,0.6667,0.29,73.5,59.38
3:30:00 AM,8,11,0,1,33,45,Wednesday,normal,03:30:00,3,113.0,0.7556,0.2444,0,0,0.7071,0.7071,Night,0,0.0833,0.9027,0.67,49.5,72.38
3:45:00 AM,8,10,5,0,39,54,Wednesday,normal,03:45:00,3,129.5,0.7222,0.1852,0,0,0.7071,0.7071,Night,0,0.0,0.9035,0.77,113.0,91.38
4:00:00 AM,8,12,3,0,32,47,Wednesday,normal,04:00:00,4,109.5,0.6809,0.2553,0,0,0.866,0.5,Night,0,0.0,0.8767,0.65,129.5,100.38
4:15:00 AM,8,106,16,10,10,142,Wednesday,normal,04:15:00,4,174.0,0.1408,0.7465,0,0,0.866,0.5,Night,0,0.0935,0.3448,1.04,109.5,131.5
4:30:00 AM,8,69,18,0,12,99,Wednesday,low,04:30:00,4,114.0,0.1212,0.697,0,0,0.866,0.5,Night,0,0.0,0.3158,0.68,174.0,131.75
4:45:00 AM,8,103,26,6,12,147,Wednesday,normal,04:45:00,4,170.0,0.1224,0.7007,0,0,0.866,0.5,Night,0,0.0577,0.3176,1.01,114.0,141.88
5:00:00 AM,8,99,25,6,6,136,Wednesday,normal,05:00:00,5,147.5,0.0882,0.7279,0,0,0.9659,0.2588,Morning,0,0.06,0.2441,0.88,170.0,151.38
5:15:00 AM,8,85,9,4,11,109,Wednesday,low,05:15:00,5,134.5,0.1376,0.7798,0,0,0.9659,0.2588,Morning,0,0.0465,0.3346,0.8,147.5,141.5
5:30:00 AM,8,109,0,3,8,120,Wednesday,normal,05:30:00,5,142.0,0.0917,0.9083,0,0,0.9659,0.2588,Morning,0,0.0273,0.2324,0.85,134.5,148.5
5:45:00 AM,8,106,27,1,6,140,Wednesday,normal,05:45:00,5,140.5,0.05,0.7571,0,0,0.9659,0.2588,Morning,0,0.0093,0.1495,0.84,142.0,141.12
6:00:00 AM,8,133,28,31,3,195,Wednesday,heavy,06:00:00,6,249.0,0.1744,0.6821,1,0,1.0,0.0,Morning,0,0.2313,0.4096,1.48,140.5,166.5
6:15:00 AM,8,108,39,34,5,186,Wednesday,heavy,06:15:00,6,244.5,0.2097,0.5806,1,0,1.0,0.0,Morning,0,0.3119,0.4785,1.46,249.0,194.0
6:30:00 AM,8,101,12,48,1,162,Wednesday,high,06:30:00,6,254.0,0.3025,0.6235,1,0,1.0,0.0,Morning,0,0.4706,0.5787,1.51,244.5,222.0
6:45:00 AM,8,145,11,29,1,186,Wednesday,heavy,06:45:00,6,240.5,0.1613,0.7796,1,0,1.0,0.0,Morning,0,0.1986,0.3742,1.43,254.0,247.0
7:00:00 AM,8,112,33,29,3,177,Wednesday,heavy,07:00:00,7,224.5,0.1808,0.6328,1,0,0.9659,-0.2588,Morning,0,0.2566,0.4276,1.34,240.5,240.88
7:15:00 AM,8,111,18,32,4,165,Wednesday,high,07:15:00,7,228.0,0.2182,0.6727,1,0,0.9659,-0.2588,Morning,0,0.2857,0.4737,1.36,224.5,236.75
7:30:00 AM,8,133,39,44,2,218,Wednesday,heavy,07:30:00,7,290.5,0.211,0.6101,1,0,0.9659,-0.2588,Morning,0,0.3284,0.475,1.73,228.0,245.88
7:45:00 AM,8,115,34,37,5,191,Wednesday,heavy,07:45:00,7,258.0,0.2199,0.6021,1,0,0.9659,-0.2588,Morning,0,0.319,0.4884,1.54,290.5,250.25
8:00:00 AM,8,135,35,38,3,211,Wednesday,heavy,08:00:00,8,275.5,0.1943,0.6398,1,0,0.866,-0.5,Morning,1,0.2794,0.4465,1.64,258.0,263.0
8:15:00 AM,8,142,40,28,3,213,Wednesday,heavy,08:15:00,8,255.0,0.1455,0.6667,1,0,0.866,-0.5,Morning,1,0.1958,0.3647,1.52,275.5,269.75
8:30:00 AM,8,124,11,27,2,164,Wednesday,high,08:30:00,8,216.5,0.1768,0.7561,1,0,0.866,-0.5,Morning,1,0.216,0.4018,1.29,255.0,251.25
8:45:00 AM,8,122,29,31,5,187,Wednesday,heavy,08:45:00,8,244.5,0.1925,0.6524,1,0,0.866,-0.5,Morning,1,0.252,0.4417,1.46,216.5,247.88
9:00:00 AM,8,101,19,23,5,148,Wednesday,normal,09:00:00,9,194.5,0.1892,0.6824,0,0,0.7071,-0.7071,Morning,1,0.2255,0.4319,1.16,244.5,227.62
9:15:00 AM,8,72,5,15,20,112,Wednesday,normal,09:15:00,9,179.5,0.3125,0.6429,0,0,0.7071,-0.7071,Morning,1,0.2055,0.585,1.07,194.5,208.75
9:30:00 AM,8,100,13,23,9,145,Wednesday,normal,09:30:00,9,202.5,0.2207,0.6897,0,0,0.7071,-0.7071,Morning,1,0.2277,0.4741,1.21,179.5,205.25
9:45:00 AM,8,32,10,33,8,83,Wednesday,normal,09:45:00,9,160.0,0.494,0.3855,0,0,0.7071,-0.7071,Morning,1,1.0,0.7687,0.95,202.5,184.12
10:00:00 AM,8,42,25,37,12,116,Wednesday,high,10:00:00,10,201.5,0.4224,0.3621,0,0,0.5,-0.866,Morning,0,0.8605,0.7295,1.2,160.0,185.88
10:15:00 AM,8,81,25,40,20,166,Wednesday,high,10:15:00,10,273.5,0.3614,0.488,0,0,0.5,-0.866,Morning,0,0.4878,0.6581,1.63,201.5,209.38
10:30:00 AM,8,56,18,9,23,106,Wednesday,normal,10:30:00,10,161.0,0.3019,0.5283,0,0,0.5,-0.866,Morning,0,0.1579,0.5963,0.96,273.5,199.0
10:45:00 AM,8,84,9,31,17,141,Wednesday,high,10:45:00,10,232.5,0.3404,0.5957,0,0,0.5,-0.866,Morning,0,0.3647,0.6194,1.38,161.0,217.12
11:00:00 AM,8,36,9,8,28,81,Wednesday,normal,11:00:00,11,148.5,0.4444,0.4444,0,0,0.2588,-0.9659,Morning,0,0.2162,0.7273,0.88,232.5,203.88
11:15:00 AM,8,32,5,11,27,75,Wednesday,normal,11:15:00,11,148.5,0.5067,0.4267,0,0,0.2588,-0.9659,Morning,0,0.3333,0.7677,0.88,148.5,172.62
11:30:00 AM,8,26,7,15,27,75,Wednesday,normal,11:30:00,11,155.5,0.56,0.3467,0,0,0.2588,-0.9659,Morning,0,0.5556,0.8103,0.93,148.5,171.25
11:45:00 AM,8,34,5,5,22,66,Wednesday,normal,11:45:00,11,117.5,0.4091,0.5152,0,0,0.2588,-0.9659,Morning,0,0.1429,0.6894,0.7,155.5,142.5
12:00:00 PM,8,66,9,6,30,111,Wednesday,normal,12:00:00,12,178.5,0.3243,0.5946,0,0,0.0,-1.0,Afternoon,0,0.0896,0.605,1.06,117.5,150.0
12:15:00 PM,8,69,10,4,24,107,Wednesday,normal,12:15:00,12,158.0,0.2617,0.6449,0,0,0.0,-1.0,Afternoon,0,0.0571,0.5316,0.94,178.5,152.38
12:30:00 PM,8,44,7,9,20,80,Wednesday,normal,12:30:00,12,134.5,0.3625,0.55,0,0,0.0,-1.0,Afternoon,0,0.2,0.6468,0.8,158.0,147.12
12:45:00 PM,8,58,10,5,27,100,Wednesday,normal,12:45:00,12,159.0,0.32,0.58,0,0,0.0,-1.0,Afternoon,0,0.0847,0.6038,0.95,134.5,157.5
1:00:00 PM,8,27,6,14,30,77,Wednesday,normal,13:00:00,13,162.0,0.5714,0.3506,0,0,-0.2588,-0.9659,Afternoon,0,0.5,0.8148,0.96,159.0,153.38
1:15:00 PM,8,19,21,25,15,80,Wednesday,normal,13:15:00,13,149.5,0.5,0.2375,0,0,-0.2588,-0.9659,Afternoon,0,1.25,0.8027,0.89,162.0,151.25
1:30:00 PM,8,39,15,30,8,92,Wednesday,normal,13:30:00,13,160.5,0.413,0.4239,0,0,-0.2588,-0.9659,Afternoon,0,0.75,0.7103,0.96,149.5,157.75
1:45:00 PM,8,109,21,10,12,152,Wednesday,normal,13:45:00,13,185.5,0.1447,0.7171,0,0,-0.2588,-0.9659,Afternoon,0,0.0909,0.3558,1.1,160.5,164.38
2:00:00 PM,8,93,10,9,15,127,Wednesday,normal,14:00:00,14,170.0,0.189,0.7323,0,0,-0.5,-0.866,Afternoon,0,0.0957,0.4235,1.01,185.5,166.38
2:15:00 PM,8,73,16,12,11,112,Wednesday,normal,14:15:00,14,150.0,0.2054,0.6518,0,0,-0.5,-0.866,Afternoon,0,0.1622,0.46,0.89,170.0,166.5
2:30:00 PM,8,111,18,29,16,174,Wednesday,heavy,14:30:00,14,255.0,0.2586,0.6379,0,0,-0.5,-0.866,Afternoon,0,0.2589,0.5294,1.52,150.0,190.12
2:45:00 PM,8,37,20,10,19,86,Wednesday,normal,14:45:00,14,134.0,0.3372,0.4302,0,0,-0.5,-0.866,Afternoon,0,0.2632,0.6493,0.8,255.0,177.25
3:00:00 PM,8,74,23,13,20,130,Wednesday,normal,15:00:00,15,184.5,0.2538,0.5692,0,0,-0.7071,-0.7071,Afternoon,0,0.1733,0.5366,1.1,134.0,180.88
3:15:00 PM,8,32,28,35,6,101,Wednesday,normal,15:15:00,15,169.0,0.4059,0.3168,0,0,-0.7071,-0.7071,Afternoon,0,1.0606,0.7278,1.01,184.5,185.62
3:30:00 PM,8,34,23,19,17,93,Wednesday,normal,15:30:00,15,153.5,0.3871,0.3656,0,0,-0.7071,-0.7071,Afternoon,0,0.5429,0.7036,0.91,169.0,160.25
3:45:00 PM,8,59,25,9,20,113,Wednesday,normal,15:45:00,15,158.5,0.2566,0.5221,0,0,-0.7071,-0.7071,Afternoon,0,0.15,0.5489,0.94,153.5,166.38
4:00:00 PM,8,145,12,24,8,189,Wednesday,heavy,16:00:00,16,247.0,0.1693,0.7672,1,0,-0.866,-0.5,Afternoon,0,0.1644,0.3887,1.47,158.5,182.0
4:15:00 PM,8,118,17,28,8,171,Wednesday,heavy,16:15:00,16,234.5,0.2105,0.6901,1,0,-0.866,-0.5,Afternoon,0,0.2353,0.4606,1.4,247.0,198.38
4:30:00 PM,8,145,20,47,8,220,Wednesday,heavy,16:30:00,16,320.0,0.25,0.6591,1,0,-0.866,-0.5,Afternoon,0,0.3219,0.5156,1.91,234.5,240.0
4:45:00 PM,8,140,25,46,10,221,Wednesday,heavy,16:45:00,16,320.5,0.2534,0.6335,1,0,-0.866,-0.5,Afternoon,0,0.3262,0.5242,1.91,320.0,280.5
5:00:00 PM,8,120,35,43,7,205,Wednesday,heavy,17:00:00,17,287.5,0.2439,0.5854,1,0,-0.9659,-0.2588,Evening,1,0.3554,0.5217,1.71,320.5,290.62
5:15:00 PM,8,126,24,31,7,188,Wednesday,heavy,17:15:00,17,252.0,0.2021,0.6702,1,0,-0.9659,-0.2588,Evening,1,0.2441,0.4524,1.5,287.5,295.0
5:30:00 PM,8,106,22,43,5,176,Wednesday,heavy,17:30:00,17,261.0,0.2727,0.6023,1,0,-0.9659,-0.2588,Evening,1,0.4019,0.5517,1.55,252.0,280.25
5:45:00 PM,8,137,40,28,9,214,Wednesday,heavy,17:45:00,17,268.0,0.1729,0.6402,1,0,-0.9659,-0.2588,Evening,1,0.2029,0.4142,1.6,261.0,267.12
6:00:00 PM,8,108,40,25,6,179,Wednesday,heavy,18:00:00,18,221.0,0.1732,0.6034,1,0,-1.0,-0.0,Evening,1,0.2294,0.4208,1.32,268.0,250.5
6:15:00 PM,8,135,15,50,6,206,Wednesday,heavy,18:15:00,18,310.5,0.2718,0.6553,1,0,-1.0,-0.0,Evening,1,0.3676,0.5411,1.85,221.0,265.12
6:30:00 PM,8,121,21,49,8,199,Wednesday,heavy,18:30:00,18,302.5,0.2864,0.608,1,0,-1.0,-0.0,Evening,1,0.4016,0.5653,1.8,310.5,275.5
6:45:00 PM,8,59,6,20,6,91,Wednesday,normal,18:45:00,18,140.0,0.2857,0.6484,1,0,-1.0,-0.0,Evening,1,0.3333,0.5571,0.83,302.5,243.5
7:00:00 PM,8,59,13,18,27,117,Wednesday,high,19:00:00,19,200.5,0.3846,0.5043,0,0,-0.9659,0.2588,Evening,1,0.3,0.6733,1.19,140.0,238.38
7:15:00 PM,8,103,7,15,15,140,Wednesday,normal,19:15:00,19,196.5,0.2143,0.7357,0,0,-0.9659,0.2588,Evening,1,0.1442,0.458,1.17,200.5,209.88
7:30:00 PM,8,56,14,14,31,115,Wednesday,high,19:30:00,19,198.0,0.3913,0.487,0,0,-0.9659,0.2588,Evening,1,0.2456,0.6818,1.18,196.5,183.75
7:45:00 PM,8,106,23,12,9,150,Wednesday,normal,19:45:00,19,180.5,0.14,0.7067,0,0,-0.9659,0.2588,Evening,1,0.1121,0.349,1.07,198.0,193.88
8:00:00 PM,8,109,5,16,17,147,Wednesday,normal,20:00:00,20,210.5,0.2245,0.7415,0,0,-0.866,0.5,Evening,0,0.1455,0.4703,1.25,180.5,196.38
8:15:00 PM,8,110,5,20,11,146,Wednesday,normal,20:15:00,20,205.5,0.2123,0.7534,0,0,-0.866,0.5,Evening,0,0.1802,0.4526,1.22,210.5,198.62
8:30:00 PM,8,86,15,15,23,139,Wednesday,high,20:30:00,20,207.5,0.2734,0.6187,0,0,-0.866,0.5,Evening,0,0.1724,0.5494,1.24,205.5,201.0
8:45:00 PM,8,91,18,19,26,154,Wednesday,high,20:45:00,20,235.0,0.2922,0.5909,0,0,-0.866,0.5,Evening,0,0.2065,0.5745,1.4,207.5,214.62
9:00:00 PM,8,99,19,15,28,161,Wednesday,high,21:00:00,21,237.5,0.2671,0.6149,0,0,-0.7071,0.7071,Evening,0,0.15,0.5432,1.41,235.0,221.38
9:15:00 PM,8,93,14,20,17,144,Wednesday,normal,21:15:00,21,211.0,0.2569,0.6458,0,0,-0.7071,0.7071,Evening,0,0.2128,0.5261,1.26,237.5,222.75
9:30:00 PM,8,89,25,13,23,150,Wednesday,high,21:30:00,21,209.5,0.24,0.5933,0,0,-0.7071,0.7071,Evening,0,0.1444,0.5155,1.25,211.0,223.25
9:45:00 PM,8,107,15,12,24,158,Wednesday,high,21:45:00,21,222.5,0.2278,0.6772,0,0,-0.7071,0.7071,Evening,0,0.1111,0.4854,1.32,209.5,220.12
10:00:00 PM,8,16,5,0,14,35,Wednesday,normal,22:00:00,22,60.5,0.4,0.4571,0,0,-0.5,0.866,Night,0,0.0,0.6942,0.36,222.5,175.88
10:15:00 PM,8,14,5,1,20,40,Wednesday,normal,22:15:00,22,79.5,0.525,0.35,0,0,-0.5,0.866,Night,0,0.0667,0.7925,0.47,60.5,143.0
10:30:00 PM,8,18,3,0,24,45,Wednesday,normal,22:30:00,22,91.5,0.5333,0.4,0,0,-0.5,0.866,Night,0,0.0,0.7869,0.54,79.5,113.5
10:45:00 PM,8,12,3,0,40,55,Wednesday,normal,22:45:00,22,133.5,0.7273,0.2182,0,0,-0.5,0.866,Night,0,0.0,0.8989,0.79,91.5,91.25
11:00:00 PM,8,14,4,1,27,46,Wednesday,normal,23:00:00,23,100.0,0.6087,0.3043,0,0,-0.2588,0.9659,Night,0,0.0667,0.84,0.6,133.5,101.12
11:15:00 PM,8,18,5,1,15,39,Wednesday,normal,23:15:00,23,68.5,0.4103,0.4615,0,0,-0.2588,0.9659,Night,0,0.0526,0.7007,0.41,100.0,98.38
11:30:00 PM,8,10,4,1,23,38,Wednesday,normal,23:30:00,23,84.0,0.6316,0.2632,0,0,-0.2588,0.9659,Night,0,0.0909,0.8571,0.5,68.5,96.5
11:45:00 PM,8,10,5,0,14,29,Wednesday,normal,23:45:00,23,54.5,0.4828,0.3448,0,0,-0.2588,0.9659,Night,0,0.0,0.7706,0.32,84.0,76.75
12:00:00 AM,9,14,3,0,28,45,Thursday,normal,00:00:00,0,99.5,0.6222,0.3111,0,0,0.0,1.0,Night,0,0.0,0.8442,0.59,99.5,99.5
12:15:00 AM,9,10,2,0,38,50,Thursday,normal,00:15:00,0,125.0,0.76,0.2,0,0,0.0,1.0,Night,0,0.0,0.912,0.74,99.5,112.25
12:30:00 AM,9,19,0,0,32,51,Thursday,normal,00:30:00,0,115.0,0.6275,0.3725,0,0,0.0,1.0,Night,0,0.0,0.8348,0.68,125.0,113.17
12:45:00 AM,9,20,3,0,19,42,Thursday,normal,00:45:00,0,78.5,0.4524,0.4762,0,0,0.0,1.0,Night,0,0.0,0.7261,0.47,115.0,104.5
1:00:00 AM,9,18,3,0,14,35,Thursday,normal,01:00:00,1,61.5,0.4,0.5143,0,0,0.2588,0.9659,Night,0,0.0,0.6829,0.37,78.5,95.0
1:15:00 AM,9,11,2,0,12,25,Thursday,low,01:15:00,1,48.0,0.48,0.44,0,0,0.2588,0.9659,Night,0,0.0,0.75,0.29,61.5,75.75
1:30:00 AM,9,17,1,1,13,32,Thursday,normal,01:30:00,1,59.5,0.4375,0.5312,0,0,0.2588,0.9659,Night,0,0.0556,0.7059,0.35,48.0,61.88
1:45:00 AM,9,10,0,1,36,47,Thursday,normal,01:45:00,1,121.0,0.7872,0.2128,0,0,0.2588,0.9659,Night,0,0.0909,0.9174,0.72,59.5,72.5
2:00:00 AM,9,17,0,0,32,49,Thursday,normal,02:00:00,2,113.0,0.6531,0.3469,0,0,0.5,0.866,Night,0,0.0,0.8496,0.67,121.0,85.38
2:15:00 AM,9,20,5,1,22,48,Thursday,normal,02:15:00,2,91.5,0.4792,0.4167,0,0,0.5,0.866,Night,0,0.0476,0.7541,0.54,113.0,96.25
2:30:00 AM,9,12,3,0,17,32,Thursday,normal,02:30:00,2,64.5,0.5312,0.375,0,0,0.5,0.866,Night,0,0.0,0.7907,0.38,91.5,97.5
2:45:00 AM,9,13,0,0,31,44,Thursday,normal,02:45:00,2,106.0,0.7045,0.2955,0,0,0.5,0.866,Night,0,0.0,0.8774,0.63,64.5,93.75
3:00:00 AM,9,11,1,1,35,48,Thursday,normal,03:00:00,3,119.5,0.75,0.2292,0,0,0.7071,0.7071,Night,0,0.0833,0.9038,0.71,106.0,95.38
3:15:00 AM,9,18,2,0,19,39,Thursday,normal,03:15:00,3,76.0,0.4872,0.4615,0,0,0.7071,0.7071,Night,0,0.0,0.75,0.45,119.5,91.5
3:30:00 AM,9,15,0,1,24,40,Thursday,normal,03:30:00,3,90.0,0.625,0.375,0,0,0.7071,0.7071,Night,0,0.0625,0.8333,0.54,76.0,97.88
3:45:00 AM,9,14,3,0,25,42,Thursday,normal,03:45:00,3,90.5,0.5952,0.3333,0,0,0.7071,0.7071,Night,0,0.0,0.8287,0.54,90.0,94.0
4:00:00 AM,9,12,0,1,16,29,Thursday,normal,04:00:00,4,63.0,0.5862,0.4138,0,0,0.866,0.5,Night,0,0.0769,0.8095,0.38,90.5,79.88
4:15:00 AM,9,85,24,5,5,119,Thursday,normal,04:15:00,4,127.0,0.084,0.7143,0,0,0.866,0.5,Night,0,0.0581,0.2362,0.76,63.0,92.62
4:30:00 AM,9,71,22,5,2,100,Thursday,low,04:30:00,4,103.0,0.07,0.71,0,0,0.866,0.5,Night,0,0.0694,0.2039,0.61,127.0,95.88
4:45:00 AM,9,108,4,5,3,120,Thursday,normal,04:45:00,4,134.0,0.0667,0.9,0,0,0.866,0.5,Night,0,0.0459,0.1791,0.8,103.0,106.75
5:00:00 AM,9,63,29,5,15,112,Thursday,normal,05:00:00,5,137.5,0.1786,0.5625,0,0,0.9659,0.2588,Morning,0,0.0781,0.4364,0.82,134.0,125.38
5:15:00 AM,9,62,12,3,18,95,Thursday,normal,05:15:00,5,131.0,0.2211,0.6526,0,0,0.9659,0.2588,Morning,0,0.0476,0.4809,0.78,137.5,126.38
5:30:00 AM,9,118,15,3,11,147,Thursday,normal,05:30:00,5,167.5,0.0952,0.8027,0,0,0.9659,0.2588,Morning,0,0.0252,0.2507,1.0,131.0,142.5
5:45:00 AM,9,90,21,2,14,127,Thursday,normal,05:45:00,5,148.5,0.126,0.7087,0,0,0.9659,0.2588,Morning,0,0.022,0.3232,0.88,167.5,146.12
6:00:00 AM,9,141,30,31,1,203,Thursday,heavy,06:00:00,6,252.0,0.1576,0.6946,1,0,1.0,0.0,Morning,0,0.2183,0.381,1.5,148.5,174.75
6:15:00 AM,9,126,31,33,2,192,Thursday,heavy,06:15:00,6,246.5,0.1823,0.6562,1,0,1.0,0.0,Morning,0,0.2598,0.426,1.47,252.0,203.62
6:30:00 AM,9,112,26,30,4,172,Thursday,heavy,06:30:00,6,227.0,0.1977,0.6512,1,0,1.0,0.0,Morning,0,0.2655,0.4493,1.35,246.5,218.5
6:45:00 AM,9,112,12,38,4,166,Thursday,high,06:45:00,6,244.0,0.253,0.6747,1,0,1.0,0.0,Morning,0,0.3363,0.5164,1.45,227.0,242.38
7:00:00 AM,9,144,14,33,4,195,Thursday,heavy,07:00:00,7,262.0,0.1897,0.7385,1,0,0.9659,-0.2588,Morning,0,0.2276,0.4237,1.56,244.0,244.88
7:15:00 AM,9,127,13,36,1,177,Thursday,heavy,07:15:00,7,244.5,0.209,0.7175,1,0,0.9659,-0.2588,Morning,0,0.2812,0.454,1.46,262.0,244.38
7:30:00 AM,9,146,10,44,5,205,Thursday,heavy,07:30:00,7,298.0,0.239,0.7122,1,0,0.9659,-0.2588,Morning,0,0.2993,0.4933,1.77,244.5,262.12
7:45:00 AM,9,146,22,26,4,198,Thursday,heavy,07:45:00,7,247.0,0.1515,0.7374,1,0,0.9659,-0.2588,Morning,0,0.1769,0.3644,1.47,298.0,262.88
8:00:00 AM,9,101,10,48,5,164,Thursday,high,08:00:00,8,265.0,0.3232,0.6159,1,0,0.866,-0.5,Morning,1,0.4706,0.6,1.58,247.0,263.62
8:15:00 AM,9,104,19,24,4,151,Thursday,normal,08:15:00,8,197.5,0.1854,0.6887,1,0,0.866,-0.5,Morning,1,0.2286,0.4253,1.18,265.0,251.88
8:30:00 AM,9,150,20,43,0,213,Thursday,heavy,08:30:00,8,289.0,0.2019,0.7042,1,0,0.866,-0.5,Morning,1,0.2848,0.4464,1.72,197.5,249.62
8:45:00 AM,9,110,35,45,2,192,Thursday,heavy,08:45:00,8,268.5,0.2448,0.5729,1,0,0.866,-0.5,Morning,1,0.4054,0.5251,1.6,289.0,255.0
9:00:00 AM,9,139,15,28,2,184,Thursday,heavy,09:00:00,9,236.5,0.163,0.7554,0,0,0.7071,-0.7071,Morning,1,0.2,0.3805,1.41,268.5,247.88
9:15:00 AM,9,99,17,32,7,155,Thursday,high,09:15:00,9,224.5,0.2516,0.6387,0,0,0.7071,-0.7071,Morning,1,0.32,0.5212,1.34,236.5,254.62
9:30:00 AM,9,22,15,7,19,63,Thursday,normal,09:30:00,9,107.5,0.4127,0.3492,0,0,0.7071,-0.7071,Morning,1,0.3043,0.7256,0.64,224.5,209.25
9:45:00 AM,9,11,12,21,24,68,Thursday,normal,09:45:00,9,152.0,0.6618,0.1618,0,0,0.7071,-0.7071,Morning,1,1.75,0.8882,0.9,107.5,180.12
10:00:00 AM,9,47,20,18,16,101,Thursday,normal,10:00:00,10,159.0,0.3366,0.4653,0,0,0.5,-0.866,Morning,0,0.375,0.6415,0.95,152.0,160.75
10:15:00 AM,9,54,1,35,26,116,Thursday,high,10:15:00,10,237.5,0.5259,0.4655,0,0,0.5,-0.866,Morning,0,0.6364,0.7705,1.41,159.0,164.0
10:30:00 AM,9,26,16,13,16,71,Thursday,normal,10:30:00,10,121.0,0.4085,0.3662,0,0,0.5,-0.866,Morning,0,0.4815,0.719,0.72,237.5,167.38
10:45:00 AM,9,99,18,39,19,175,Thursday,heavy,10:45:00,10,282.0,0.3314,0.5657,0,0,0.5,-0.866,Morning,0,0.39,0.617,1.68,121.0,199.88
11:00:00 AM,9,31,9,11,28,79,Thursday,normal,11:00:00,11,152.5,0.4937,0.3924,0,0,0.2588,-0.9659,Morning,0,0.3438,0.7672,0.91,282.0,198.25
11:15:00 AM,9,24,8,13,23,68,Thursday,normal,11:15:00,11,136.0,0.5294,0.3529,0,0,0.2588,-0.9659,Morning,0,0.52,0.7941,0.81,152.5,172.88
11:30:00 AM,9,21,7,9,20,57,Thursday,normal,11:30:00,11,111.5,0.5088,0.3684,0,0,0.2588,-0.9659,Morning,0,0.4091,0.7803,0.66,136.0,170.5
11:45:00 AM,9,60,10,5,25,100,Thursday,normal,11:45:00,11,155.0,0.3,0.6,0,0,0.2588,-0.9659,Morning,0,0.082,0.5806,0.92,111.5,138.75
12:00:00 PM,9,29,9,12,21,71,Thursday,normal,12:00:00,12,132.5,0.4648,0.4085,0,0,0.0,-1.0,Afternoon,0,0.4,0.7472,0.79,155.0,133.75
12:15:00 PM,9,37,7,14,28,86,Thursday,normal,12:15:00,12,166.5,0.4884,0.4302,0,0,0.0,-1.0,Afternoon,0,0.3684,0.7568,0.99,132.5,141.38
12:30:00 PM,9,53,7,11,22,93,Thursday,normal,12:30:00,12,155.5,0.3548,0.5699,0,0,0.0,-1.0,Afternoon,0,0.2037,0.6367,0.93,166.5,152.38
12:45:00 PM,9,35,5,15,25,80,Thursday,normal,12:45:00,12,157.5,0.5,0.4375,0,0,0.0,-1.0,Afternoon,0,0.4167,0.7619,0.94,155.5,153.0
1:00:00 PM,9,53,6,10,28,97,Thursday,normal,13:00:00,13,170.0,0.3918,0.5464,0,0,-0.2588,-0.9659,Afternoon,0,0.1852,0.6706,1.01,157.5,162.38
1:15:00 PM,9,114,18,17,8,157,Thursday,normal,13:15:00,13,198.0,0.1592,0.7261,0,0,-0.2588,-0.9659,Afternoon,0,0.1478,0.3788,1.18,170.0,170.25
1:30:00 PM,9,95,28,22,9,154,Thursday,normal,13:30:00,13,202.0,0.2013,0.6169,0,0,-0.2588,-0.9659,Afternoon,0,0.2292,0.4604,1.2,198.0,181.88
1:45:00 PM,9,62,23,38,19,142,Thursday,high,13:45:00,13,244.5,0.4014,0.4366,0,0,-0.2588,-0.9659,Afternoon,0,0.6032,0.6994,1.46,202.0,203.62
2:00:00 PM,9,70,28,12,12,122,Thursday,normal,14:00:00,14,156.0,0.1967,0.5738,0,0,-0.5,-0.866,Afternoon,0,0.169,0.4615,0.93,244.5,200.12
2:15:00 PM,9,35,20,10,8,73,Thursday,low,14:15:00,14,99.0,0.2466,0.4795,0,0,-0.5,-0.866,Afternoon,0,0.2778,0.5455,0.59,156.0,175.38
2:30:00 PM,9,60,23,10,20,113,Thursday,normal,14:30:00,14,161.5,0.2655,0.531,0,0,-0.5,-0.866,Afternoon,0,0.1639,0.5573,0.96,99.0,165.25
2:45:00 PM,9,40,22,25,9,96,Thursday,normal,14:45:00,14,153.0,0.3542,0.4167,0,0,-0.5,-0.866,Afternoon,0,0.6098,0.6667,0.91,161.5,142.38
3:00:00 PM,9,53,21,6,11,91,Thursday,low,15:00:00,15,114.5,0.1868,0.5824,0,0,-0.7071,-0.7071,Afternoon,0,0.1111,0.4454,0.68,153.0,132.0
3:15:00 PM,9,99,16,38,7,160,Thursday,high,15:15:00,15,242.0,0.2812,0.6188,0,0,-0.7071,-0.7071,Afternoon,0,0.38,0.5579,1.44,114.5,167.75
3:30:00 PM,9,86,21,31,18,156,Thursday,high,15:30:00,15,243.5,0.3141,0.5513,0,0,-0.7071,-0.7071,Afternoon,0,0.3563,0.6037,1.45,242.0,188.25
3:45:00 PM,9,79,28,35,13,155,Thursday,high,15:45:00,15,237.0,0.3097,0.5097,0,0,-0.7071,-0.7071,Afternoon,0,0.4375,0.6076,1.41,243.5,209.25
4:00:00 PM,9,146,25,33,8,212,Thursday,heavy,16:00:00,16,281.5,0.1934,0.6887,1,0,-0.866,-0.5,Afternoon,0,0.2245,0.4369,1.68,237.0,251.0
4:15:00 PM,9,116,24,36,6,182,Thursday,heavy,16:15:00,16,254.0,0.2308,0.6374,1,0,-0.866,-0.5,Afternoon,0,0.3077,0.4961,1.51,281.5,254.0
4:30:00 PM,9,107,14,44,5,170,Thursday,heavy,16:30:00,16,261.0,0.2882,0.6294,1,0,-0.866,-0.5,Afternoon,0,0.4074,0.5632,1.55,254.0,258.38
4:45:00 PM,9,115,20,27,9,171,Thursday,heavy,16:45:00,16,233.0,0.2105,0.6725,1,0,-0.866,-0.5,Afternoon,0,0.2328,0.4635,1.39,261.0,257.38
5:00:00 PM,9,113,23,43,6,185,Thursday,heavy,17:00:00,17,271.5,0.2649,0.6108,1,0,-0.9659,-0.2588,Evening,1,0.3772,0.5414,1.62,233.0,254.88
5:15:00 PM,9,102,20,31,5,158,Thursday,high,17:15:00,17,220.0,0.2278,0.6456,1,0,-0.9659,-0.2588,Evening,1,0.301,0.4909,1.31,271.5,246.38
5:30:00 PM,9,138,27,21,7,193,Thursday,heavy,17:30:00,17,235.5,0.1451,0.715,1,0,-0.9659,-0.2588,Evening,1,0.1511,0.3567,1.4,220.0,240.0
5:45:00 PM,9,146,13,38,9,206,Thursday,heavy,17:45:00,17,293.5,0.2282,0.7087,1,0,-0.9659,-0.2588,Evening,1,0.2585,0.4804,1.75,235.5,255.12
6:00:00 PM,9,139,33,41,7,220,Thursday,heavy,18:00:00,18,299.5,0.2182,0.6318,1,0,-1.0,-0.0,Evening,1,0.2929,0.4808,1.78,293.5,262.12
6:15:00 PM,9,130,24,48,9,211,Thursday,heavy,18:15:00,18,313.0,0.2701,0.6161,1,0,-1.0,-0.0,Evening,1,0.3664,0.5463,1.86,299.5,285.38
6:30:00 PM,9,135,31,34,8,208,Thursday,heavy,18:30:00,18,276.5,0.2019,0.649,1,0,-1.0,-0.0,Evening,1,0.25,0.4557,1.65,313.0,295.62
6:45:00 PM,9,106,22,16,20,164,Thursday,normal,18:45:00,18,225.0,0.2195,0.6463,1,0,-1.0,-0.0,Evening,1,0.1495,0.48,1.34,276.5,278.5
7:00:00 PM,9,109,23,14,26,172,Thursday,heavy,19:00:00,19,240.5,0.2326,0.6337,0,0,-0.9659,0.2588,Evening,1,0.1273,0.499,1.43,225.0,263.75
7:15:00 PM,9,108,24,19,10,161,Thursday,normal,19:15:00,19,207.0,0.1801,0.6708,0,0,-0.9659,0.2588,Evening,1,0.1743,0.4203,1.23,240.5,237.25
7:30:00 PM,9,50,16,16,11,93,Thursday,normal,19:30:00,19,139.0,0.2903,0.5376,0,0,-0.9659,0.2588,Evening,1,0.3137,0.5827,0.83,207.0,202.88
7:45:00 PM,9,102,22,17,10,151,Thursday,normal,19:45:00,19,194.0,0.1788,0.6755,0,0,-0.9659,0.2588,Evening,1,0.165,0.4175,1.15,139.0,195.12
8:00:00 PM,9,72,25,10,27,134,Thursday,high,20:00:00,20,195.5,0.2761,0.5373,0,0,-0.866,0.5,Evening,0,0.137,0.5678,1.16,194.0,183.88
8:15:00 PM,9,91,13,18,13,135,Thursday,normal,20:15:00,20,190.5,0.2296,0.6741,0,0,-0.866,0.5,Evening,0,0.1957,0.4882,1.13,195.5,179.75
8:30:00 PM,9,67,19,11,8,105,Thursday,low,20:30:00,20,133.5,0.181,0.6381,0,0,-0.866,0.5,Evening,0,0.1618,0.427,0.79,190.5,178.38
8:45:00 PM,9,61,14,10,5,90,Thursday,low,20:45:00,20,113.0,0.1667,0.6778,0,0,-0.866,0.5,Evening,0,0.1613,0.3982,0.67,133.5,158.12
9:00:00 PM,9,107,13,14,28,162,Thursday,high,21:00:00,21,239.5,0.2593,0.6605,0,0,-0.7071,0.7071,Evening,0,0.1296,0.5261,1.43,113.0,169.12
9:15:00 PM,9,91,5,12,34,142,Thursday,high,21:15:00,21,231.5,0.3239,0.6408,0,0,-0.7071,0.7071,Evening,0,0.1304,0.5961,1.38,239.5,179.38
9:30:00 PM,9,106,18,13,27,164,Thursday,high,21:30:00,21,235.0,0.2439,0.6463,0,0,-0.7071,0.7071,Evening,0,0.1215,0.5106,1.4,231.5,204.75
9:45:00 PM,9,107,14,10,18,149,Thursday,normal,21:45:00,21,198.0,0.1879,0.7181,0,0,-0.7071,0.7071,Evening,0,0.0926,0.4242,1.18,235.0,226.0
10:00:00 PM,9,17,4,1,20,42,Thursday,normal,22:00:00,22,82.0,0.5,0.4048,0,0,-0.5,0.866,Night,0,0.0556,0.7683,0.49,198.0,186.62
10:15:00 PM,9,11,4,1,30,46,Thursday,normal,22:15:00,22,106.0,0.6739,0.2391,0,0,-0.5,0.866,Night,0,0.0833,0.8774,0.63,82.0,155.25
10:30:00 PM,9,11,4,0,23,38,Thursday,normal,22:30:00,22,82.0,0.6053,0.2895,0,0,-0.5,0.866,Night,0,0.0,0.8415,0.49,106.0,117.0
10:45:00 PM,9,16,3,1,36,56,Thursday,normal,22:45:00,22,128.5,0.6607,0.2857,0,0,-0.5,0.866,Night,0,0.0588,0.8638,0.77,82.0,99.62
11:00:00 PM,9,11,0,1,30,42,Thursday,normal,23:00:00,23,104.0,0.7381,0.2619,0,0,-0.2588,0.9659,Night,0,0.0833,0.8942,0.62,128.5,105.12
11:15:00 PM,9,15,4,1,25,45,Thursday,normal,23:15:00,23,95.0,0.5778,0.3333,0,0,-0.2588,0.9659,Night,0,0.0625,0.8211,0.57,104.0,102.38
11:30:00 PM,9,16,5,0,27,48,Thursday,normal,23:30:00,23,99.5,0.5625,0.3333,0,0,-0.2588,0.9659,Night,0,0.0,0.8141,0.59,95.0,106.75
11:45:00 PM,9,14,3,1,15,33,Thursday,normal,23:45:00,23,63.5,0.4848,0.4242,0,0,-0.2588,0.9659,Night,0,0.0667,0.7559,0.38,99.5,90.5
12:00:00 AM,10,31,0,4,4,39,Tuesday,low,00:00:00,0,55.0,0.2051,0.7949,0,0,0.0,1.0,Night,0,0.125,0.4364,0.33,55.0,55.0
12:15:00 AM,10,49,0,3,3,55,Tuesday,low,00:15:00,0,67.0,0.1091,0.8909,0,0,0.0,1.0,Night,0,0.06,0.2687,0.4,55.0,61.0
12:30:00 AM,10,46,0,3,6,55,Tuesday,low,00:30:00,0,73.0,0.1636,0.8364,0,0,0.0,1.0,Night,0,0.0638,0.3699,0.43,67.0,65.0
12:45:00 AM,10,51,0,2,5,58,Tuesday,low,00:45:00,0,72.0,0.1207,0.8793,0,0,0.0,1.0,Night,0,0.0385,0.2917,0.43,73.0,66.75
1:00:00 AM,10,57,6,15,16,94,Tuesday,normal,01:00:00,1,153.0,0.3298,0.6064,0,0,0.2588,0.9659,Night,0,0.2586,0.6078,0.91,72.0,91.25
1:15:00 AM,10,44,0,5,4,53,Tuesday,low,01:15:00,1,71.0,0.1698,0.8302,0,0,0.2588,0.9659,Night,0,0.1111,0.3803,0.42,153.0,92.25
1:30:00 AM,10,37,0,1,4,42,Tuesday,low,01:30:00,1,52.0,0.119,0.881,0,0,0.2588,0.9659,Night,0,0.0263,0.2885,0.31,71.0,87.0
1:45:00 AM,10,42,4,4,5,55,Tuesday,low,01:45:00,1,71.0,0.1636,0.7636,0,0,0.2588,0.9659,Night,0,0.093,0.3803,0.42,52.0,86.75
2:00:00 AM,10,51,0,9,7,67,Tuesday,low,02:00:00,2,99.0,0.2388,0.7612,0,0,0.5,0.866,Night,0,0.1731,0.4848,0.59,71.0,73.25
2:15:00 AM,10,34,0,4,7,45,Tuesday,low,02:15:00,2,67.0,0.2444,0.7556,0,0,0.5,0.866,Night,0,0.1143,0.4925,0.4,99.0,72.25
2:30:00 AM,10,45,0,1,1,47,Tuesday,low,02:30:00,2,51.0,0.0426,0.9574,0,0,0.5,0.866,Night,0,0.0217,0.1176,0.3,67.0,72.0
2:45:00 AM,10,45,0,1,3,49,Tuesday,low,02:45:00,2,57.0,0.0816,0.9184,0,0,0.5,0.866,Night,0,0.0217,0.2105,0.34,51.0,68.5
3:00:00 AM,10,50,0,3,0,53,Tuesday,low,03:00:00,3,59.0,0.0566,0.9434,0,0,0.7071,0.7071,Night,0,0.0588,0.1525,0.35,57.0,58.5
3:15:00 AM,10,34,0,4,4,42,Tuesday,low,03:15:00,3,58.0,0.1905,0.8095,0,0,0.7071,0.7071,Night,0,0.1143,0.4138,0.35,59.0,56.25
3:30:00 AM,10,129,22,42,1,194,Tuesday,heavy,03:30:00,3,269.0,0.2216,0.6649,0,0,0.7071,0.7071,Night,0,0.3231,0.4796,1.6,58.0,110.75
3:45:00 AM,10,144,16,49,0,209,Tuesday,heavy,03:45:00,3,299.0,0.2344,0.689,0,0,0.7071,0.7071,Night,0,0.3379,0.4916,1.78,269.0,171.25
4:00:00 AM,10,111,28,20,3,162,Tuesday,normal,04:00:00,4,194.0,0.142,0.6852,0,0,0.866,0.5,Night,0,0.1786,0.3557,1.15,299.0,205.0
4:15:00 AM,10,67,11,10,16,104,Tuesday,normal,04:15:00,4,150.5,0.25,0.6442,0,0,0.866,0.5,Night,0,0.1471,0.5183,0.9,194.0,228.12
4:30:00 AM,10,65,24,7,16,112,Tuesday,normal,04:30:00,4,146.0,0.2054,0.5804,0,0,0.866,0.5,Night,0,0.1061,0.4726,0.87,150.5,197.38
4:45:00 AM,10,94,27,7,16,144,Tuesday,normal,04:45:00,4,176.5,0.1597,0.6528,0,0,0.866,0.5,Night,0,0.0737,0.3909,1.05,146.0,166.75
5:00:00 AM,10,94,20,8,7,129,Tuesday,normal,05:00:00,5,149.0,0.1163,0.7287,0,0,0.9659,0.2588,Morning,0,0.0842,0.302,0.89,176.5,155.5
5:15:00 AM,10,67,29,5,10,111,Tuesday,low,05:15:00,5,126.5,0.1351,0.6036,0,0,0.9659,0.2588,Morning,0,0.0735,0.3557,0.75,149.0,149.5
5:30:00 AM,10,56,12,2,14,84,Tuesday,normal,05:30:00,5,110.0,0.1905,0.6667,0,0,0.9659,0.2588,Morning,0,0.0351,0.4364,0.65,126.5,140.5
5:45:00 AM,10,57,13,3,11,84,Tuesday,low,05:45:00,5,105.5,0.1667,0.6786,0,0,0.9659,0.2588,Morning,0,0.0517,0.3981,0.63,110.0,122.75
6:00:00 AM,10,129,22,42,1,194,Tuesday,heavy,06:00:00,6,269.0,0.2216,0.6649,1,0,1.0,0.0,Morning,0,0.3231,0.4796,1.6,105.5,152.75
6:15:00 AM,10,144,16,49,0,209,Tuesday,heavy,06:15:00,6,299.0,0.2344,0.689,1,0,1.0,0.0,Morning,0,0.3379,0.4916,1.78,269.0,195.88
6:30:00 AM,10,111,28,20,3,162,Tuesday,normal,06:30:00,6,194.0,0.142,0.6852,1,0,1.0,0.0,Morning,0,0.1786,0.3557,1.15,299.0,216.88
6:45:00 AM,10,120,27,46,3,196,Tuesday,heavy,06:45:00,6,280.5,0.25,0.6122,1,0,1.0,0.0,Morning,0,0.3802,0.5241,1.67,194.0,260.62
7:00:00 AM,10,102,39,47,1,189,Tuesday,heavy,07:00:00,7,265.5,0.254,0.5397,1,0,0.9659,-0.2588,Morning,0,0.4563,0.5424,1.58,280.5,259.75
7:15:00 AM,10,145,23,27,0,195,Tuesday,heavy,07:15:00,7,237.5,0.1385,0.7436,1,0,0.9659,-0.2588,Morning,0,0.1849,0.3411,1.41,265.5,244.38
7:30:00 AM,10,114,37,21,5,177,Tuesday,heavy,07:30:00,7,210.5,0.1469,0.6441,1,0,0.9659,-0.2588,Morning,0,0.1826,0.3705,1.25,237.5,248.5
7:45:00 AM,10,108,18,22,1,149,Tuesday,normal,07:45:00,7,186.0,0.1544,0.7248,1,0,0.9659,-0.2588,Morning,0,0.2018,0.371,1.11,210.5,224.88
8:00:00 AM,10,122,28,33,1,184,Tuesday,heavy,08:00:00,8,238.0,0.1848,0.663,1,0,0.866,-0.5,Morning,1,0.2683,0.4286,1.42,186.0,218.0
8:15:00 AM,10,114,39,30,3,186,Tuesday,heavy,08:15:00,8,232.5,0.1774,0.6129,1,0,0.866,-0.5,Morning,1,0.2609,0.4258,1.38,238.0,216.75
8:30:00 AM,10,150,36,25,1,212,Tuesday,heavy,08:30:00,8,246.0,0.1226,0.7075,1,0,0.866,-0.5,Morning,1,0.1656,0.3171,1.46,232.5,225.62
8:45:00 AM,10,107,10,49,2,168,Tuesday,heavy,08:45:00,8,265.0,0.3036,0.6369,1,0,0.866,-0.5,Morning,1,0.4537,0.5774,1.58,246.0,245.38
9:00:00 AM,10,124,24,22,0,170,Tuesday,heavy,09:00:00,9,202.0,0.1294,0.7294,0,0,0.7071,-0.7071,Morning,1,0.176,0.3267,1.2,265.0,236.38
9:15:00 AM,10,77,16,39,29,161,Tuesday,high,09:15:00,9,289.0,0.4224,0.4783,0,0,0.7071,-0.7071,Morning,1,0.5,0.7059,1.72,202.0,250.5
9:30:00 AM,10,15,23,30,21,89,Tuesday,normal,09:30:00,9,179.5,0.573,0.1685,0,0,0.7071,-0.7071,Morning,1,1.875,0.8524,1.07,289.0,233.88
9:45:00 AM,10,32,22,38,21,113,Tuesday,high,09:45:00,9,220.0,0.5221,0.2832,0,0,0.7071,-0.7071,Morning,1,1.1515,0.8045,1.31,179.5,222.62
10:00:00 AM,10,68,13,29,24,134,Tuesday,high,10:00:00,10,233.5,0.3955,0.5075,0,0,0.5,-0.866,Morning,0,0.4203,0.6809,1.39,220.0,230.5
10:15:00 AM,10,27,16,36,30,109,Tuesday,normal,10:15:00,10,233.0,0.6055,0.2477,0,0,0.5,-0.866,Morning,0,1.2857,0.8498,1.39,233.5,216.5
10:30:00 AM,10,76,7,11,15,109,Tuesday,normal,10:30:00,10,157.5,0.2385,0.6972,0,0,0.5,-0.866,Morning,0,0.1429,0.4952,0.94,233.0,211.0
10:45:00 AM,10,41,23,20,17,101,Tuesday,normal,10:45:00,10,163.5,0.3663,0.4059,0,0,0.5,-0.866,Morning,0,0.4762,0.6789,0.97,157.5,196.88
11:00:00 AM,10,33,10,3,29,75,Tuesday,normal,11:00:00,11,134.0,0.4267,0.44,0,0,0.2588,-0.9659,Morning,0,0.0882,0.7164,0.8,163.5,172.0
11:15:00 AM,10,58,8,14,29,109,Tuesday,normal,11:15:00,11,191.0,0.3945,0.5321,0,0,0.2588,-0.9659,Morning,0,0.2373,0.6754,1.14,134.0,161.5
11:30:00 AM,10,65,7,11,26,109,Tuesday,normal,11:30:00,11,179.5,0.3394,0.5963,0,0,0.2588,-0.9659,Morning,0,0.1667,0.6184,1.07,191.0,167.0
11:45:00 AM,10,47,9,6,29,91,Tuesday,normal,11:45:00,11,156.5,0.3846,0.5165,0,0,0.2588,-0.9659,Morning,0,0.125,0.6709,0.93,179.5,165.25
12:00:00 PM,10,38,10,5,25,78,Tuesday,normal,12:00:00,12,133.0,0.3846,0.4872,0,0,0.0,-1.0,Afternoon,0,0.1282,0.6767,0.79,156.5,165.0
12:15:00 PM,10,57,8,12,29,106,Tuesday,normal,12:15:00,12,184.0,0.3868,0.5377,0,0,0.0,-1.0,Afternoon,0,0.2069,0.6685,1.1,133.0,163.25
12:30:00 PM,10,20,6,4,20,50,Tuesday,normal,12:30:00,12,95.0,0.48,0.4,0,0,0.0,-1.0,Afternoon,0,0.1905,0.7579,0.57,184.0,142.12
12:45:00 PM,10,24,9,14,23,70,Tuesday,normal,12:45:00,12,139.5,0.5286,0.3429,0,0,0.0,-1.0,Afternoon,0,0.56,0.7957,0.83,95.0,137.88
1:00:00 PM,10,52,10,13,21,96,Tuesday,normal,13:00:00,13,159.0,0.3542,0.5417,0,0,-0.2588,-0.9659,Afternoon,0,0.2453,0.6415,0.95,139.5,144.38
1:15:00 PM,10,79,15,36,18,148,Tuesday,high,13:15:00,13,248.5,0.3649,0.5338,0,0,-0.2588,-0.9659,Afternoon,0,0.45,0.6519,1.48,159.0,160.5
1:30:00 PM,10,84,24,22,18,148,Tuesday,normal,13:30:00,13,216.0,0.2703,0.5676,0,0,-0.2588,-0.9659,Afternoon,0,0.2588,0.5556,1.29,248.5,190.75
1:45:00 PM,10,59,19,35,16,129,Tuesday,high,13:45:00,13,221.5,0.3953,0.4574,0,0,-0.2588,-0.9659,Afternoon,0,0.5833,0.6907,1.32,216.0,211.25
2:00:00 PM,10,88,26,31,19,164,Tuesday,high,14:00:00,14,251.0,0.3049,0.5366,0,0,-0.5,-0.866,Afternoon,0,0.3483,0.5976,1.49,221.5,234.25
2:15:00 PM,10,24,11,32,13,80,Tuesday,normal,14:15:00,14,164.5,0.5625,0.3,0,0,-0.5,-0.866,Afternoon,0,1.28,0.8207,0.98,251.0,213.25
2:30:00 PM,10,110,17,23,20,170,Tuesday,heavy,14:30:00,14,247.5,0.2529,0.6471,0,0,-0.5,-0.866,Afternoon,0,0.2072,0.5212,1.47,164.5,221.12
2:45:00 PM,10,29,26,5,6,66,Tuesday,low,14:45:00,14,75.0,0.1667,0.4394,0,0,-0.5,-0.866,Afternoon,0,0.1667,0.44,0.45,247.5,184.5
3:00:00 PM,10,43,26,11,20,100,Tuesday,normal,15:00:00,15,149.0,0.31,0.43,0,0,-0.7071,-0.7071,Afternoon,0,0.25,0.6242,0.89,75.0,159.0
3:15:00 PM,10,68,28,9,15,120,Tuesday,normal,15:15:00,15,154.0,0.2,0.5667,0,0,-0.7071,-0.7071,Afternoon,0,0.1304,0.4675,0.92,149.0,156.38
3:30:00 PM,10,108,16,8,18,150,Tuesday,normal,15:30:00,15,194.0,0.1733,0.72,0,0,-0.7071,-0.7071,Afternoon,0,0.0734,0.4021,1.15,154.0,143.0
3:45:00 PM,10,101,26,8,14,149,Tuesday,normal,15:45:00,15,180.0,0.1477,0.6779,0,0,-0.7071,-0.7071,Afternoon,0,0.0784,0.3667,1.07,194.0,169.25
4:00:00 PM,10,141,31,36,6,214,Tuesday,heavy,16:00:00,16,282.5,0.1963,0.6589,1,0,-0.866,-0.5,Afternoon,0,0.2535,0.446,1.68,180.0,202.62
4:15:00 PM,10,120,25,28,5,178,Tuesday,heavy,16:15:00,16,231.5,0.1854,0.6742,1,0,-0.866,-0.5,Afternoon,0,0.2314,0.4276,1.38,282.5,222.0
4:30:00 PM,10,137,23,44,5,209,Tuesday,heavy,16:30:00,16,295.5,0.2344,0.6555,1,0,-0.866,-0.5,Afternoon,0,0.3188,0.4975,1.76,231.5,247.38
4:45:00 PM,10,124,11,30,7,172,Tuesday,heavy,16:45:00,16,240.5,0.2151,0.7209,1,0,-0.866,-0.5,Afternoon,0,0.24,0.4615,1.43,295.5,262.5
5:00:00 PM,10,145,25,49,7,226,Tuesday,heavy,17:00:00,17,325.5,0.2478,0.6416,1,0,-0.9659,-0.2588,Evening,1,0.3356,0.5161,1.94,240.5,273.25
5:15:00 PM,10,122,37,23,8,190,Tuesday,heavy,17:15:00,17,233.5,0.1632,0.6421,1,0,-0.9659,-0.2588,Evening,1,0.187,0.3983,1.39,325.5,273.75
5:30:00 PM,10,136,30,20,9,195,Tuesday,heavy,17:30:00,17,238.0,0.1487,0.6974,1,0,-0.9659,-0.2588,Evening,1,0.146,0.3655,1.42,233.5,259.38
5:45:00 PM,10,145,18,40,9,212,Tuesday,heavy,17:45:00,17,301.0,0.2311,0.684,1,0,-0.9659,-0.2588,Evening,1,0.274,0.4884,1.79,238.0,274.5
6:00:00 PM,10,138,34,28,5,205,Tuesday,heavy,18:00:00,18,254.0,0.161,0.6732,1,0,-1.0,-0.0,Evening,1,0.2014,0.3898,1.51,301.0,256.62
6:15:00 PM,10,123,10,29,8,170,Tuesday,heavy,18:15:00,18,239.0,0.2176,0.7235,1,0,-1.0,-0.0,Evening,1,0.2339,0.4644,1.42,254.0,258.0
6:30:00 PM,10,105,15,21,9,150,Tuesday,normal,18:30:00,18,202.5,0.2,0.7,1,0,-1.0,-0.0,Evening,1,0.1981,0.4444,1.21,239.0,249.12
6:45:00 PM,10,75,22,20,11,128,Tuesday,normal,18:45:00,18,179.0,0.2422,0.5859,1,0,-1.0,-0.0,Evening,1,0.2632,0.5196,1.07,202.5,218.62
7:00:00 PM,10,90,12,10,13,125,Tuesday,normal,19:00:00,19,165.0,0.184,0.72,0,0,-0.9659,0.2588,Evening,1,0.1099,0.4182,0.98,179.0,196.38
7:15:00 PM,10,102,22,20,16,160,Tuesday,normal,19:15:00,19,221.0,0.225,0.6375,0,0,-0.9659,0.2588,Evening,1,0.1942,0.4887,1.32,165.0,191.88
7:30:00 PM,10,61,18,15,27,121,Tuesday,high,19:30:00,19,196.0,0.3471,0.5041,0,0,-0.9659,0.2588,Evening,1,0.2419,0.6429,1.17,221.0,190.25
7:45:00 PM,10,70,8,14,6,98,Tuesday,low,19:45:00,19,134.0,0.2041,0.7143,0,0,-0.9659,0.2588,Evening,1,0.1972,0.4478,0.8,196.0,179.0
8:00:00 PM,10,80,17,12,34,143,Tuesday,high,20:00:00,20,226.5,0.3217,0.5594,0,0,-0.866,0.5,Evening,0,0.1481,0.6093,1.35,134.0,194.38
8:15:00 PM,10,62,12,14,19,107,Tuesday,normal,20:15:00,20,167.0,0.3084,0.5794,0,0,-0.866,0.5,Evening,0,0.2222,0.5928,0.99,226.5,180.88
8:30:00 PM,10,96,5,11,13,125,Tuesday,normal,20:30:00,20,170.5,0.192,0.768,0,0,-0.866,0.5,Evening,0,0.1134,0.4223,1.02,167.0,174.5
8:45:00 PM,10,102,6,12,13,133,Tuesday,normal,20:45:00,20,180.0,0.188,0.7669,0,0,-0.866,0.5,Evening,0,0.1165,0.4167,1.07,170.5,186.0
9:00:00 PM,10,91,14,15,6,126,Tuesday,normal,21:00:00,21,161.0,0.1667,0.7222,0,0,-0.7071,0.7071,Evening,0,0.163,0.3913,0.96,180.0,169.62
9:15:00 PM,10,95,8,17,13,133,Tuesday,normal,21:15:00,21,189.0,0.2256,0.7143,0,0,-0.7071,0.7071,Evening,0,0.1771,0.4762,1.13,161.0,175.12
9:30:00 PM,10,75,15,12,21,123,Tuesday,high,21:30:00,21,181.5,0.2683,0.6098,0,0,-0.7071,0.7071,Evening,0,0.1579,0.5455,1.08,189.0,177.88
9:45:00 PM,10,53,21,20,10,104,Tuesday,normal,21:45:00,21,153.5,0.2885,0.5096,0,0,-0.7071,0.7071,Evening,0,0.3704,0.5863,0.91,181.5,171.25
10:00:00 PM,10,13,1,0,19,33,Tuesday,normal,22:00:00,22,70.5,0.5758,0.3939,0,0,-0.5,0.866,Night,0,0.0,0.8085,0.42,153.5,148.62
10:15:00 PM,10,10,0,1,24,35,Tuesday,normal,22:15:00,22,85.0,0.7143,0.2857,0,0,-0.5,0.866,Night,0,0.0909,0.8824,0.51,70.5,122.62
10:30:00 PM,10,16,2,0,33,51,Tuesday,normal,22:30:00,22,116.0,0.6471,0.3137,0,0,-0.5,0.866,Night,0,0.0,0.8534,0.69,85.0,106.25
10:45:00 PM,10,11,1,0,29,41,Tuesday,normal,22:45:00,22,98.5,0.7073,0.2683,0,0,-0.5,0.866,Night,0,0.0,0.8832,0.59,116.0,92.5
11:00:00 PM,10,18,2,1,13,34,Tuesday,normal,23:00:00,23,61.0,0.4118,0.5294,0,0,-0.2588,0.9659,Night,0,0.0526,0.6885,0.36,98.5,90.12
11:15:00 PM,10,15,0,1,11,27,Tuesday,low,23:15:00,23,51.0,0.4444,0.5556,0,0,-0.2588,0.9659,Night,0,0.0625,0.7059,0.3,61.0,81.62
11:30:00 PM,10,14,1,0,33,48,Tuesday,normal,23:30:00,23,113.5,0.6875,0.2917,0,0,-0.2588,0.9659,Night,0,0.0,0.8722,0.68,51.0,81.0
11:45:00 PM,10,17,2,0,22,41,Tuesday,normal,23:45:00,23,84.0,0.5366,0.4146,0,0,-0.2588,0.9659,Night,0,0.0,0.7857,0.5,113.5,77.38
12:00:00 AM,11,12,2,1,17,32,Wednesday,normal,00:00:00,0,67.0,0.5625,0.375,0,0,0.0,1.0,Night,0,0.0769,0.806,0.4,67.0,67.0
12:15:00 AM,11,18,0,0,29,47,Wednesday,normal,00:15:00,0,105.0,0.617,0.383,0,0,0.0,1.0,Night,0,0.0,0.8286,0.63,67.0,86.0
12:30:00 AM,11,16,1,0,14,31,Wednesday,normal,00:30:00,0,58.5,0.4516,0.5161,0,0,0.0,1.0,Night,0,0.0,0.7179,0.35,105.0,76.83
12:45:00 AM,11,20,0,0,14,34,Wednesday,normal,00:45:00,0,62.0,0.4118,0.5882,0,0,0.0,1.0,Night,0,0.0,0.6774,0.37,58.5,73.12
1:00:00 AM,11,20,1,1,30,52,Wednesday,normal,01:00:00,1,113.5,0.5962,0.3846,0,0,0.2588,0.9659,Night,0,0.0476,0.8194,0.68,62.0,84.75
1:15:00 AM,11,15,0,1,23,39,Wednesday,normal,01:15:00,1,87.0,0.6154,0.3846,0,0,0.2588,0.9659,Night,0,0.0625,0.8276,0.52,113.5,80.25
1:30:00 AM,11,16,0,1,26,43,Wednesday,normal,01:30:00,1,97.0,0.6279,0.3721,0,0,0.2588,0.9659,Night,0,0.0588,0.8351,0.58,87.0,89.88
1:45:00 AM,11,18,4,0,11,33,Wednesday,low,01:45:00,1,53.0,0.3333,0.5455,0,0,0.2588,0.9659,Night,0,0.0,0.6226,0.32,97.0,87.62
2:00:00 AM,11,17,3,1,36,57,Wednesday,normal,02:00:00,2,129.5,0.6491,0.2982,0,0,0.5,0.866,Night,0,0.0556,0.8571,0.77,53.0,91.62
2:15:00 AM,11,14,4,1,10,29,Wednesday,low,02:15:00,2,49.0,0.3793,0.4828,0,0,0.5,0.866,Night,0,0.0667,0.6735,0.29,129.5,82.12
2:30:00 AM,11,18,2,1,25,46,Wednesday,normal,02:30:00,2,97.0,0.5652,0.3913,0,0,0.5,0.866,Night,0,0.0526,0.8041,0.58,49.0,82.12
2:45:00 AM,11,12,2,0,19,33,Wednesday,normal,02:45:00,2,70.0,0.5758,0.3636,0,0,0.5,0.866,Night,0,0.0,0.8143,0.42,97.0,86.38
3:00:00 AM,11,11,4,0,30,45,Wednesday,normal,03:00:00,3,103.0,0.6667,0.2444,0,0,0.7071,0.7071,Night,0,0.0,0.8738,0.61,70.0,79.75
3:15:00 AM,11,19,1,1,36,57,Wednesday,normal,03:15:00,3,130.5,0.6491,0.3333,0,0,0.7071,0.7071,Night,0,0.05,0.8506,0.78,103.0,100.12
3:30:00 AM,11,10,4,0,36,50,Wednesday,normal,03:30:00,3,120.0,0.72,0.2,0,0,0.7071,0.7071,Night,0,0.0,0.9,0.71,130.5,105.88
3:45:00 AM,11,20,1,1,32,54,Wednesday,normal,03:45:00,3,119.5,0.6111,0.3704,0,0,0.7071,0.7071,Night,0,0.0476,0.8285,0.71,120.0,118.25
4:00:00 AM,11,15,5,1,40,61,Wednesday,normal,04:00:00,4,140.5,0.6721,0.2459,0,0,0.866,0.5,Night,0,0.0625,0.8754,0.84,119.5,127.62
4:15:00 AM,11,104,6,5,1,116,Wednesday,normal,04:15:00,4,125.0,0.0517,0.8966,0,0,0.866,0.5,Night,0,0.0476,0.144,0.74,140.5,126.25
4:30:00 AM,11,109,25,3,8,145,Wednesday,normal,04:30:00,4,154.5,0.0759,0.7517,0,0,0.866,0.5,Night,0,0.0273,0.2136,0.92,125.0,134.88
4:45:00 AM,11,82,23,8,20,133,Wednesday,normal,04:45:00,4,177.5,0.2105,0.6165,0,0,0.866,0.5,Night,0,0.0964,0.4732,1.06,154.5,149.38
5:00:00 AM,11,81,25,1,18,125,Wednesday,normal,05:00:00,5,150.5,0.152,0.648,0,0,0.9659,0.2588,Morning,0,0.0122,0.3787,0.9,177.5,151.88
5:15:00 AM,11,95,16,10,1,122,Wednesday,normal,05:15:00,5,136.0,0.0902,0.7787,0,0,0.9659,0.2588,Morning,0,0.1042,0.2426,0.81,150.5,154.62
5:30:00 AM,11,91,24,7,6,128,Wednesday,normal,05:30:00,5,142.0,0.1016,0.7109,0,0,0.9659,0.2588,Morning,0,0.0761,0.2746,0.85,136.0,151.5
5:45:00 AM,11,81,30,10,0,121,Wednesday,normal,05:45:00,5,126.0,0.0826,0.6694,0,0,0.9659,0.2588,Morning,0,0.122,0.2381,0.75,142.0,138.62
6:00:00 AM,11,125,13,26,2,166,Wednesday,high,06:00:00,6,215.5,0.1687,0.753,1,0,1.0,0.0,Morning,0,0.2063,0.3898,1.28,126.0,154.88
6:15:00 AM,11,125,39,49,3,216,Wednesday,heavy,06:15:00,6,300.5,0.2407,0.5787,1,0,1.0,0.0,Morning,0,0.3889,0.5191,1.79,215.5,196.0
6:30:00 AM,11,125,34,37,1,197,Wednesday,heavy,06:30:00,6,256.0,0.1929,0.6345,1,0,1.0,0.0,Morning,0,0.2937,0.4453,1.52,300.5,224.5
6:45:00 AM,11,125,19,25,4,173,Wednesday,heavy,06:45:00,6,221.5,0.1676,0.7225,1,0,1.0,0.0,Morning,0,0.1984,0.3928,1.32,256.0,248.38
7:00:00 AM,11,125,15,49,0,189,Wednesday,heavy,07:00:00,7,279.5,0.2593,0.6614,1,0,0.9659,-0.2588,Morning,0,0.3889,0.5259,1.66,221.5,264.38
7:15:00 AM,11,125,32,50,5,212,Wednesday,heavy,07:15:00,7,306.0,0.2594,0.5896,1,0,0.9659,-0.2588,Morning,0,0.3968,0.5392,1.82,279.5,265.75
7:30:00 AM,11,125,38,50,1,214,Wednesday,heavy,07:30:00,7,297.0,0.2383,0.5841,1,0,0.9659,-0.2588,Morning,0,0.3968,0.5152,1.77,306.0,276.0
7:45:00 AM,11,125,29,29,3,186,Wednesday,heavy,07:45:00,7,235.5,0.172,0.672,1,0,0.9659,-0.2588,Morning,0,0.2302,0.4076,1.4,297.0,279.5
8:00:00 AM,11,125,31,48,4,208,Wednesday,heavy,08:00:00,8,296.5,0.25,0.601,1,0,0.866,-0.5,Morning,1,0.381,0.5261,1.77,235.5,283.75
8:15:00 AM,11,125,32,50,0,207,Wednesday,heavy,08:15:00,8,291.0,0.2415,0.6039,1,0,0.866,-0.5,Morning,1,0.3968,0.5155,1.73,296.5,280.0
8:30:00 AM,11,125,31,45,0,201,Wednesday,heavy,08:30:00,8,275.5,0.2239,0.6219,1,0,0.866,-0.5,Morning,1,0.3571,0.49,1.64,291.0,274.62
8:45:00 AM,11,125,21,20,1,167,Wednesday,normal,08:45:00,8,198.5,0.1257,0.7485,1,0,0.866,-0.5,Morning,1,0.1587,0.3174,1.18,275.5,265.38
9:00:00 AM,11,125,28,36,0,189,Wednesday,heavy,09:00:00,9,247.0,0.1905,0.6614,0,0,0.7071,-0.7071,Morning,1,0.2857,0.4372,1.47,198.5,253.0
9:15:00 AM,11,39,10,37,16,102,Wednesday,normal,09:15:00,9,203.0,0.5196,0.3824,0,0,0.7071,-0.7071,Morning,1,0.925,0.7833,1.21,247.0,231.0
9:30:00 AM,11,89,8,12,13,122,Wednesday,normal,09:30:00,9,168.0,0.2049,0.7295,0,0,0.7071,-0.7071,Morning,1,0.1333,0.4464,1.0,203.0,204.12
9:45:00 AM,11,51,16,16,13,96,Wednesday,normal,09:45:00,9,146.0,0.3021,0.5312,0,0,0.7071,-0.7071,Morning,1,0.3077,0.5959,0.87,168.0,191.0
10:00:00 AM,11,17,9,18,28,72,Wednesday,normal,10:00:00,10,159.5,0.6389,0.2361,0,0,0.5,-0.866,Morning,0,1.0,0.8652,0.95,146.0,169.12
10:15:00 AM,11,48,25,36,21,130,Wednesday,high,10:15:00,10,231.5,0.4385,0.3692,0,0,0.5,-0.866,Morning,0,0.7347,0.7387,1.38,159.5,176.25
10:30:00 AM,11,93,7,30,16,146,Wednesday,high,10:30:00,10,234.5,0.3151,0.637,0,0,0.5,-0.866,Morning,0,0.3191,0.5885,1.4,231.5,192.88
10:45:00 AM,11,55,15,36,15,121,Wednesday,high,10:45:00,10,215.5,0.4215,0.4545,0,0,0.5,-0.866,Morning,0,0.6429,0.71,1.28,234.5,210.25
11:00:00 AM,11,51,10,8,22,91,Wednesday,normal,11:00:00,11,146.0,0.3297,0.5604,0,0,0.2588,-0.9659,Morning,0,0.1538,0.6164,0.87,215.5,206.88
11:15:00 AM,11,51,7,3,24,85,Wednesday,normal,11:15:00,11,135.5,0.3176,0.6,0,0,0.2588,-0.9659,Morning,0,0.0577,0.5978,0.81,146.0,182.88
11:30:00 AM,11,51,9,7,30,97,Wednesday,normal,11:30:00,11,166.5,0.3814,0.5258,0,0,0.2588,-0.9659,Morning,0,0.1346,0.6667,0.99,135.5,165.88
11:45:00 AM,11,51,7,14,20,92,Wednesday,normal,11:45:00,11,156.5,0.3696,0.5543,0,0,0.2588,-0.9659,Morning,0,0.2692,0.6518,0.93,166.5,151.12
12:00:00 PM,11,51,10,14,20,95,Wednesday,normal,12:00:00,12,158.0,0.3579,0.5368,0,0,0.0,-1.0,Afternoon,0,0.2692,0.6456,0.94,156.5,154.12
12:15:00 PM,11,51,10,6,22,89,Wednesday,normal,12:15:00,12,140.0,0.3146,0.573,0,0,0.0,-1.0,Afternoon,0,0.1154,0.6,0.83,158.0,155.25
12:30:00 PM,11,51,8,11,22,92,Wednesday,normal,12:30:00,12,154.0,0.3587,0.5543,0,0,0.0,-1.0,Afternoon,0,0.2115,0.6429,0.92,140.0,152.12
12:45:00 PM,11,51,6,10,26,93,Wednesday,normal,12:45:00,12,162.0,0.3871,0.5484,0,0,0.0,-1.0,Afternoon,0,0.1923,0.6667,0.96,154.0,153.5
1:00:00 PM,11,51,7,7,27,92,Wednesday,normal,13:00:00,13,156.5,0.3696,0.5543,0,0,-0.2588,-0.9659,Afternoon,0,0.1346,0.6518,0.93,162.0,153.12
1:15:00 PM,11,104,17,25,20,166,Wednesday,normal,13:15:00,13,247.5,0.2711,0.6265,0,0,-0.2588,-0.9659,Afternoon,0,0.2381,0.5455,1.47,156.5,180.0
1:30:00 PM,11,6,28,27,14,75,Wednesday,normal,13:30:00,13,143.0,0.5467,0.08,0,0,-0.2588,-0.9659,Afternoon,0,3.8571,0.8601,0.85,247.5,177.25
1:45:00 PM,11,54,29,37,9,129,Wednesday,high,13:45:00,13,206.5,0.3566,0.4186,0,0,-0.2588,-0.9659,Afternoon,0,0.6727,0.6683,1.23,143.0,188.38
2:00:00 PM,11,43,13,30,20,106,Wednesday,normal,14:00:00,14,199.5,0.4717,0.4057,0,0,-0.5,-0.866,Afternoon,0,0.6818,0.7519,1.19,206.5,199.12
2:15:00 PM,11,60,21,26,11,118,Wednesday,high,14:15:00,14,181.5,0.3136,0.5085,0,0,-0.5,-0.866,Afternoon,0,0.4262,0.6116,1.08,199.5,182.62
2:30:00 PM,11,101,23,8,20,152,Wednesday,normal,14:30:00,14,196.5,0.1842,0.6645,0,0,-0.5,-0.866,Afternoon,0,0.0784,0.4275,1.17,181.5,196.0
2:45:00 PM,11,62,26,19,11,118,Wednesday,normal,14:45:00,14,165.0,0.2542,0.5254,0,0,-0.5,-0.866,Afternoon,0,0.3016,0.5455,0.98,196.5,185.62
3:00:00 PM,11,39,24,13,11,87,Wednesday,low,15:00:00,15,123.0,0.2759,0.4483,0,0,-0.7071,-0.7071,Afternoon,0,0.325,0.5854,0.73,165.0,166.5
3:15:00 PM,11,90,20,35,7,152,Wednesday,high,15:15:00,15,226.0,0.2763,0.5921,0,0,-0.7071,-0.7071,Afternoon,0,0.3846,0.5575,1.35,123.0,177.62
3:30:00 PM,11,109,30,22,20,181,Wednesday,heavy,15:30:00,15,250.0,0.232,0.6022,0,0,-0.7071,-0.7071,Afternoon,0,0.2,0.504,1.49,226.0,191.0
3:45:00 PM,11,68,26,25,20,139,Wednesday,normal,15:45:00,15,216.0,0.3237,0.4892,0,0,-0.7071,-0.7071,Afternoon,0,0.3623,0.625,1.29,250.0,203.75
4:00:00 PM,11,142,22,37,6,207,Wednesday,heavy,16:00:00,16,282.0,0.2077,0.686,1,0,-0.866,-0.5,Afternoon,0,0.2587,0.4574,1.68,216.0,243.5
4:15:00 PM,11,113,14,20,5,152,Wednesday,normal,16:15:00,16,195.0,0.1645,0.7434,1,0,-0.866,-0.5,Afternoon,0,0.1754,0.3846,1.16,282.0,235.75
4:30:00 PM,11,142,13,37,8,200,Wednesday,heavy,16:30:00,16,283.5,0.225,0.71,1,0,-0.866,-0.5,Afternoon,0,0.2587,0.4762,1.69,195.0,244.12
4:45:00 PM,11,108,23,26,9,166,Wednesday,high,16:45:00,16,224.5,0.2108,0.6506,1,0,-0.866,-0.5,Afternoon,0,0.2385,0.4677,1.34,283.5,246.25
5:00:00 PM,11,122,29,30,7,188,Wednesday,heavy,17:00:00,17,247.5,0.1968,0.6489,1,0,-0.9659,-0.2588,Evening,1,0.2439,0.4485,1.47,224.5,237.62
5:15:00 PM,11,133,12,30,7,182,Wednesday,heavy,17:15:00,17,250.0,0.2033,0.7308,1,0,-0.9659,-0.2588,Evening,1,0.2239,0.444,1.49,247.5,251.38
5:30:00 PM,11,118,23,38,10,189,Wednesday,heavy,17:30:00,17,273.5,0.254,0.6243,1,0,-0.9659,-0.2588,Evening,1,0.3193,0.5265,1.63,250.0,248.88
5:45:00 PM,11,121,35,26,8,190,Wednesday,heavy,17:45:00,17,240.5,0.1789,0.6368,1,0,-0.9659,-0.2588,Evening,1,0.2131,0.4241,1.43,273.5,252.88
6:00:00 PM,11,116,23,20,8,167,Wednesday,normal,18:00:00,18,211.5,0.1677,0.6946,1,0,-1.0,-0.0,Evening,1,0.1709,0.3972,1.26,240.5,243.88
6:15:00 PM,11,132,12,27,8,179,Wednesday,heavy,18:15:00,18,243.0,0.1955,0.7374,1,0,-1.0,-0.0,Evening,1,0.203,0.4321,1.45,211.5,242.12
6:30:00 PM,11,144,17,33,7,201,Wednesday,heavy,18:30:00,18,272.5,0.199,0.7164,1,0,-1.0,-0.0,Evening,1,0.2276,0.4404,1.62,243.0,241.88
6:45:00 PM,11,103,21,11,11,146,Wednesday,normal,18:45:00,18,179.5,0.1507,0.7055,1,0,-1.0,-0.0,Evening,1,0.1058,0.3677,1.07,272.5,226.62
7:00:00 PM,11,107,15,10,15,147,Wednesday,normal,19:00:00,19,189.5,0.1701,0.7279,0,0,-0.9659,0.2588,Evening,1,0.0926,0.3958,1.13,179.5,221.12
7:15:00 PM,11,50,10,10,17,87,Wednesday,normal,19:15:00,19,136.0,0.3103,0.5747,0,0,-0.9659,0.2588,Evening,1,0.1961,0.5956,0.81,189.5,194.38
7:30:00 PM,11,108,15,10,6,139,Wednesday,normal,19:30:00,19,163.5,0.1151,0.777,0,0,-0.9659,0.2588,Evening,1,0.0917,0.2936,0.97,136.0,167.12
7:45:00 PM,11,108,24,15,29,176,Wednesday,heavy,19:45:00,19,252.0,0.25,0.6136,0,0,-0.9659,0.2588,Evening,1,0.1376,0.5238,1.5,163.5,185.25
8:00:00 PM,11,101,6,15,13,135,Wednesday,normal,20:00:00,20,188.0,0.2074,0.7481,0,0,-0.866,0.5,Evening,0,0.1471,0.4468,1.12,252.0,184.88
8:15:00 PM,11,55,17,12,19,103,Wednesday,normal,20:15:00,20,156.5,0.301,0.534,0,0,-0.866,0.5,Evening,0,0.2143,0.5942,0.93,188.0,190.0
8:30:00 PM,11,77,7,20,16,120,Wednesday,normal,20:30:00,20,188.5,0.3,0.6417,0,0,-0.866,0.5,Evening,0,0.2564,0.5729,1.12,156.5,196.25
8:45:00 PM,11,91,12,19,8,130,Wednesday,normal,20:45:00,20,178.0,0.2077,0.7,0,0,-0.866,0.5,Evening,0,0.2065,0.4551,1.06,188.5,177.75
9:00:00 PM,11,95,25,17,29,166,Wednesday,high,21:00:00,21,245.5,0.2771,0.5723,0,0,-0.7071,0.7071,Evening,0,0.1771,0.5621,1.46,178.0,192.12
9:15:00 PM,11,78,17,17,27,139,Wednesday,high,21:15:00,21,218.5,0.3165,0.5612,0,0,-0.7071,0.7071,Evening,0,0.2152,0.6041,1.3,245.5,207.62
9:30:00 PM,11,98,16,16,21,151,Wednesday,high,21:30:00,21,217.0,0.245,0.649,0,0,-0.7071,0.7071,Evening,0,0.1616,0.5115,1.29,218.5,214.75
9:45:00 PM,11,86,13,11,35,145,Wednesday,high,21:45:00,21,230.5,0.3172,0.5931,0,0,-0.7071,0.7071,Evening,0,0.1264,0.5987,1.37,217.0,227.88
10:00:00 PM,11,18,4,0,16,38,Wednesday,normal,22:00:00,22,68.0,0.4211,0.4737,0,0,-0.5,0.866,Night,0,0.0,0.7059,0.4,230.5,183.5
10:15:00 PM,11,18,5,0,12,35,Wednesday,low,22:15:00,22,56.5,0.3429,0.5143,0,0,-0.5,0.866,Night,0,0.0,0.6372,0.34,68.0,143.0
10:30:00 PM,11,18,2,1,25,46,Wednesday,normal,22:30:00,22,97.0,0.5652,0.3913,0,0,-0.5,0.866,Night,0,0.0526,0.8041,0.58,56.5,113.0
10:45:00 PM,11,18,1,0,17,36,Wednesday,normal,22:45:00,22,69.5,0.4722,0.5,0,0,-0.5,0.866,Night,0,0.0,0.7338,0.41,97.0,72.75
11:00:00 PM,11,18,5,0,21,44,Wednesday,normal,23:00:00,23,83.5,0.4773,0.4091,0,0,-0.2588,0.9659,Night,0,0.0,0.7545,0.5,69.5,76.62
11:15:00 PM,11,18,0,1,12,31,Wednesday,low,23:15:00,23,57.0,0.4194,0.5806,0,0,-0.2588,0.9659,Night,0,0.0526,0.6842,0.34,83.5,76.75
11:30:00 PM,11,18,3,1,28,50,Wednesday,normal,23:30:00,23,106.5,0.58,0.36,0,0,-0.2588,0.9659,Night,0,0.0526,0.8169,0.63,57.0,79.12
11:45:00 PM,11,18,4,1,40,63,Wednesday,normal,23:45:00,23,143.0,0.6508,0.2857,0,0,-0.2588,0.9659,Night,0,0.0526,0.8601,0.85,106.5,97.5
12:00:00 AM,12,18,1,1,39,59,Thursday,normal,00:00:00,0,138.5,0.678,0.3051,0,0,0.0,1.0,Night,0,0.0526,0.8664,0.82,138.5,138.5
12:15:00 AM,12,18,4,0,30,52,Thursday,normal,00:15:00,0,110.0,0.5769,0.3462,0,0,0.0,1.0,Night,0,0.0,0.8182,0.65,138.5,124.25
12:30:00 AM,12,18,5,1,13,37,Thursday,normal,00:30:00,0,62.5,0.3784,0.4865,0,0,0.0,1.0,Night,0,0.0526,0.672,0.37,110.0,103.67
12:45:00 AM,12,18,2,0,37,57,Thursday,normal,00:45:00,0,130.0,0.6491,0.3158,0,0,0.0,1.0,Night,0,0.0,0.8538,0.77,62.5,110.25
1:00:00 AM,12,18,0,0,13,31,Thursday,normal,01:00:00,1,57.0,0.4194,0.5806,0,0,0.2588,0.9659,Night,0,0.0,0.6842,0.34,130.0,89.88
1:15:00 AM,12,18,5,0,11,34,Thursday,low,01:15:00,1,53.5,0.3235,0.5294,0,0,0.2588,0.9659,Night,0,0.0,0.6168,0.32,57.0,75.75
1:30:00 AM,12,18,5,1,12,36,Thursday,low,01:30:00,1,59.5,0.3611,0.5,0,0,0.2588,0.9659,Night,0,0.0526,0.6555,0.35,53.5,75.0
1:45:00 AM,12,18,1,1,16,36,Thursday,normal,01:45:00,1,69.5,0.4722,0.5,0,0,0.2588,0.9659,Night,0,0.0526,0.7338,0.41,59.5,59.88
2:00:00 AM,12,18,1,1,34,54,Thursday,normal,02:00:00,2,123.5,0.6481,0.3333,0,0,0.5,0.866,Night,0,0.0526,0.8502,0.74,69.5,76.5
2:15:00 AM,12,18,1,0,24,43,Thursday,normal,02:15:00,2,90.5,0.5581,0.4186,0,0,0.5,0.866,Night,0,0.0,0.7956,0.54,123.5,85.75
2:30:00 AM,12,18,0,0,23,41,Thursday,normal,02:30:00,2,87.0,0.561,0.439,0,0,0.5,0.866,Night,0,0.0,0.7931,0.52,90.5,92.62
2:45:00 AM,12,18,0,0,27,45,Thursday,normal,02:45:00,2,99.0,0.6,0.4,0,0,0.5,0.866,Night,0,0.0,0.8182,0.59,87.0,100.0
3:00:00 AM,12,18,5,0,28,51,Thursday,normal,03:00:00,3,104.5,0.549,0.3529,0,0,0.7071,0.7071,Night,0,0.0,0.8038,0.62,99.0,95.25
3:15:00 AM,12,18,1,0,14,33,Thursday,normal,03:15:00,3,60.5,0.4242,0.5455,0,0,0.7071,0.7071,Night,0,0.0,0.6942,0.36,104.5,87.75
3:30:00 AM,12,18,5,0,25,48,Thursday,normal,03:30:00,3,95.5,0.5208,0.375,0,0,0.7071,0.7071,Night,0,0.0,0.7853,0.57,60.5,89.88
3:45:00 AM,12,18,4,1,30,53,Thursday,normal,03:45:00,3,113.0,0.5849,0.3396,0,0,0.7071,0.7071,Night,0,0.0526,0.823,0.67,95.5,93.38
4:00:00 AM,12,18,5,1,30,54,Thursday,normal,04:00:00,4,113.5,0.5741,0.3333,0,0,0.866,0.5,Night,0,0.0526,0.8194,0.68,113.0,95.62
4:15:00 AM,12,62,24,7,2,95,Thursday,low,04:15:00,4,101.0,0.0947,0.6526,0,0,0.866,0.5,Night,0,0.1111,0.2673,0.6,113.5,105.75
4:30:00 AM,12,51,23,6,1,81,Thursday,low,04:30:00,4,83.5,0.0864,0.6296,0,0,0.866,0.5,Night,0,0.1154,0.2515,0.5,101.0,102.75
4:45:00 AM,12,114,23,10,19,166,Thursday,normal,04:45:00,4,212.5,0.1747,0.6867,0,0,0.866,0.5,Night,0,0.087,0.4094,1.27,83.5,127.62
5:00:00 AM,12,85,22,9,9,125,Thursday,normal,05:00:00,5,150.0,0.144,0.68,0,0,0.9659,0.2588,Morning,0,0.1047,0.36,0.89,212.5,136.75
5:15:00 AM,12,102,24,4,20,150,Thursday,normal,05:15:00,5,186.0,0.16,0.68,0,0,0.9659,0.2588,Morning,0,0.0388,0.3871,1.11,150.0,158.0
5:30:00 AM,12,101,18,3,17,139,Thursday,normal,05:30:00,5,170.0,0.1439,0.7266,0,0,0.9659,0.2588,Morning,0,0.0294,0.3529,1.01,186.0,179.62
5:45:00 AM,12,116,19,0,17,152,Thursday,normal,05:45:00,5,176.5,0.1118,0.7632,0,0,0.9659,0.2588,Morning,0,0.0,0.289,1.05,170.0,170.62
6:00:00 AM,12,117,38,50,5,210,Thursday,heavy,06:00:00,6,301.0,0.2619,0.5571,1,0,1.0,0.0,Morning,0,0.4237,0.5482,1.79,176.5,208.38
6:15:00 AM,12,114,32,34,2,182,Thursday,heavy,06:15:00,6,238.0,0.1978,0.6264,1,0,1.0,0.0,Morning,0,0.2957,0.4538,1.42,301.0,221.38
6:30:00 AM,12,120,17,23,1,161,Thursday,normal,06:30:00,6,200.5,0.1491,0.7453,1,0,1.0,0.0,Morning,0,0.1901,0.3591,1.19,238.0,229.0
6:45:00 AM,12,145,20,25,2,192,Thursday,heavy,06:45:00,6,236.0,0.1406,0.7552,1,0,1.0,0.0,Morning,0,0.1712,0.3432,1.41,200.5,243.88
7:00:00 AM,12,125,30,48,1,204,Thursday,heavy,07:00:00,7,287.0,0.2402,0.6127,1,0,0.9659,-0.2588,Morning,0,0.381,0.5122,1.71,236.0,240.38
7:15:00 AM,12,103,27,45,1,176,Thursday,heavy,07:15:00,7,254.5,0.2614,0.5852,1,0,0.9659,-0.2588,Morning,0,0.4327,0.5422,1.52,287.0,244.5
7:30:00 AM,12,114,20,43,1,178,Thursday,heavy,07:30:00,7,256.0,0.2472,0.6404,1,0,0.9659,-0.2588,Morning,0,0.3739,0.5156,1.52,254.5,258.38
7:45:00 AM,12,145,10,44,1,200,Thursday,heavy,07:45:00,7,285.0,0.225,0.725,1,0,0.9659,-0.2588,Morning,0,0.3014,0.4737,1.7,256.0,270.62
8:00:00 AM,12,147,31,20,4,202,Thursday,heavy,08:00:00,8,234.5,0.1188,0.7277,1,0,0.866,-0.5,Morning,1,0.1351,0.307,1.4,285.0,257.5
8:15:00 AM,12,104,24,40,0,168,Thursday,heavy,08:15:00,8,236.0,0.2381,0.619,1,0,0.866,-0.5,Morning,1,0.381,0.5085,1.41,234.5,252.88
8:30:00 AM,12,124,11,22,0,157,Thursday,normal,08:30:00,8,195.5,0.1401,0.7898,1,0,0.866,-0.5,Morning,1,0.176,0.3376,1.16,236.0,237.75
8:45:00 AM,12,101,37,31,4,173,Thursday,heavy,08:45:00,8,224.5,0.2023,0.5838,1,0,0.866,-0.5,Morning,1,0.3039,0.4677,1.34,195.5,222.62
9:00:00 AM,12,144,30,37,1,212,Thursday,heavy,09:00:00,9,273.0,0.1792,0.6792,0,0,0.7071,-0.7071,Morning,1,0.2552,0.4176,1.63,224.5,232.25
9:15:00 AM,12,24,18,37,18,97,Thursday,normal,09:15:00,9,198.0,0.567,0.2474,0,0,0.7071,-0.7071,Morning,1,1.48,0.8333,1.18,273.0,222.75
9:30:00 AM,12,24,8,17,25,74,Thursday,normal,09:30:00,9,154.0,0.5676,0.3243,0,0,0.7071,-0.7071,Morning,1,0.68,0.8182,0.92,198.0,212.38
9:45:00 AM,12,16,22,12,20,70,Thursday,normal,09:45:00,9,123.0,0.4571,0.2286,0,0,0.7071,-0.7071,Morning,1,0.7059,0.7805,0.73,154.0,187.0
10:00:00 AM,12,26,2,39,26,93,Thursday,normal,10:00:00,10,222.0,0.6989,0.2796,0,0,0.5,-0.866,Morning,0,1.4444,0.8784,1.32,123.0,174.25
10:15:00 AM,12,90,7,18,15,130,Thursday,normal,10:15:00,10,192.5,0.2538,0.6923,0,0,0.5,-0.866,Morning,0,0.1978,0.5143,1.15,222.0,172.88
10:30:00 AM,12,59,6,11,11,87,Thursday,low,10:30:00,10,128.0,0.2529,0.6782,0,0,0.5,-0.866,Morning,0,0.1833,0.5156,0.76,192.5,166.38
10:45:00 AM,12,28,7,22,18,75,Thursday,normal,10:45:00,10,151.5,0.5333,0.3733,0,0,0.5,-0.866,Morning,0,0.7586,0.7921,0.9,128.0,173.5
11:00:00 AM,12,60,5,14,21,100,Thursday,normal,11:00:00,11,167.5,0.35,0.6,0,0,0.2588,-0.9659,Morning,0,0.2295,0.6269,1.0,151.5,159.88
11:15:00 AM,12,69,9,8,23,109,Thursday,normal,11:15:00,11,166.5,0.2844,0.633,0,0,0.2588,-0.9659,Morning,0,0.1143,0.5586,0.99,167.5,153.38
11:30:00 AM,12,59,9,12,26,106,Thursday,normal,11:30:00,11,177.5,0.3585,0.5566,0,0,0.2588,-0.9659,Morning,0,0.2,0.6423,1.06,166.5,165.75
11:45:00 AM,12,24,10,5,21,60,Thursday,normal,11:45:00,11,107.0,0.4333,0.4,0,0,0.2588,-0.9659,Morning,0,0.2,0.729,0.64,177.5,154.62
12:00:00 PM,12,41,7,7,21,76,Thursday,normal,12:00:00,12,128.5,0.3684,0.5395,0,0,0.0,-1.0,Afternoon,0,0.1667,0.6537,0.77,107.0,144.88
12:15:00 PM,12,48,10,9,29,96,Thursday,normal,12:15:00,12,167.0,0.3958,0.5,0,0,0.0,-1.0,Afternoon,0,0.1837,0.6826,0.99,128.5,145.0
12:30:00 PM,12,59,10,14,23,106,Thursday,normal,12:30:00,12,175.0,0.3491,0.5566,0,0,0.0,-1.0,Afternoon,0,0.2333,0.6343,1.04,167.0,144.38
12:45:00 PM,12,67,7,12,28,114,Thursday,high,12:45:00,12,190.5,0.3509,0.5877,0,0,0.0,-1.0,Afternoon,0,0.1765,0.6299,1.13,175.0,165.25
1:00:00 PM,12,52,9,8,20,89,Thursday,normal,13:00:00,13,140.5,0.3146,0.5843,0,0,-0.2588,-0.9659,Afternoon,0,0.1509,0.5979,0.84,190.5,168.25
1:15:00 PM,12,45,26,29,10,110,Thursday,normal,13:15:00,13,175.0,0.3545,0.4091,0,0,-0.2588,-0.9659,Afternoon,0,0.6304,0.6686,1.04,140.5,170.25
1:30:00 PM,12,14,21,7,18,60,Thursday,normal,13:30:00,13,99.5,0.4167,0.2333,0,0,-0.2588,-0.9659,Afternoon,0,0.4667,0.7538,0.59,175.0,151.38
1:45:00 PM,12,55,22,24,10,111,Thursday,normal,13:45:00,13,168.0,0.3063,0.4955,0,0,-0.2588,-0.9659,Afternoon,0,0.4286,0.6071,1.0,99.5,145.75
2:00:00 PM,12,45,14,39,5,103,Thursday,normal,14:00:00,14,184.0,0.4272,0.4369,0,0,-0.5,-0.866,Afternoon,0,0.8478,0.7174,1.1,168.0,156.62
2:15:00 PM,12,90,17,16,11,134,Thursday,normal,14:15:00,14,179.5,0.2015,0.6716,0,0,-0.5,-0.866,Afternoon,0,0.1758,0.4513,1.07,184.0,157.75
2:30:00 PM,12,33,21,25,5,84,Thursday,normal,14:30:00,14,133.5,0.3571,0.3929,0,0,-0.5,-0.866,Afternoon,0,0.7353,0.6742,0.79,179.5,166.25
2:45:00 PM,12,118,25,31,13,187,Thursday,heavy,14:45:00,14,262.5,0.2353,0.631,0,0,-0.5,-0.866,Afternoon,0,0.2605,0.5029,1.56,133.5,189.88
3:00:00 PM,12,86,28,13,5,132,Thursday,normal,15:00:00,15,154.0,0.1364,0.6515,0,0,-0.7071,-0.7071,Afternoon,0,0.1494,0.3506,0.92,262.5,182.38
3:15:00 PM,12,105,29,22,12,168,Thursday,heavy,15:15:00,15,221.5,0.2024,0.625,0,0,-0.7071,-0.7071,Afternoon,0,0.2075,0.4605,1.32,154.0,192.88
3:30:00 PM,12,10,19,26,8,63,Thursday,normal,15:30:00,15,121.5,0.5397,0.1587,0,0,-0.7071,-0.7071,Afternoon,0,2.3636,0.8395,0.72,221.5,189.88
3:45:00 PM,12,46,22,18,9,95,Thursday,normal,15:45:00,15,138.0,0.2842,0.4842,0,0,-0.7071,-0.7071,Afternoon,0,0.383,0.587,0.82,121.5,158.75
4:00:00 PM,12,105,35,48,6,194,Thursday,heavy,16:00:00,16,284.5,0.2784,0.5412,1,0,-0.866,-0.5,Afternoon,0,0.4528,0.5694,1.69,138.0,191.38
4:15:00 PM,12,135,37,34,5,211,Thursday,heavy,16:15:00,16,270.5,0.1848,0.6398,1,0,-0.866,-0.5,Afternoon,0,0.25,0.4325,1.61,284.5,203.62
4:30:00 PM,12,103,29,44,6,182,Thursday,heavy,16:30:00,16,267.5,0.2747,0.5659,1,0,-0.866,-0.5,Afternoon,0,0.4231,0.5607,1.59,270.5,240.12
4:45:00 PM,12,113,13,42,10,178,Thursday,heavy,16:45:00,16,275.5,0.2921,0.6348,1,0,-0.866,-0.5,Afternoon,0,0.3684,0.5662,1.64,267.5,274.5
5:00:00 PM,12,103,20,27,9,159,Thursday,high,17:00:00,17,221.0,0.2264,0.6478,1,0,-0.9659,-0.2588,Evening,1,0.2596,0.4887,1.32,275.5,258.62
5:15:00 PM,12,150,13,20,9,192,Thursday,heavy,17:15:00,17,243.5,0.151,0.7812,1,0,-0.9659,-0.2588,Evening,1,0.1325,0.3573,1.45,221.0,251.88
5:30:00 PM,12,116,25,33,8,182,Thursday,heavy,17:30:00,17,251.5,0.2253,0.6374,1,0,-0.9659,-0.2588,Evening,1,0.2821,0.4891,1.5,243.5,247.88
5:45:00 PM,12,109,16,41,9,175,Thursday,heavy,17:45:00,17,267.0,0.2857,0.6229,1,0,-0.9659,-0.2588,Evening,1,0.3727,0.5618,1.59,251.5,245.75
6:00:00 PM,12,112,11,50,5,178,Thursday,heavy,18:00:00,18,282.5,0.309,0.6292,1,0,-1.0,-0.0,Evening,1,0.4425,0.5841,1.68,267.0,261.12
6:15:00 PM,12,104,31,30,5,170,Thursday,heavy,18:15:00,18,224.5,0.2059,0.6118,1,0,-1.0,-0.0,Evening,1,0.2857,0.4677,1.34,282.5,256.38
6:30:00 PM,12,146,18,40,6,210,Thursday,heavy,18:30:00,18,293.0,0.219,0.6952,1,0,-1.0,-0.0,Evening,1,0.2721,0.471,1.74,224.5,266.75
6:45:00 PM,12,110,24,10,29,173,Thursday,heavy,18:45:00,18,239.0,0.2254,0.6358,1,0,-1.0,-0.0,Evening,1,0.0901,0.4895,1.42,293.0,259.75
7:00:00 PM,12,60,15,12,25,112,Thursday,high,19:00:00,19,178.5,0.3304,0.5357,0,0,-0.9659,0.2588,Evening,1,0.1967,0.6218,1.06,239.0,233.75
7:15:00 PM,12,103,9,14,29,155,Thursday,high,19:15:00,19,236.5,0.2774,0.6645,0,0,-0.9659,0.2588,Evening,1,0.1346,0.5455,1.41,178.5,236.75
7:30:00 PM,12,102,6,15,6,129,Thursday,normal,19:30:00,19,168.0,0.1628,0.7907,0,0,-0.9659,0.2588,Evening,1,0.1456,0.375,1.0,236.5,205.5
7:45:00 PM,12,51,17,16,8,92,Thursday,normal,19:45:00,19,131.5,0.2609,0.5543,0,0,-0.9659,0.2588,Evening,1,0.3077,0.5475,0.78,168.0,178.62
8:00:00 PM,12,62,12,11,18,103,Thursday,normal,20:00:00,20,155.0,0.2816,0.6019,0,0,-0.866,0.5,Evening,0,0.1746,0.5613,0.92,131.5,172.75
8:15:00 PM,12,103,14,12,5,134,Thursday,normal,20:15:00,20,161.0,0.1269,0.7687,0,0,-0.866,0.5,Evening,0,0.1154,0.3168,0.96,155.0,153.88
8:30:00 PM,12,50,7,11,23,91,Thursday,normal,20:30:00,20,155.5,0.3736,0.5495,0,0,-0.866,0.5,Evening,0,0.2157,0.6559,0.93,161.0,150.75
8:45:00 PM,12,80,14,20,6,120,Thursday,normal,20:45:00,20,165.0,0.2167,0.6667,0,0,-0.866,0.5,Evening,0,0.2469,0.4727,0.98,155.5,159.12
9:00:00 PM,12,98,13,18,21,150,Thursday,high,21:00:00,21,221.5,0.26,0.6533,0,0,-0.7071,0.7071,Evening,0,0.1818,0.5282,1.32,165.0,175.75
9:15:00 PM,12,53,25,20,13,111,Thursday,normal,21:15:00,21,164.5,0.2973,0.4775,0,0,-0.7071,0.7071,Evening,0,0.3704,0.6018,0.98,221.5,176.62
9:30:00 PM,12,52,8,10,27,97,Thursday,normal,21:30:00,21,167.0,0.3814,0.5361,0,0,-0.7071,0.7071,Evening,0,0.1887,0.6647,0.99,164.5,179.5
9:45:00 PM,12,71,23,13,21,128,Thursday,high,21:45:00,21,184.5,0.2656,0.5547,0,0,-0.7071,0.7071,Evening,0,0.1806,0.5528,1.1,167.0,184.38
10:00:00 PM,12,17,3,0,29,49,Thursday,normal,22:00:00,22,105.5,0.5918,0.3469,0,0,-0.5,0.866,Night,0,0.0,0.8246,0.63,184.5,155.38
10:15:00 PM,12,20,5,1,36,62,Thursday,normal,22:15:00,22,133.5,0.5968,0.3226,0,0,-0.5,0.866,Night,0,0.0476,0.8315,0.79,105.5,147.62
10:30:00 PM,12,15,0,0,32,47,Thursday,normal,22:30:00,22,111.0,0.6809,0.3191,0,0,-0.5,0.866,Night,0,0.0,0.8649,0.66,133.5,133.62
10:45:00 PM,12,15,0,1,20,36,Thursday,normal,22:45:00,22,78.0,0.5833,0.4167,0,0,-0.5,0.866,Night,0,0.0625,0.8077,0.46,111.0,107.0
11:00:00 PM,12,14,2,0,23,39,Thursday,normal,23:00:00,23,84.0,0.5897,0.359,0,0,-0.2588,0.9659,Night,0,0.0,0.8214,0.5,78.0,101.62
11:15:00 PM,12,13,1,0,29,43,Thursday,normal,23:15:00,23,100.5,0.6744,0.3023,0,0,-0.2588,0.9659,Night,0,0.0,0.8657,0.6,84.0,93.38
11:30:00 PM,12,14,5,0,31,50,Thursday,normal,23:30:00,23,109.5,0.62,0.28,0,0,-0.2588,0.9659,Night,0,0.0,0.8493,0.65,100.5,93.0
11:45:00 PM,12,16,3,0,33,52,Thursday,normal,23:45:00,23,116.5,0.6346,0.3077,0,0,-0.2588,0.9659,Night,0,0.0,0.8498,0.69,109.5,102.62
12:00:00 AM,13,18,4,1,15,38,Friday,normal,00:00:00,0,68.0,0.4211,0.4737,0,0,0.0,1.0,Night,0,0.0526,0.7059,0.4,68.0,68.0
12:15:00 AM,13,20,0,1,23,44,Friday,normal,00:15:00,0,92.0,0.5455,0.4545,0,0,0.0,1.0,Night,0,0.0476,0.7826,0.55,68.0,80.0
12:30:00 AM,13,19,3,0,16,38,Friday,normal,00:30:00,0,68.5,0.4211,0.5,0,0,0.0,1.0,Night,0,0.0,0.7007,0.41,92.0,76.17
12:45:00 AM,13,10,3,0,12,25,Friday,low,00:45:00,0,47.5,0.48,0.4,0,0,0.0,1.0,Night,0,0.0,0.7579,0.28,68.5,69.0
1:00:00 AM,13,10,4,0,23,37,Friday,normal,01:00:00,1,81.0,0.6216,0.2703,0,0,0.2588,0.9659,Night,0,0.0,0.8519,0.48,47.5,72.25
1:15:00 AM,13,12,5,0,29,46,Friday,normal,01:15:00,1,101.5,0.6304,0.2609,0,0,0.2588,0.9659,Night,0,0.0,0.8571,0.6,81.0,74.62
1:30:00 AM,13,10,0,0,39,49,Friday,normal,01:30:00,1,127.0,0.7959,0.2041,0,0,0.2588,0.9659,Night,0,0.0,0.9213,0.76,101.5,89.25
1:45:00 AM,13,16,2,1,21,40,Friday,normal,01:45:00,1,83.0,0.55,0.4,0,0,0.2588,0.9659,Night,0,0.0588,0.7952,0.49,127.0,98.12
2:00:00 AM,13,18,4,1,36,59,Friday,normal,02:00:00,2,131.0,0.6271,0.3051,0,0,0.5,0.866,Night,0,0.0526,0.8473,0.78,83.0,110.62
2:15:00 AM,13,15,1,0,14,30,Friday,normal,02:15:00,2,57.5,0.4667,0.5,0,0,0.5,0.866,Night,0,0.0,0.7304,0.34,131.0,99.62
2:30:00 AM,13,17,4,0,13,34,Friday,normal,02:30:00,2,58.0,0.3824,0.5,0,0,0.5,0.866,Night,0,0.0,0.6724,0.35,57.5,82.38
2:45:00 AM,13,18,3,1,24,46,Friday,normal,02:45:00,2,94.5,0.5435,0.3913,0,0,0.5,0.866,Night,0,0.0526,0.7937,0.56,58.0,85.25
3:00:00 AM,13,19,2,0,11,32,Friday,low,03:00:00,3,53.0,0.3438,0.5938,0,0,0.7071,0.7071,Night,0,0.0,0.6226,0.32,94.5,65.75
3:15:00 AM,13,19,3,0,21,43,Friday,normal,03:15:00,3,83.5,0.4884,0.4419,0,0,0.7071,0.7071,Night,0,0.0,0.7545,0.5,53.0,72.25
3:30:00 AM,13,19,3,1,31,54,Friday,normal,03:30:00,3,116.5,0.5926,0.3519,0,0,0.7071,0.7071,Night,0,0.05,0.824,0.69,83.5,86.88
3:45:00 AM,13,14,2,1,19,36,Friday,normal,03:45:00,3,75.0,0.5556,0.3889,0,0,0.7071,0.7071,Night,0,0.0667,0.8,0.45,116.5,82.0
4:00:00 AM,13,11,0,0,27,38,Friday,normal,04:00:00,4,92.0,0.7105,0.2895,0,0,0.866,0.5,Night,0,0.0,0.8804,0.55,75.0,91.75
4:15:00 AM,13,27,6,1,11,45,Friday,low,04:15:00,4,66.0,0.2667,0.6,0,0,0.866,0.5,Night,0,0.0357,0.5455,0.39,92.0,87.38
4:30:00 AM,13,33,11,6,13,63,Friday,normal,04:30:00,4,95.5,0.3016,0.5238,0,0,0.866,0.5,Night,0,0.1765,0.5969,0.57,66.0,82.12
4:45:00 AM,13,63,6,7,10,86,Friday,low,04:45:00,4,117.0,0.1977,0.7326,0,0,0.866,0.5,Night,0,0.1094,0.4359,0.7,95.5,92.62
5:00:00 AM,13,58,13,4,15,90,Friday,normal,05:00:00,5,121.5,0.2111,0.6444,0,0,0.9659,0.2588,Morning,0,0.0678,0.4691,0.72,117.0,100.0
5:15:00 AM,13,57,11,7,10,85,Friday,low,05:15:00,5,113.5,0.2,0.6706,0,0,0.9659,0.2588,Morning,0,0.1207,0.4493,0.68,121.5,111.88
5:30:00 AM,13,63,10,6,12,91,Friday,low,05:30:00,5,122.0,0.1978,0.6923,0,0,0.9659,0.2588,Morning,0,0.0938,0.4426,0.73,113.5,118.5
5:45:00 AM,13,74,9,0,15,98,Friday,normal,05:45:00,5,123.5,0.1531,0.7551,0,0,0.9659,0.2588,Morning,0,0.0,0.3644,0.74,122.0,120.12
6:00:00 AM,13,71,9,7,10,97,Friday,low,06:00:00,6,126.5,0.1753,0.732,1,0,1.0,0.0,Morning,0,0.0972,0.4032,0.75,123.5,121.38
6:15:00 AM,13,33,9,6,13,61,Friday,normal,06:15:00,6,94.5,0.3115,0.541,1,0,1.0,0.0,Morning,0,0.1765,0.6032,0.56,126.5,116.62
6:30:00 AM,13,29,6,1,12,48,Friday,low,06:30:00,6,71.0,0.2708,0.6042,1,0,1.0,0.0,Morning,0,0.0333,0.5493,0.42,94.5,103.88
6:45:00 AM,13,32,9,3,11,55,Friday,low,06:45:00,6,78.5,0.2545,0.5818,1,0,1.0,0.0,Morning,0,0.0909,0.535,0.47,71.0,92.62
7:00:00 AM,13,57,14,3,11,85,Friday,low,07:00:00,7,106.0,0.1647,0.6706,1,0,0.9659,-0.2588,Morning,0,0.0517,0.3962,0.63,78.5,87.5
7:15:00 AM,13,31,11,0,14,56,Friday,normal,07:15:00,7,78.5,0.25,0.5536,1,0,0.9659,-0.2588,Morning,0,0.0,0.535,0.47,106.0,83.5
7:30:00 AM,13,30,9,3,10,52,Friday,low,07:30:00,7,73.5,0.25,0.5769,1,0,0.9659,-0.2588,Morning,0,0.0968,0.5306,0.44,78.5,84.12
7:45:00 AM,13,61,8,7,12,88,Friday,low,07:45:00,7,122.0,0.2159,0.6932,1,0,0.9659,-0.2588,Morning,0,0.1129,0.4672,0.73,73.5,95.0
8:00:00 AM,13,47,10,4,10,71,Friday,low,08:00:00,8,94.0,0.1972,0.662,1,0,0.866,-0.5,Morning,1,0.0833,0.4468,0.56,122.0,92.0
8:15:00 AM,13,80,16,4,15,115,Friday,normal,08:15:00,8,145.0,0.1652,0.6957,1,0,0.866,-0.5,Morning,1,0.0494,0.3931,0.86,94.0,108.62
8:30:00 AM,13,49,10,2,10,71,Friday,low,08:30:00,8,90.0,0.169,0.6901,1,0,0.866,-0.5,Morning,1,0.04,0.4,0.54,145.0,112.75
8:45:00 AM,13,58,7,5,13,83,Friday,normal,08:45:00,8,115.5,0.2169,0.6988,1,0,0.866,-0.5,Morning,1,0.0847,0.4675,0.69,90.0,111.12
9:00:00 AM,13,53,19,1,10,83,Friday,low,09:00:00,9,95.5,0.1325,0.6386,0,0,0.7071,-0.7071,Morning,1,0.0185,0.3455,0.57,115.5,111.5
9:15:00 AM,13,132,47,25,0,204,Friday,heavy,09:15:00,9,230.5,0.1225,0.6471,0,0,0.7071,-0.7071,Morning,1,0.188,0.3254,1.37,95.5,132.88
9:30:00 AM,13,131,52,15,0,198,Friday,heavy,09:30:00,9,202.0,0.0758,0.6616,0,0,0.7071,-0.7071,Morning,1,0.1136,0.2228,1.2,230.5,160.88
9:45:00 AM,13,171,59,27,3,260,Friday,heavy,09:45:00,9,290.5,0.1154,0.6577,0,0,0.7071,-0.7071,Morning,1,0.157,0.3098,1.73,202.0,204.62
10:00:00 AM,13,131,43,20,3,197,Friday,heavy,10:00:00,10,221.5,0.1168,0.665,0,0,0.5,-0.866,Morning,0,0.1515,0.3115,1.32,290.5,236.12
10:15:00 AM,13,177,56,12,4,249,Friday,heavy,10:15:00,10,253.0,0.0643,0.7108,0,0,0.5,-0.866,Morning,0,0.0674,0.1897,1.51,221.5,241.75
10:30:00 AM,13,160,47,30,3,240,Friday,heavy,10:30:00,10,282.5,0.1375,0.6667,0,0,0.5,-0.866,Morning,0,0.1863,0.3504,1.68,253.0,261.88
10:45:00 AM,13,178,68,28,4,278,Friday,heavy,10:45:00,10,308.0,0.1151,0.6403,0,0,0.5,-0.866,Morning,0,0.1564,0.3117,1.83,282.5,266.25
11:00:00 AM,13,169,70,20,3,262,Friday,heavy,11:00:00,11,273.0,0.0878,0.645,0,0,0.2588,-0.9659,Morning,0,0.1176,0.2527,1.63,308.0,279.12
11:15:00 AM,13,133,56,25,2,216,Friday,heavy,11:15:00,11,242.0,0.125,0.6157,0,0,0.2588,-0.9659,Morning,0,0.1866,0.3347,1.44,273.0,276.38
11:30:00 AM,13,151,52,13,0,216,Friday,heavy,11:30:00,11,216.0,0.0602,0.6991,0,0,0.2588,-0.9659,Morning,0,0.0855,0.1806,1.29,242.0,259.75
11:45:00 AM,13,179,46,27,3,255,Friday,heavy,11:45:00,11,292.0,0.1176,0.702,0,0,0.2588,-0.9659,Morning,0,0.15,0.3082,1.74,216.0,255.75
12:00:00 PM,13,144,68,20,0,232,Friday,heavy,12:00:00,12,238.0,0.0862,0.6207,0,0,0.0,-1.0,Afternoon,0,0.1379,0.2521,1.42,292.0,247.0
12:15:00 PM,13,162,46,19,2,229,Friday,heavy,12:15:00,12,248.0,0.0917,0.7074,0,0,0.0,-1.0,Afternoon,0,0.1166,0.254,1.48,238.0,248.5
12:30:00 PM,13,159,44,23,2,228,Friday,heavy,12:30:00,12,256.0,0.1096,0.6974,0,0,0.0,-1.0,Afternoon,0,0.1438,0.293,1.52,248.0,258.5
12:45:00 PM,13,174,67,30,1,272,Friday,heavy,12:45:00,12,300.5,0.114,0.6397,0,0,0.0,-1.0,Afternoon,0,0.1714,0.3095,1.79,256.0,260.62
1:00:00 PM,13,136,57,29,4,226,Friday,heavy,13:00:00,13,263.5,0.146,0.6018,0,0,-0.2588,-0.9659,Afternoon,0,0.2117,0.3757,1.57,300.5,267.0
1:15:00 PM,13,156,42,12,3,213,Friday,heavy,13:15:00,13,222.0,0.0704,0.7324,0,0,-0.2588,-0.9659,Afternoon,0,0.0764,0.2027,1.32,263.5,260.5
1:30:00 PM,13,175,63,19,3,260,Friday,heavy,13:30:00,13,272.5,0.0846,0.6731,0,0,-0.2588,-0.9659,Afternoon,0,0.108,0.2422,1.62,222.0,264.62
1:45:00 PM,13,172,62,20,2,256,Friday,heavy,13:45:00,13,269.0,0.0859,0.6719,0,0,-0.2588,-0.9659,Afternoon,0,0.1156,0.2454,1.6,272.5,256.75
2:00:00 PM,13,171,49,15,0,235,Friday,heavy,14:00:00,14,240.5,0.0638,0.7277,0,0,-0.5,-0.866,Afternoon,0,0.0872,0.1871,1.43,269.0,251.0
2:15:00 PM,13,172,65,18,2,257,Friday,heavy,14:15:00,14,264.5,0.0778,0.6693,0,0,-0.5,-0.866,Afternoon,0,0.104,0.2268,1.57,240.5,261.62
2:30:00 PM,13,176,50,13,1,240,Friday,heavy,14:30:00,14,243.0,0.0583,0.7333,0,0,-0.5,-0.866,Afternoon,0,0.0734,0.1728,1.45,264.5,254.25
2:45:00 PM,13,153,50,23,3,229,Friday,heavy,14:45:00,14,256.0,0.1135,0.6681,0,0,-0.5,-0.866,Afternoon,0,0.1494,0.3047,1.52,243.0,251.0
3:00:00 PM,13,148,64,27,0,239,Friday,heavy,15:00:00,15,261.0,0.113,0.6192,0,0,-0.7071,-0.7071,Afternoon,0,0.1812,0.3103,1.55,256.0,256.12
3:15:00 PM,13,56,28,6,2,92,Friday,low,15:15:00,15,94.0,0.087,0.6087,0,0,-0.7071,-0.7071,Afternoon,0,0.1053,0.2553,0.56,261.0,213.5
3:30:00 PM,13,88,26,25,0,139,Friday,normal,15:30:00,15,176.0,0.1799,0.6331,0,0,-0.7071,-0.7071,Afternoon,0,0.2809,0.4261,1.05,94.0,196.75
3:45:00 PM,13,82,23,14,0,119,Friday,normal,15:45:00,15,135.5,0.1176,0.6891,0,0,-0.7071,-0.7071,Afternoon,0,0.1687,0.31,0.81,176.0,166.62
4:00:00 PM,13,77,20,7,0,104,Friday,low,16:00:00,16,108.0,0.0673,0.7404,1,0,-0.866,-0.5,Afternoon,0,0.0897,0.1944,0.64,135.5,128.38
4:15:00 PM,13,66,24,1,0,91,Friday,low,16:15:00,16,81.0,0.011,0.7253,1,0,-0.866,-0.5,Afternoon,0,0.0149,0.037,0.48,108.0,125.12
4:30:00 PM,13,72,22,8,2,104,Friday,low,16:30:00,16,113.0,0.0962,0.6923,1,0,-0.866,-0.5,Afternoon,0,0.1096,0.2655,0.67,81.0,109.38
4:45:00 PM,13,62,28,21,2,113,Friday,normal,16:45:00,16,145.0,0.2035,0.5487,1,0,-0.866,-0.5,Afternoon,0,0.3333,0.4759,0.86,113.0,111.75
5:00:00 PM,13,66,26,4,1,97,Friday,low,17:00:00,17,94.0,0.0515,0.6804,1,0,-0.9659,-0.2588,Evening,1,0.0597,0.1596,0.56,145.0,108.25
5:15:00 PM,13,85,20,4,0,109,Friday,low,17:15:00,17,107.0,0.0367,0.7798,1,0,-0.9659,-0.2588,Evening,1,0.0465,0.1121,0.64,94.0,114.75
5:30:00 PM,13,87,24,11,2,124,Friday,normal,17:30:00,17,138.0,0.1048,0.7016,1,0,-0.9659,-0.2588,Evening,1,0.125,0.2826,0.82,107.0,121.0
5:45:00 PM,13,67,28,25,0,120,Friday,normal,17:45:00,17,156.0,0.2083,0.5583,1,0,-0.9659,-0.2588,Evening,1,0.3676,0.4808,0.93,138.0,123.75
6:00:00 PM,13,70,26,16,2,114,Friday,normal,18:00:00,18,137.0,0.1579,0.614,1,0,-1.0,-0.0,Evening,1,0.2254,0.3942,0.82,156.0,134.5
6:15:00 PM,13,62,20,20,1,103,Friday,normal,18:15:00,18,135.0,0.2039,0.6019,1,0,-1.0,-0.0,Evening,1,0.3175,0.4667,0.8,137.0,141.5
6:30:00 PM,13,67,29,1,0,97,Friday,low,18:30:00,18,84.5,0.0103,0.6907,1,0,-1.0,-0.0,Evening,1,0.0147,0.0355,0.5,135.0,128.12
6:45:00 PM,13,65,25,1,1,92,Friday,low,18:45:00,18,83.5,0.0217,0.7065,1,0,-1.0,-0.0,Evening,1,0.0152,0.0719,0.5,84.5,110.0
7:00:00 PM,13,76,24,23,0,123,Friday,normal,19:00:00,19,157.0,0.187,0.6179,0,0,-0.9659,0.2588,Evening,1,0.2987,0.4395,0.93,83.5,115.0
7:15:00 PM,13,42,1,5,11,59,Friday,low,19:15:00,19,90.5,0.2712,0.7119,0,0,-0.9659,0.2588,Evening,1,0.1163,0.5304,0.54,157.0,103.88
7:30:00 PM,13,42,10,3,1,56,Friday,low,19:30:00,19,59.0,0.0714,0.75,0,0,-0.9659,0.2588,Evening,1,0.0698,0.2034,0.35,90.5,97.5
7:45:00 PM,13,31,11,1,12,55,Friday,low,19:45:00,19,75.5,0.2364,0.5636,0,0,-0.9659,0.2588,Evening,1,0.0312,0.5166,0.45,59.0,95.5
8:00:00 PM,13,47,7,3,6,63,Friday,low,20:00:00,20,77.5,0.1429,0.746,0,0,-0.866,0.5,Evening,0,0.0625,0.3484,0.46,75.5,75.62
8:15:00 PM,13,28,7,2,4,41,Friday,low,20:15:00,20,49.5,0.1463,0.6829,0,0,-0.866,0.5,Evening,0,0.069,0.3636,0.29,77.5,65.38
8:30:00 PM,13,22,3,6,1,32,Friday,low,20:30:00,20,44.5,0.2188,0.6875,0,0,-0.866,0.5,Evening,0,0.2609,0.4719,0.26,49.5,61.75
8:45:00 PM,13,29,1,7,5,42,Friday,low,20:45:00,20,65.5,0.2857,0.6905,0,0,-0.866,0.5,Evening,0,0.2333,0.5496,0.39,44.5,59.25
9:00:00 PM,13,43,9,1,11,64,Friday,low,21:00:00,21,83.5,0.1875,0.6719,0,0,-0.7071,0.7071,Evening,0,0.0227,0.4311,0.5,65.5,60.75
9:15:00 PM,13,23,3,3,8,37,Friday,low,21:15:00,21,57.5,0.2973,0.6216,0,0,-0.7071,0.7071,Evening,0,0.125,0.5739,0.34,83.5,62.75
9:30:00 PM,13,21,2,5,15,43,Friday,normal,21:30:00,21,82.0,0.4651,0.4884,0,0,-0.7071,0.7071,Evening,0,0.2273,0.7317,0.49,57.5,72.12
9:45:00 PM,13,31,2,1,9,43,Friday,low,21:45:00,21,62.0,0.2326,0.7209,0,0,-0.7071,0.7071,Evening,0,0.0312,0.4839,0.37,82.0,71.25
10:00:00 PM,13,15,5,0,18,38,Friday,normal,22:00:00,22,71.5,0.4737,0.3947,0,0,-0.5,0.866,Night,0,0.0,0.7552,0.43,62.0,68.25
10:15:00 PM,13,11,2,0,15,28,Friday,normal,22:15:00,22,57.0,0.5357,0.3929,0,0,-0.5,0.866,Night,0,0.0,0.7895,0.34,71.5,68.12
10:30:00 PM,13,12,0,1,17,30,Friday,normal,22:30:00,22,66.0,0.6,0.4,0,0,-0.5,0.866,Night,0,0.0769,0.8182,0.39,57.0,64.12
10:45:00 PM,13,18,3,0,18,39,Friday,normal,22:45:00,22,73.5,0.4615,0.4615,0,0,-0.5,0.866,Night,0,0.0,0.7347,0.44,66.0,67.0
11:00:00 PM,13,19,1,0,31,51,Friday,normal,23:00:00,23,112.5,0.6078,0.3725,0,0,-0.2588,0.9659,Night,0,0.0,0.8267,0.67,73.5,77.25
11:15:00 PM,13,17,0,0,22,39,Friday,normal,23:15:00,23,83.0,0.5641,0.4359,0,0,-0.2588,0.9659,Night,0,0.0,0.7952,0.49,112.5,83.75
11:30:00 PM,13,15,5,0,14,34,Friday,normal,23:30:00,23,59.5,0.4118,0.4412,0,0,-0.2588,0.9659,Night,0,0.0,0.7059,0.35,83.0,82.12
11:45:00 PM,13,15,1,1,24,41,Friday,normal,23:45:00,23,90.5,0.6098,0.3659,0,0,-0.2588,0.9659,Night,0,0.0625,0.8287,0.54,59.5,86.38
12:00:00 AM,14,18,4,0,33,55,Saturday,normal,00:00:00,0,119.0,0.6,0.3273,0,1,0.0,1.0,Night,0,0.0,0.8319,0.71,119.0,119.0
12:15:00 AM,14,14,4,0,34,52,Saturday,normal,00:15:00,0,118.0,0.6538,0.2692,0,1,0.0,1.0,Night,0,0.0,0.8644,0.7,119.0,118.5
12:30:00 AM,14,14,0,1,19,34,Saturday,normal,00:30:00,0,74.0,0.5882,0.4118,0,1,0.0,1.0,Night,0,0.0667,0.8108,0.44,118.0,103.67
12:45:00 AM,14,19,3,0,36,58,Saturday,normal,00:45:00,0,128.5,0.6207,0.3276,0,1,0.0,1.0,Night,0,0.0,0.8405,0.77,74.0,109.88
1:00:00 AM,14,10,4,1,21,36,Saturday,normal,01:00:00,1,78.0,0.6111,0.2778,0,1,0.2588,0.9659,Night,0,0.0909,0.8462,0.46,128.5,99.62
1:15:00 AM,14,19,1,0,19,39,Saturday,normal,01:15:00,1,76.5,0.4872,0.4872,0,1,0.2588,0.9659,Night,0,0.0,0.7451,0.46,78.0,89.25
1:30:00 AM,14,18,5,0,26,49,Saturday,normal,01:30:00,1,98.5,0.5306,0.3673,0,1,0.2588,0.9659,Night,0,0.0,0.7919,0.59,76.5,95.38
1:45:00 AM,14,17,1,1,25,44,Saturday,normal,01:45:00,1,95.5,0.5909,0.3864,0,1,0.2588,0.9659,Night,0,0.0556,0.8168,0.57,98.5,87.12
2:00:00 AM,14,20,2,0,12,34,Saturday,low,02:00:00,2,57.0,0.3529,0.5882,0,1,0.5,0.866,Night,0,0.0,0.6316,0.34,95.5,81.88
2:15:00 AM,14,15,5,0,15,35,Saturday,normal,02:15:00,2,62.5,0.4286,0.4286,0,1,0.5,0.866,Night,0,0.0,0.72,0.37,57.0,78.38
2:30:00 AM,14,11,4,0,14,29,Saturday,normal,02:30:00,2,55.0,0.4828,0.3793,0,1,0.5,0.866,Night,0,0.0,0.7636,0.33,62.5,67.5
2:45:00 AM,14,14,3,1,18,36,Saturday,normal,02:45:00,2,72.5,0.5278,0.3889,0,1,0.5,0.866,Night,0,0.0667,0.7862,0.43,55.0,61.75
3:00:00 AM,14,13,2,0,39,54,Saturday,normal,03:00:00,3,131.0,0.7222,0.2407,0,1,0.7071,0.7071,Night,0,0.0,0.8931,0.78,72.5,80.25
3:15:00 AM,14,17,5,0,29,51,Saturday,normal,03:15:00,3,106.5,0.5686,0.3333,0,1,0.7071,0.7071,Night,0,0.0,0.8169,0.63,131.0,91.25
3:30:00 AM,14,13,5,0,31,49,Saturday,normal,03:30:00,3,108.5,0.6327,0.2653,0,1,0.7071,0.7071,Night,0,0.0,0.8571,0.65,106.5,104.62
3:45:00 AM,14,18,5,0,35,58,Saturday,normal,03:45:00,3,125.5,0.6034,0.3103,0,1,0.7071,0.7071,Night,0,0.0,0.8367,0.75,108.5,117.88
4:00:00 AM,14,15,4,0,16,35,Saturday,normal,04:00:00,4,65.0,0.4571,0.4286,0,1,0.866,0.5,Night,0,0.0,0.7385,0.39,125.5,101.38
4:15:00 AM,14,55,15,5,3,78,Saturday,low,04:15:00,4,86.5,0.1026,0.7051,0,1,0.866,0.5,Night,0,0.0893,0.2775,0.51,65.0,96.38
4:30:00 AM,14,76,10,7,9,102,Saturday,low,04:30:00,4,129.0,0.1569,0.7451,0,1,0.866,0.5,Night,0,0.0909,0.3721,0.77,86.5,101.5
4:45:00 AM,14,98,0,9,19,126,Saturday,normal,04:45:00,4,182.0,0.2222,0.7778,0,1,0.866,0.5,Night,0,0.0909,0.4615,1.08,129.0,115.62
5:00:00 AM,14,98,12,6,6,122,Saturday,normal,05:00:00,5,140.0,0.0984,0.8033,0,1,0.9659,0.2588,Morning,0,0.0606,0.2571,0.83,182.0,134.38
5:15:00 AM,14,103,2,10,20,135,Saturday,normal,05:15:00,5,194.0,0.2222,0.763,0,1,0.9659,0.2588,Morning,0,0.0962,0.4639,1.15,140.0,161.25
5:30:00 AM,14,93,17,8,12,130,Saturday,normal,05:30:00,5,161.5,0.1538,0.7154,0,1,0.9659,0.2588,Morning,0,0.0851,0.3715,0.96,194.0,169.38
5:45:00 AM,14,115,27,9,16,167,Saturday,normal,05:45:00,5,203.5,0.1497,0.6886,0,1,0.9659,0.2588,Morning,0,0.0776,0.3686,1.21,161.5,174.75
6:00:00 AM,14,120,12,22,3,157,Saturday,normal,06:00:00,6,201.0,0.1592,0.7643,1,1,1.0,0.0,Morning,0,0.1818,0.3731,1.2,203.5,190.0
6:15:00 AM,14,142,18,27,0,187,Saturday,heavy,06:15:00,6,232.0,0.1444,0.7594,1,1,1.0,0.0,Morning,0,0.1888,0.3491,1.38,201.0,199.5
6:30:00 AM,14,117,29,49,2,197,Saturday,heavy,06:30:00,6,284.5,0.2589,0.5939,1,1,1.0,0.0,Morning,0,0.4153,0.5378,1.69,232.0,230.25
6:45:00 AM,14,126,36,24,0,186,Saturday,heavy,06:45:00,6,216.0,0.129,0.6774,1,1,1.0,0.0,Morning,0,0.189,0.3333,1.29,284.5,233.38
7:00:00 AM,14,110,39,38,5,192,Saturday,heavy,07:00:00,7,258.5,0.224,0.5729,1,1,0.9659,-0.2588,Morning,0,0.3423,0.499,1.54,216.0,247.75
7:15:00 AM,14,149,20,39,5,213,Saturday,heavy,07:15:00,7,291.0,0.2066,0.6995,1,1,0.9659,-0.2588,Morning,0,0.26,0.4536,1.73,258.5,262.5
7:30:00 AM,14,109,29,23,5,166,Saturday,normal,07:30:00,7,207.5,0.1687,0.6566,1,1,0.9659,-0.2588,Morning,0,0.2091,0.4048,1.24,291.0,243.25
7:45:00 AM,14,124,34,24,4,186,Saturday,heavy,07:45:00,7,225.0,0.1505,0.6667,1,1,0.9659,-0.2588,Morning,0,0.192,0.3733,1.34,207.5,245.5
8:00:00 AM,14,149,35,32,1,217,Saturday,heavy,08:00:00,8,265.5,0.1521,0.6866,1,1,0.866,-0.5,Morning,1,0.2133,0.3729,1.58,225.0,247.25
8:15:00 AM,14,125,32,38,4,199,Saturday,heavy,08:15:00,8,267.0,0.2111,0.6281,1,1,0.866,-0.5,Morning,1,0.3016,0.4719,1.59,265.5,241.25
8:30:00 AM,14,101,23,38,1,163,Saturday,high,08:30:00,8,229.5,0.2393,0.6196,1,1,0.866,-0.5,Morning,1,0.3725,0.5098,1.37,267.0,246.75
8:45:00 AM,14,137,36,30,0,203,Saturday,heavy,08:45:00,8,245.0,0.1478,0.6749,1,1,0.866,-0.5,Morning,1,0.2174,0.3673,1.46,229.5,251.75
9:00:00 AM,14,139,15,21,3,178,Saturday,heavy,09:00:00,9,218.5,0.1348,0.7809,0,1,0.7071,-0.7071,Morning,1,0.15,0.3295,1.3,245.0,240.0
9:15:00 AM,14,19,3,29,9,60,Saturday,normal,09:15:00,9,134.5,0.6333,0.3167,0,1,0.7071,-0.7071,Morning,1,1.45,0.8476,0.8,218.5,206.88
9:30:00 AM,14,13,11,39,7,70,Saturday,normal,09:30:00,9,156.5,0.6571,0.1857,0,1,0.7071,-0.7071,Morning,1,2.7857,0.8818,0.93,134.5,188.62
9:45:00 AM,14,31,2,29,27,89,Saturday,normal,09:45:00,9,200.0,0.6292,0.3483,0,1,0.7071,-0.7071,Morning,1,0.9062,0.84,1.19,156.5,177.38
10:00:00 AM,14,18,24,21,22,85,Saturday,normal,10:00:00,10,159.0,0.5059,0.2118,0,1,0.5,-0.866,Morning,0,1.1053,0.8113,0.95,200.0,162.5
10:15:00 AM,14,26,12,14,13,65,Saturday,normal,10:15:00,10,113.0,0.4154,0.4,0,1,0.5,-0.866,Morning,0,0.5185,0.7168,0.67,159.0,157.12
10:30:00 AM,14,31,15,13,28,87,Saturday,normal,10:30:00,10,161.5,0.4713,0.3563,0,1,0.5,-0.866,Morning,0,0.4062,0.7616,0.96,113.0,158.38
10:45:00 AM,14,12,22,8,11,53,Saturday,low,10:45:00,10,80.0,0.3585,0.2264,0,1,0.5,-0.866,Morning,0,0.6154,0.7125,0.48,161.5,128.38
11:00:00 AM,14,54,5,13,23,95,Saturday,normal,11:00:00,11,164.5,0.3789,0.5684,0,1,0.2588,-0.9659,Morning,0,0.2364,0.6565,0.98,80.0,129.75
11:15:00 AM,14,59,7,13,21,100,Saturday,normal,11:15:00,11,164.5,0.34,0.59,0,1,0.2588,-0.9659,Morning,0,0.2167,0.6201,0.98,164.5,142.62
11:30:00 AM,14,58,8,6,23,95,Saturday,normal,11:30:00,11,149.0,0.3053,0.6105,0,1,0.2588,-0.9659,Morning,0,0.1017,0.5839,0.89,164.5,139.5
11:45:00 AM,14,53,8,9,25,95,Saturday,normal,11:45:00,11,159.0,0.3579,0.5579,0,1,0.2588,-0.9659,Morning,0,0.1667,0.6415,0.95,149.0,159.25
12:00:00 PM,14,54,7,7,20,88,Saturday,normal,12:00:00,12,138.5,0.3068,0.6136,0,1,0.0,-1.0,Afternoon,0,0.1273,0.5848,0.82,159.0,152.75
12:15:00 PM,14,39,10,4,29,82,Saturday,normal,12:15:00,12,143.0,0.4024,0.4756,0,1,0.0,-1.0,Afternoon,0,0.1,0.6923,0.85,138.5,147.38
12:30:00 PM,14,38,9,8,22,77,Saturday,normal,12:30:00,12,132.5,0.3896,0.4935,0,1,0.0,-1.0,Afternoon,0,0.2051,0.6792,0.79,143.0,143.25
12:45:00 PM,14,36,5,10,23,74,Saturday,normal,12:45:00,12,137.5,0.4459,0.4865,0,1,0.0,-1.0,Afternoon,0,0.2703,0.72,0.82,132.5,137.88
1:00:00 PM,14,68,6,12,24,110,Saturday,normal,13:00:00,13,179.0,0.3273,0.6182,0,1,-0.2588,-0.9659,Afternoon,0,0.1739,0.6034,1.07,137.5,148.0
1:15:00 PM,14,50,18,26,14,108,Saturday,normal,13:15:00,13,179.0,0.3704,0.463,0,1,-0.2588,-0.9659,Afternoon,0,0.5098,0.6704,1.07,179.0,157.0
1:30:00 PM,14,120,28,22,20,190,Saturday,heavy,13:30:00,13,260.0,0.2211,0.6316,0,1,-0.2588,-0.9659,Afternoon,0,0.1818,0.4846,1.55,179.0,188.88
1:45:00 PM,14,60,14,28,9,111,Saturday,normal,13:45:00,13,178.0,0.3333,0.5405,0,1,-0.2588,-0.9659,Afternoon,0,0.459,0.6236,1.06,260.0,199.0
2:00:00 PM,14,105,14,8,19,146,Saturday,normal,14:00:00,14,193.0,0.1849,0.7192,0,1,-0.5,-0.866,Afternoon,0,0.0755,0.4197,1.15,178.0,202.5
2:15:00 PM,14,89,27,18,8,142,Saturday,normal,14:15:00,14,180.5,0.1831,0.6268,0,1,-0.5,-0.866,Afternoon,0,0.2,0.4321,1.07,193.0,202.88
2:30:00 PM,14,28,17,31,10,86,Saturday,normal,14:30:00,14,159.5,0.4767,0.3256,0,1,-0.5,-0.866,Afternoon,0,1.069,0.7712,0.95,180.5,177.75
2:45:00 PM,14,79,14,23,6,122,Saturday,normal,14:45:00,14,173.0,0.2377,0.6475,0,1,-0.5,-0.866,Afternoon,0,0.2875,0.5029,1.03,159.5,176.5
3:00:00 PM,14,15,11,30,14,70,Saturday,normal,15:00:00,15,152.5,0.6286,0.2143,0,1,-0.7071,-0.7071,Afternoon,0,1.875,0.8656,0.91,173.0,166.38
3:15:00 PM,14,77,27,23,18,145,Saturday,normal,15:15:00,15,213.5,0.2828,0.531,0,1,-0.7071,-0.7071,Afternoon,0,0.2949,0.5761,1.27,152.5,174.62
3:30:00 PM,14,19,14,24,6,63,Saturday,normal,15:30:00,15,116.0,0.4762,0.3016,0,1,-0.7071,-0.7071,Afternoon,0,1.2,0.7759,0.69,213.5,163.75
3:45:00 PM,14,79,13,28,7,127,Saturday,high,15:45:00,15,190.5,0.2756,0.622,0,1,-0.7071,-0.7071,Afternoon,0,0.35,0.5512,1.13,116.0,168.12
4:00:00 PM,14,114,10,22,9,155,Saturday,normal,16:00:00,16,212.0,0.2,0.7355,1,1,-0.866,-0.5,Afternoon,0,0.1913,0.4387,1.26,190.5,183.0
4:15:00 PM,14,150,30,22,5,207,Saturday,heavy,16:15:00,16,246.0,0.1304,0.7246,1,1,-0.866,-0.5,Afternoon,0,0.1457,0.3293,1.46,212.0,191.12
4:30:00 PM,14,142,23,25,7,197,Saturday,heavy,16:30:00,16,249.5,0.1624,0.7208,1,1,-0.866,-0.5,Afternoon,0,0.1748,0.3848,1.49,246.0,224.5
4:45:00 PM,14,111,36,25,6,178,Saturday,heavy,16:45:00,16,222.0,0.1742,0.6236,1,1,-0.866,-0.5,Afternoon,0,0.2232,0.4189,1.32,249.5,232.38
5:00:00 PM,14,143,37,38,8,226,Saturday,heavy,17:00:00,17,299.5,0.2035,0.6327,1,1,-0.9659,-0.2588,Evening,1,0.2639,0.4608,1.78,222.0,254.25
5:15:00 PM,14,120,37,43,10,210,Saturday,heavy,17:15:00,17,297.5,0.2524,0.5714,1,1,-0.9659,-0.2588,Evening,1,0.3554,0.5345,1.77,299.5,267.12
5:30:00 PM,14,147,20,49,7,223,Saturday,normal,17:30:00,17,325.0,0.2511,0.6592,1,1,-0.9659,-0.2588,Evening,1,0.3311,0.5169,1.93,297.5,286.0
5:45:00 PM,14,140,22,27,5,194,Saturday,heavy,17:45:00,17,247.0,0.1649,0.7216,1,1,-0.9659,-0.2588,Evening,1,0.1915,0.3887,1.47,325.0,292.25
6:00:00 PM,14,128,37,20,9,194,Saturday,heavy,18:00:00,18,233.5,0.1495,0.6598,1,1,-1.0,-0.0,Evening,1,0.155,0.3726,1.39,247.0,275.75
6:15:00 PM,14,114,23,42,10,189,Saturday,heavy,18:15:00,18,281.5,0.2751,0.6032,1,1,-1.0,-0.0,Evening,1,0.3652,0.5542,1.68,233.5,271.75
6:30:00 PM,14,117,20,22,9,168,Saturday,heavy,18:30:00,18,220.0,0.1845,0.6964,1,1,-1.0,-0.0,Evening,1,0.1864,0.4227,1.31,281.5,245.5
6:45:00 PM,14,93,24,17,23,157,Saturday,high,18:45:00,18,225.0,0.2548,0.5924,1,1,-1.0,-0.0,Evening,1,0.1809,0.5333,1.34,220.0,240.0
7:00:00 PM,14,65,15,15,8,103,Saturday,low,19:00:00,19,141.5,0.2233,0.6311,0,1,-0.9659,0.2588,Evening,1,0.2273,0.4876,0.84,225.0,217.0
7:15:00 PM,14,100,22,14,8,144,Saturday,normal,19:15:00,19,177.0,0.1528,0.6944,0,1,-0.9659,0.2588,Evening,1,0.1386,0.3729,1.05,141.5,190.88
7:30:00 PM,14,85,12,11,18,126,Saturday,normal,19:30:00,19,178.0,0.2302,0.6746,0,1,-0.9659,0.2588,Evening,1,0.1279,0.4888,1.06,177.0,180.38
7:45:00 PM,14,56,7,12,12,87,Saturday,low,19:45:00,19,131.5,0.2759,0.6437,0,1,-0.9659,0.2588,Evening,1,0.2105,0.5475,0.78,178.0,157.0
8:00:00 PM,14,50,12,15,18,95,Saturday,normal,20:00:00,20,155.0,0.3474,0.5263,0,1,-0.866,0.5,Evening,0,0.2941,0.6387,0.92,131.5,160.38
8:15:00 PM,14,74,9,11,12,106,Saturday,low,20:15:00,20,147.5,0.217,0.6981,0,1,-0.866,0.5,Evening,0,0.1467,0.4678,0.88,155.0,153.0
8:30:00 PM,14,73,15,18,7,113,Saturday,normal,20:30:00,20,155.5,0.2212,0.646,0,1,-0.866,0.5,Evening,0,0.2432,0.4823,0.93,147.5,147.38
8:45:00 PM,14,99,13,20,30,162,Saturday,high,20:45:00,20,255.5,0.3086,0.6111,0,1,-0.866,0.5,Evening,0,0.2,0.5871,1.52,155.5,178.38
9:00:00 PM,14,110,14,17,8,149,Saturday,normal,21:00:00,21,192.0,0.1678,0.7383,0,1,-0.7071,0.7071,Evening,0,0.1532,0.3906,1.14,255.5,187.62
9:15:00 PM,14,82,5,12,34,133,Saturday,high,21:15:00,21,222.5,0.3459,0.6165,0,1,-0.7071,0.7071,Evening,0,0.1446,0.6202,1.32,192.0,206.38
9:30:00 PM,14,58,19,12,17,106,Saturday,normal,21:30:00,21,154.5,0.2736,0.5472,0,1,-0.7071,0.7071,Evening,0,0.2034,0.5631,0.92,222.5,206.12
9:45:00 PM,14,70,10,14,32,126,Saturday,high,21:45:00,21,213.0,0.3651,0.5556,0,1,-0.7071,0.7071,Evening,0,0.1972,0.6479,1.27,154.5,195.5
10:00:00 PM,14,10,1,0,33,44,Saturday,normal,22:00:00,22,109.5,0.75,0.2273,0,1,-0.5,0.866,Night,0,0.0,0.9041,0.65,213.0,174.88
10:15:00 PM,14,14,1,1,40,56,Saturday,normal,22:15:00,22,137.5,0.7321,0.25,0,1,-0.5,0.866,Night,0,0.0667,0.8945,0.82,109.5,153.62
10:30:00 PM,14,17,1,1,17,36,Saturday,normal,22:30:00,22,71.5,0.5,0.4722,0,1,-0.5,0.866,Night,0,0.0556,0.7552,0.43,137.5,132.88
10:45:00 PM,14,12,4,1,22,39,Saturday,normal,22:45:00,22,83.0,0.5897,0.3077,0,1,-0.5,0.866,Night,0,0.0769,0.8313,0.49,71.5,100.38
11:00:00 PM,14,15,0,0,16,31,Saturday,normal,23:00:00,23,63.0,0.5161,0.4839,0,1,-0.2588,0.9659,Night,0,0.0,0.7619,0.38,83.0,88.75
11:15:00 PM,14,13,4,0,25,42,Saturday,normal,23:15:00,23,90.0,0.5952,0.3095,0,1,-0.2588,0.9659,Night,0,0.0,0.8333,0.54,63.0,76.88
11:30:00 PM,14,14,5,1,12,32,Saturday,low,23:30:00,23,55.5,0.4062,0.4375,0,1,-0.2588,0.9659,Night,0,0.0667,0.7027,0.33,90.0,72.88
11:45:00 PM,14,18,1,1,35,55,Saturday,normal,23:45:00,23,126.5,0.6545,0.3273,0,1,-0.2588,0.9659,Night,0,0.0526,0.8538,0.75,55.5,83.75
12:00:00 AM,15,18,5,1,19,43,Sunday,normal,00:00:00,0,80.5,0.4651,0.4186,0,1,0.0,1.0,Night,0,0.0526,0.7453,0.48,80.5,80.5
12:15:00 AM,15,19,3,0,38,60,Sunday,normal,00:15:00,0,134.5,0.6333,0.3167,0,1,0.0,1.0,Night,0,0.0,0.8476,0.8,80.5,107.5
12:30:00 AM,15,13,0,1,12,26,Sunday,low,00:30:00,0,52.0,0.5,0.5,0,1,0.0,1.0,Night,0,0.0714,0.75,0.31,134.5,89.0
12:45:00 AM,15,20,0,1,38,59,Sunday,normal,00:45:00,0,137.0,0.661,0.339,0,1,0.0,1.0,Night,0,0.0476,0.854,0.82,52.0,101.0
1:00:00 AM,15,20,1,1,24,46,Sunday,normal,01:00:00,1,95.5,0.5435,0.4348,0,1,0.2588,0.9659,Night,0,0.0476,0.7853,0.57,137.0,104.75
1:15:00 AM,15,17,3,1,17,38,Sunday,normal,01:15:00,1,72.5,0.4737,0.4474,0,1,0.2588,0.9659,Night,0,0.0556,0.7448,0.43,95.5,89.25
1:30:00 AM,15,12,3,1,35,51,Sunday,normal,01:30:00,1,121.5,0.7059,0.2353,0,1,0.2588,0.9659,Night,0,0.0769,0.8889,0.72,72.5,106.62
1:45:00 AM,15,19,0,1,30,50,Sunday,normal,01:45:00,1,112.0,0.62,0.38,0,1,0.2588,0.9659,Night,0,0.05,0.8304,0.67,121.5,100.38
2:00:00 AM,15,19,2,1,30,52,Sunday,normal,02:00:00,2,113.0,0.5962,0.3654,0,1,0.5,0.866,Night,0,0.05,0.823,0.67,112.0,104.75
2:15:00 AM,15,18,1,0,16,35,Sunday,normal,02:15:00,2,66.5,0.4571,0.5143,0,1,0.5,0.866,Night,0,0.0,0.7218,0.4,113.0,103.25
2:30:00 AM,15,11,0,0,31,42,Sunday,normal,02:30:00,2,104.0,0.7381,0.2619,0,1,0.5,0.866,Night,0,0.0,0.8942,0.62,66.5,98.88
2:45:00 AM,15,10,1,1,12,24,Sunday,low,02:45:00,2,49.5,0.5417,0.4167,0,1,0.5,0.866,Night,0,0.0909,0.7879,0.29,104.0,83.25
3:00:00 AM,15,16,1,0,24,41,Sunday,normal,03:00:00,3,88.5,0.5854,0.3902,0,1,0.7071,0.7071,Night,0,0.0,0.8136,0.53,49.5,77.12
3:15:00 AM,15,18,3,0,28,49,Sunday,normal,03:15:00,3,103.5,0.5714,0.3673,0,1,0.7071,0.7071,Night,0,0.0,0.8116,0.62,88.5,86.38
3:30:00 AM,15,20,1,1,39,61,Sunday,normal,03:30:00,3,140.5,0.6557,0.3279,0,1,0.7071,0.7071,Night,0,0.0476,0.8541,0.84,103.5,95.5
3:45:00 AM,15,19,3,1,27,50,Sunday,normal,03:45:00,3,104.5,0.56,0.38,0,1,0.7071,0.7071,Night,0,0.05,0.8038,0.62,140.5,109.25
4:00:00 AM,15,14,1,1,34,50,Sunday,normal,04:00:00,4,119.5,0.7,0.28,0,1,0.866,0.5,Night,0,0.0667,0.8787,0.71,104.5,117.0
4:15:00 AM,15,61,26,1,16,104,Sunday,normal,04:15:00,4,125.0,0.1635,0.5865,0,1,0.866,0.5,Night,0,0.0161,0.408,0.74,119.5,122.38
4:30:00 AM,15,72,26,6,4,108,Sunday,low,04:30:00,4,115.0,0.0926,0.6667,0,1,0.866,0.5,Night,0,0.0822,0.2609,0.68,125.0,116.0
4:45:00 AM,15,86,24,3,18,131,Sunday,normal,04:45:00,4,161.0,0.1603,0.6565,0,1,0.866,0.5,Night,0,0.0345,0.3913,0.96,115.0,130.12
5:00:00 AM,15,75,1,8,10,94,Sunday,low,05:00:00,5,129.5,0.1915,0.7979,0,1,0.9659,0.2588,Morning,0,0.1053,0.417,0.77,161.0,132.62
5:15:00 AM,15,75,1,7,9,92,Sunday,low,05:15:00,5,123.5,0.1739,0.8152,0,1,0.9659,0.2588,Morning,0,0.0921,0.3887,0.74,129.5,132.25
5:30:00 AM,15,93,5,4,1,103,Sunday,low,05:30:00,5,110.5,0.0485,0.9029,0,1,0.9659,0.2588,Morning,0,0.0426,0.1357,0.66,123.5,131.12
5:45:00 AM,15,111,6,2,5,124,Sunday,normal,05:45:00,5,135.0,0.0565,0.8952,0,1,0.9659,0.2588,Morning,0,0.0179,0.1556,0.8,110.5,124.62
6:00:00 AM,15,111,18,41,2,172,Sunday,heavy,06:00:00,6,249.0,0.25,0.6453,1,1,1.0,0.0,Morning,0,0.3661,0.5181,1.48,135.0,154.5
6:15:00 AM,15,114,27,46,0,187,Sunday,heavy,06:15:00,6,265.5,0.246,0.6096,1,1,1.0,0.0,Morning,0,0.4,0.5198,1.58,249.0,190.0
6:30:00 AM,15,139,19,50,2,210,Sunday,heavy,06:30:00,6,304.5,0.2476,0.6619,1,1,1.0,0.0,Morning,0,0.3571,0.5123,1.81,265.5,238.5
6:45:00 AM,15,109,14,38,1,162,Sunday,high,06:45:00,6,233.0,0.2407,0.6728,1,1,1.0,0.0,Morning,0,0.3455,0.5021,1.39,304.5,263.0
7:00:00 AM,15,105,16,22,3,146,Sunday,normal,07:00:00,7,188.0,0.1712,0.7192,1,1,0.9659,-0.2588,Morning,0,0.2075,0.3989,1.12,233.0,247.75
7:15:00 AM,15,150,13,31,4,198,Sunday,heavy,07:15:00,7,261.5,0.1768,0.7576,1,1,0.9659,-0.2588,Morning,0,0.2053,0.4015,1.56,188.0,246.75
7:30:00 AM,15,122,13,47,3,185,Sunday,heavy,07:30:00,7,278.5,0.2703,0.6595,1,1,0.9659,-0.2588,Morning,0,0.3821,0.5386,1.66,261.5,240.25
7:45:00 AM,15,114,24,46,2,186,Sunday,heavy,07:45:00,7,270.0,0.2581,0.6129,1,1,0.9659,-0.2588,Morning,0,0.4,0.5333,1.61,278.5,249.5
8:00:00 AM,15,119,36,41,0,196,Sunday,heavy,08:00:00,8,260.0,0.2092,0.6071,1,1,0.866,-0.5,Morning,1,0.3417,0.4731,1.55,270.0,267.5
8:15:00 AM,15,108,35,39,0,182,Sunday,heavy,08:15:00,8,242.5,0.2143,0.5934,1,1,0.866,-0.5,Morning,1,0.3578,0.4825,1.44,260.0,262.75
8:30:00 AM,15,113,18,28,1,160,Sunday,high,08:30:00,8,209.0,0.1812,0.7062,1,1,0.866,-0.5,Morning,1,0.2456,0.4163,1.24,242.5,245.38
8:45:00 AM,15,118,36,37,0,191,Sunday,heavy,08:45:00,8,247.0,0.1937,0.6178,1,1,0.866,-0.5,Morning,1,0.3109,0.4494,1.47,209.0,239.62
9:00:00 AM,15,113,35,48,3,199,Sunday,heavy,09:00:00,9,283.5,0.2563,0.5678,0,1,0.7071,-0.7071,Morning,1,0.4211,0.5397,1.69,247.0,245.5
9:15:00 AM,15,66,7,22,30,125,Sunday,high,09:15:00,9,225.5,0.416,0.528,0,1,0.7071,-0.7071,Morning,1,0.3284,0.6918,1.34,283.5,241.25
9:30:00 AM,15,64,12,27,8,111,Sunday,normal,09:30:00,9,175.0,0.3153,0.5766,0,1,0.7071,-0.7071,Morning,1,0.4154,0.6,1.04,225.5,232.75
9:45:00 AM,15,37,5,13,11,66,Sunday,low,09:45:00,9,111.5,0.3636,0.5606,0,1,0.7071,-0.7071,Morning,1,0.3421,0.6457,0.66,175.0,198.88
10:00:00 AM,15,82,17,31,20,150,Sunday,high,10:00:00,10,243.5,0.34,0.5467,0,1,0.5,-0.866,Morning,0,0.3735,0.6283,1.45,111.5,188.88
10:15:00 AM,15,63,5,23,12,103,Sunday,normal,10:15:00,10,170.5,0.3398,0.6117,0,1,0.5,-0.866,Morning,0,0.3594,0.6158,1.02,243.5,175.12
10:30:00 AM,15,20,12,16,24,72,Sunday,normal,10:30:00,10,146.0,0.5556,0.2778,0,1,0.5,-0.866,Morning,0,0.7619,0.8219,0.87,170.5,167.88
10:45:00 AM,15,46,5,34,9,94,Sunday,normal,10:45:00,10,177.5,0.4574,0.4894,0,1,0.5,-0.866,Morning,0,0.7234,0.7268,1.06,146.0,184.38
11:00:00 AM,15,35,9,8,29,81,Sunday,normal,11:00:00,11,150.5,0.4568,0.4321,0,1,0.2588,-0.9659,Morning,0,0.2222,0.7375,0.9,177.5,161.12
11:15:00 AM,15,33,9,11,21,74,Sunday,normal,11:15:00,11,133.5,0.4324,0.4459,0,1,0.2588,-0.9659,Morning,0,0.3235,0.7191,0.79,150.5,151.88
11:30:00 AM,15,32,9,10,30,81,Sunday,normal,11:30:00,11,156.5,0.4938,0.3951,0,1,0.2588,-0.9659,Morning,0,0.303,0.7668,0.93,133.5,154.5
11:45:00 AM,15,62,10,6,22,100,Sunday,normal,11:45:00,11,151.0,0.28,0.62,0,1,0.2588,-0.9659,Morning,0,0.0952,0.5563,0.9,156.5,147.88
12:00:00 PM,15,62,10,11,22,105,Sunday,normal,12:00:00,12,166.0,0.3143,0.5905,0,1,0.0,-1.0,Afternoon,0,0.1746,0.5964,0.99,151.0,151.75
12:15:00 PM,15,54,10,12,25,101,Sunday,normal,12:15:00,12,170.0,0.3663,0.5347,0,1,0.0,-1.0,Afternoon,0,0.2182,0.6529,1.01,166.0,160.88
12:30:00 PM,15,48,8,15,23,94,Sunday,normal,12:30:00,12,166.0,0.4043,0.5106,0,1,0.0,-1.0,Afternoon,0,0.3061,0.6867,0.99,170.0,163.25
12:45:00 PM,15,20,10,12,24,66,Sunday,normal,12:45:00,12,133.0,0.5455,0.303,0,1,0.0,-1.0,Afternoon,0,0.5714,0.812,0.79,166.0,158.75
1:00:00 PM,15,35,10,5,30,80,Sunday,normal,13:00:00,13,145.0,0.4375,0.4375,0,1,-0.2588,-0.9659,Afternoon,0,0.1389,0.7241,0.86,133.0,153.5
1:15:00 PM,15,112,15,40,10,177,Sunday,heavy,13:15:00,13,269.5,0.2825,0.6328,0,1,-0.2588,-0.9659,Afternoon,0,0.354,0.5566,1.6,145.0,178.38
1:30:00 PM,15,51,21,25,13,110,Sunday,normal,13:30:00,13,175.5,0.3455,0.4636,0,1,-0.2588,-0.9659,Afternoon,0,0.4808,0.6496,1.04,269.5,180.75
1:45:00 PM,15,53,12,23,8,96,Sunday,normal,13:45:00,13,152.0,0.3229,0.5521,0,1,-0.2588,-0.9659,Afternoon,0,0.4259,0.6118,0.9,175.5,185.5
2:00:00 PM,15,63,22,18,15,118,Sunday,normal,14:00:00,14,173.0,0.2797,0.5339,0,1,-0.5,-0.866,Afternoon,0,0.2812,0.5723,1.03,152.0,192.5
2:15:00 PM,15,50,23,16,8,97,Sunday,normal,14:15:00,14,133.5,0.2474,0.5155,0,1,-0.5,-0.866,Afternoon,0,0.3137,0.5393,0.79,173.0,158.5
2:30:00 PM,15,94,20,35,17,166,Sunday,high,14:30:00,14,260.0,0.3133,0.5663,0,1,-0.5,-0.866,Afternoon,0,0.3684,0.6,1.55,133.5,179.62
2:45:00 PM,15,7,27,39,17,90,Sunday,normal,14:45:00,14,188.5,0.6222,0.0778,0,1,-0.5,-0.866,Afternoon,0,4.875,0.8912,1.12,260.0,188.75
3:00:00 PM,15,109,18,13,6,146,Sunday,normal,15:00:00,15,175.0,0.1301,0.7466,0,1,-0.7071,-0.7071,Afternoon,0,0.1182,0.3257,1.04,188.5,189.25
3:15:00 PM,15,18,27,19,6,70,Sunday,normal,15:15:00,15,106.5,0.3571,0.2571,0,1,-0.7071,-0.7071,Afternoon,0,1.0,0.7042,0.63,175.0,182.5
3:30:00 PM,15,21,30,5,5,61,Sunday,low,15:30:00,15,66.0,0.1639,0.3443,0,1,-0.7071,-0.7071,Afternoon,0,0.2273,0.4545,0.39,106.5,134.0
3:45:00 PM,15,49,16,9,12,86,Sunday,low,15:45:00,15,120.0,0.2442,0.5698,0,1,-0.7071,-0.7071,Afternoon,0,0.18,0.525,0.71,66.0,116.88
4:00:00 PM,15,129,28,40,6,203,Sunday,heavy,16:00:00,16,281.0,0.2266,0.6355,1,1,-0.866,-0.5,Afternoon,0,0.3077,0.4911,1.67,120.0,143.38
4:15:00 PM,15,141,18,28,8,195,Sunday,heavy,16:15:00,16,258.0,0.1846,0.7231,1,1,-0.866,-0.5,Afternoon,0,0.1972,0.4186,1.54,281.0,181.25
4:30:00 PM,15,131,14,43,7,195,Sunday,heavy,16:30:00,16,288.0,0.2564,0.6718,1,1,-0.866,-0.5,Afternoon,0,0.3258,0.5208,1.71,258.0,236.75
4:45:00 PM,15,105,38,23,5,171,Sunday,heavy,16:45:00,16,208.0,0.1637,0.614,1,1,-0.866,-0.5,Afternoon,0,0.217,0.4038,1.24,288.0,258.75
5:00:00 PM,15,125,35,37,5,202,Sunday,heavy,17:00:00,17,268.5,0.2079,0.6188,1,1,-0.9659,-0.2588,Evening,1,0.2937,0.4693,1.6,208.0,255.62
5:15:00 PM,15,127,36,42,9,214,Sunday,heavy,17:15:00,17,298.0,0.2383,0.5935,1,1,-0.9659,-0.2588,Evening,1,0.3281,0.5134,1.77,268.5,265.62
5:30:00 PM,15,129,22,25,9,185,Sunday,heavy,17:30:00,17,242.0,0.1838,0.6973,1,1,-0.9659,-0.2588,Evening,1,0.1923,0.4215,1.44,298.0,254.12
5:45:00 PM,15,121,39,47,8,215,Sunday,heavy,17:45:00,17,305.5,0.2558,0.5628,1,1,-0.9659,-0.2588,Evening,1,0.3852,0.5401,1.82,242.0,278.5
6:00:00 PM,15,138,29,42,9,218,Sunday,heavy,18:00:00,18,305.5,0.2339,0.633,1,1,-1.0,-0.0,Evening,1,0.3022,0.5008,1.82,305.5,287.75
6:15:00 PM,15,119,26,21,5,171,Sunday,heavy,18:15:00,18,210.0,0.152,0.6959,1,1,-1.0,-0.0,Evening,1,0.175,0.3714,1.25,305.5,265.75
6:30:00 PM,15,138,17,48,8,211,Sunday,heavy,18:30:00,18,314.5,0.2654,0.654,1,1,-1.0,-0.0,Evening,1,0.3453,0.5342,1.87,210.0,283.88
6:45:00 PM,15,72,12,14,32,130,Sunday,high,18:45:00,18,216.0,0.3538,0.5538,1,1,-1.0,-0.0,Evening,1,0.1918,0.6389,1.29,314.5,261.5
7:00:00 PM,15,92,23,20,30,165,Sunday,high,19:00:00,19,253.5,0.303,0.5576,0,1,-0.9659,0.2588,Evening,1,0.2151,0.5917,1.51,216.0,248.5
7:15:00 PM,15,94,17,11,24,146,Sunday,high,19:15:00,19,207.5,0.2397,0.6438,0,1,-0.9659,0.2588,Evening,1,0.1158,0.506,1.24,253.5,247.88
7:30:00 PM,15,102,25,12,24,163,Sunday,high,19:30:00,19,222.5,0.2209,0.6258,0,1,-0.9659,0.2588,Evening,1,0.1165,0.4854,1.32,207.5,224.88
7:45:00 PM,15,71,23,17,14,125,Sunday,normal,19:45:00,19,175.5,0.248,0.568,0,1,-0.9659,0.2588,Evening,1,0.2361,0.5299,1.04,222.5,214.75
8:00:00 PM,15,58,5,19,25,107,Sunday,normal,20:00:00,20,192.5,0.4112,0.5421,0,1,-0.866,0.5,Evening,0,0.322,0.6857,1.15,175.5,199.5
8:15:00 PM,15,93,22,18,10,143,Sunday,normal,20:15:00,20,188.0,0.1958,0.6503,0,1,-0.866,0.5,Evening,0,0.1915,0.4468,1.12,192.5,194.62
8:30:00 PM,15,59,23,10,35,127,Sunday,high,20:30:00,20,205.5,0.3543,0.4646,0,1,-0.866,0.5,Evening,0,0.1667,0.6569,1.22,188.0,190.38
8:45:00 PM,15,57,20,10,20,107,Sunday,normal,20:45:00,20,157.0,0.2804,0.5327,0,1,-0.866,0.5,Evening,0,0.1724,0.5732,0.93,205.5,185.75
9:00:00 PM,15,96,9,18,25,148,Sunday,high,21:00:00,21,229.5,0.2905,0.6486,0,1,-0.7071,0.7071,Evening,0,0.1856,0.5621,1.37,157.0,195.0
9:15:00 PM,15,104,12,16,20,152,Sunday,normal,21:15:00,21,218.0,0.2368,0.6842,0,1,-0.7071,0.7071,Evening,0,0.1524,0.4954,1.3,229.5,202.5
9:30:00 PM,15,104,22,17,23,166,Sunday,high,21:30:00,21,235.0,0.241,0.6265,0,1,-0.7071,0.7071,Evening,0,0.1619,0.5106,1.4,218.0,209.88
9:45:00 PM,15,88,8,11,29,136,Sunday,high,21:45:00,21,212.0,0.2941,0.6471,0,1,-0.7071,0.7071,Evening,0,0.1236,0.566,1.26,235.0,223.62
10:00:00 PM,15,20,3,0,16,39,Sunday,normal,22:00:00,22,69.5,0.4103,0.5128,0,1,-0.5,0.866,Night,0,0.0,0.6906,0.41,212.0,183.62
10:15:00 PM,15,17,2,1,30,50,Sunday,normal,22:15:00,22,111.0,0.62,0.34,0,1,-0.5,0.866,Night,0,0.0556,0.8378,0.66,69.5,156.88
10:30:00 PM,15,17,4,0,23,44,Sunday,normal,22:30:00,22,88.0,0.5227,0.3864,0,1,-0.5,0.866,Night,0,0.0,0.7841,0.52,111.0,120.12
10:45:00 PM,15,15,5,0,21,41,Sunday,normal,22:45:00,22,80.5,0.5122,0.3659,0,1,-0.5,0.866,Night,0,0.0,0.7826,0.48,88.0,87.25
11:00:00 PM,15,10,0,1,31,42,Sunday,normal,23:00:00,23,106.0,0.7619,0.2381,0,1,-0.2588,0.9659,Night,0,0.0909,0.9057,0.63,80.5,96.38
11:15:00 PM,15,11,1,1,19,32,Sunday,normal,23:15:00,23,71.5,0.625,0.3438,0,1,-0.2588,0.9659,Night,0,0.0833,0.8392,0.43,106.0,86.5
11:30:00 PM,15,12,2,0,29,43,Sunday,normal,23:30:00,23,100.0,0.6744,0.2791,0,1,-0.2588,0.9659,Night,0,0.0,0.87,0.6,71.5,89.5
11:45:00 PM,15,11,0,1,11,23,Sunday,low,23:45:00,23,47.0,0.5217,0.4783,0,1,-0.2588,0.9659,Night,0,0.0833,0.766,0.28,100.0,81.12
12:00:00 AM,16,18,4,1,28,51,Monday,normal,00:00:00,0,107.0,0.5686,0.3529,0,0,0.0,1.0,Night,0,0.0526,0.8131,0.64,107.0,107.0
12:15:00 AM,16,13,3,0,26,42,Monday,normal,00:15:00,0,92.5,0.619,0.3095,0,0,0.0,1.0,Night,0,0.0,0.8432,0.55,107.0,99.75
12:30:00 AM,16,16,3,0,34,53,Monday,normal,00:30:00,0,119.5,0.6415,0.3019,0,0,0.0,1.0,Night,0,0.0,0.8536,0.71,92.5,106.33
12:45:00 AM,16,16,4,0,35,55,Monday,normal,00:45:00,0,123.0,0.6364,0.2909,0,0,0.0,1.0,Night,0,0.0,0.8537,0.73,119.5,110.5
1:00:00 AM,16,20,2,1,33,56,Monday,normal,01:00:00,1,123.0,0.6071,0.3571,0,0,0.2588,0.9659,Night,0,0.0476,0.8293,0.73,123.0,114.5
1:15:00 AM,16,14,4,1,28,47,Monday,normal,01:15:00,1,103.0,0.617,0.2979,0,0,0.2588,0.9659,Night,0,0.0667,0.8447,0.61,123.0,117.12
1:30:00 AM,16,11,4,1,19,35,Monday,normal,01:30:00,1,73.0,0.5714,0.3143,0,0,0.2588,0.9659,Night,0,0.0833,0.8219,0.43,103.0,105.5
1:45:00 AM,16,19,4,0,17,40,Monday,normal,01:45:00,1,72.0,0.425,0.475,0,0,0.2588,0.9659,Night,0,0.0,0.7083,0.43,73.0,92.75
2:00:00 AM,16,18,3,1,26,48,Monday,normal,02:00:00,2,100.5,0.5625,0.375,0,0,0.5,0.866,Night,0,0.0526,0.806,0.6,72.0,87.12
2:15:00 AM,16,10,1,1,21,33,Monday,normal,02:15:00,2,76.5,0.6667,0.303,0,0,0.5,0.866,Night,0,0.0909,0.8627,0.46,100.5,80.5
2:30:00 AM,16,20,5,1,40,66,Monday,normal,02:30:00,2,145.5,0.6212,0.303,0,0,0.5,0.866,Night,0,0.0476,0.8454,0.87,76.5,98.62
2:45:00 AM,16,11,5,0,37,53,Monday,normal,02:45:00,2,124.5,0.6981,0.2075,0,0,0.5,0.866,Night,0,0.0,0.8916,0.74,145.5,111.75
3:00:00 AM,16,15,4,1,29,49,Monday,normal,03:00:00,3,107.0,0.6122,0.3061,0,0,0.7071,0.7071,Night,0,0.0625,0.8411,0.64,124.5,113.38
3:15:00 AM,16,16,2,1,27,46,Monday,normal,03:15:00,3,101.0,0.6087,0.3478,0,0,0.7071,0.7071,Night,0,0.0588,0.8317,0.6,107.0,119.5
3:30:00 AM,16,10,3,1,23,37,Monday,normal,03:30:00,3,83.5,0.6486,0.2703,0,0,0.7071,0.7071,Night,0,0.0909,0.8623,0.5,101.0,104.0
3:45:00 AM,16,16,5,1,31,53,Monday,normal,03:45:00,3,114.5,0.6038,0.3019,0,0,0.7071,0.7071,Night,0,0.0588,0.8384,0.68,83.5,101.5
4:00:00 AM,16,20,0,1,30,51,Monday,normal,04:00:00,4,113.0,0.6078,0.3922,0,0,0.866,0.5,Night,0,0.0476,0.823,0.67,114.5,103.0
4:15:00 AM,16,61,4,5,17,87,Monday,normal,04:15:00,4,129.0,0.2529,0.7011,0,0,0.866,0.5,Night,0,0.0806,0.5116,0.77,113.0,110.0
4:30:00 AM,16,91,8,6,2,107,Monday,low,04:30:00,4,119.0,0.0748,0.8505,0,0,0.866,0.5,Night,0,0.0652,0.2017,0.71,129.0,118.88
4:45:00 AM,16,94,4,5,2,105,Monday,low,04:45:00,4,117.0,0.0667,0.8952,0,0,0.866,0.5,Night,0,0.0526,0.1795,0.7,119.0,119.5
5:00:00 AM,16,117,8,6,16,147,Monday,normal,05:00:00,5,187.0,0.1497,0.7959,0,0,0.9659,0.2588,Morning,0,0.0508,0.3529,1.11,117.0,138.0
5:15:00 AM,16,111,14,10,14,149,Monday,normal,05:15:00,5,190.0,0.1611,0.745,0,0,0.9659,0.2588,Morning,0,0.0893,0.3789,1.13,187.0,153.25
5:30:00 AM,16,91,2,3,5,101,Monday,low,05:30:00,5,116.0,0.0792,0.901,0,0,0.9659,0.2588,Morning,0,0.0326,0.2069,0.69,190.0,152.5
5:45:00 AM,16,96,9,1,16,122,Monday,normal,05:45:00,5,151.5,0.1393,0.7869,0,0,0.9659,0.2588,Morning,0,0.0103,0.3366,0.9,116.0,161.12
6:00:00 AM,16,134,15,42,5,196,Monday,heavy,06:00:00,6,282.5,0.2398,0.6837,1,0,1.0,0.0,Morning,0,0.3111,0.4991,1.68,151.5,185.0
6:15:00 AM,16,121,35,39,4,199,Monday,heavy,06:15:00,6,267.5,0.2161,0.608,1,0,1.0,0.0,Morning,0,0.3197,0.4822,1.59,282.5,204.38
6:30:00 AM,16,118,40,40,3,201,Monday,heavy,06:30:00,6,267.0,0.2139,0.5871,1,0,1.0,0.0,Morning,0,0.3361,0.4831,1.59,267.5,242.12
6:45:00 AM,16,115,17,40,1,173,Monday,heavy,06:45:00,6,246.5,0.237,0.6647,1,0,1.0,0.0,Morning,0,0.3448,0.499,1.47,267.0,265.88
7:00:00 AM,16,106,22,37,0,165,Monday,high,07:00:00,7,228.0,0.2242,0.6424,1,0,0.9659,-0.2588,Morning,0,0.3458,0.4868,1.36,246.5,252.25
7:15:00 AM,16,147,26,40,0,213,Monday,heavy,07:15:00,7,280.0,0.1878,0.6901,1,0,0.9659,-0.2588,Morning,0,0.2703,0.4286,1.67,228.0,255.38
7:30:00 AM,16,102,13,31,2,148,Monday,high,07:30:00,7,207.5,0.223,0.6892,1,0,0.9659,-0.2588,Morning,0,0.301,0.4771,1.24,280.0,240.5
7:45:00 AM,16,102,12,24,3,141,Monday,normal,07:45:00,7,189.0,0.1915,0.7234,1,0,0.9659,-0.2588,Morning,0,0.233,0.4286,1.13,207.5,226.12
8:00:00 AM,16,130,40,31,2,203,Monday,heavy,08:00:00,8,249.0,0.1626,0.6404,1,0,0.866,-0.5,Morning,1,0.2366,0.3976,1.48,189.0,231.38
8:15:00 AM,16,102,17,33,0,152,Monday,high,08:15:00,8,209.5,0.2171,0.6711,1,0,0.866,-0.5,Morning,1,0.3204,0.4726,1.25,249.0,213.75
8:30:00 AM,16,105,13,48,5,171,Monday,heavy,08:30:00,8,270.5,0.3099,0.614,1,0,0.866,-0.5,Morning,1,0.4528,0.5878,1.61,209.5,229.5
8:45:00 AM,16,129,24,25,0,178,Monday,heavy,08:45:00,8,216.0,0.1404,0.7247,1,0,0.866,-0.5,Morning,1,0.1923,0.3472,1.29,270.5,236.25
9:00:00 AM,16,117,11,45,0,173,Monday,heavy,09:00:00,9,257.5,0.2601,0.6763,0,0,0.7071,-0.7071,Morning,1,0.3814,0.5243,1.53,216.0,238.38
9:15:00 AM,16,74,14,23,21,132,Monday,high,09:15:00,9,213.0,0.3333,0.5606,0,0,0.7071,-0.7071,Morning,1,0.3067,0.6197,1.27,257.5,239.25
9:30:00 AM,16,80,14,35,18,147,Monday,high,09:30:00,9,246.0,0.3605,0.5442,0,0,0.7071,-0.7071,Morning,1,0.4321,0.6463,1.46,213.0,233.12
9:45:00 AM,16,31,7,34,24,96,Monday,normal,09:45:00,9,208.5,0.6042,0.3229,0,0,0.7071,-0.7071,Morning,1,1.0625,0.8345,1.24,246.0,231.25
10:00:00 AM,16,18,15,9,15,57,Monday,normal,10:00:00,10,97.5,0.4211,0.3158,0,0,0.5,-0.866,Morning,0,0.4737,0.7385,0.58,208.5,191.25
10:15:00 AM,16,15,10,23,20,68,Monday,normal,10:15:00,10,149.0,0.6324,0.2206,0,0,0.5,-0.866,Morning,0,1.4375,0.8658,0.89,97.5,175.25
10:30:00 AM,16,37,18,8,16,79,Monday,normal,10:30:00,10,118.0,0.3038,0.4684,0,0,0.5,-0.866,Morning,0,0.2105,0.6102,0.7,149.0,143.25
10:45:00 AM,16,10,7,5,14,36,Monday,normal,10:45:00,10,70.5,0.5278,0.2778,0,0,0.5,-0.866,Morning,0,0.4545,0.8085,0.42,118.0,108.75
11:00:00 AM,16,54,6,15,23,98,Monday,normal,11:00:00,11,171.0,0.3878,0.551,0,0,0.2588,-0.9659,Morning,0,0.2727,0.6667,1.02,70.5,127.12
11:15:00 AM,16,34,7,5,24,70,Monday,normal,11:15:00,11,124.5,0.4143,0.4857,0,0,0.2588,-0.9659,Morning,0,0.1429,0.6988,0.74,171.0,121.0
11:30:00 AM,16,50,7,8,21,86,Monday,normal,11:30:00,11,140.5,0.3372,0.5814,0,0,0.2588,-0.9659,Morning,0,0.1569,0.6192,0.84,124.5,126.62
11:45:00 AM,16,44,9,10,24,87,Monday,normal,11:45:00,11,150.5,0.3908,0.5057,0,0,0.2588,-0.9659,Morning,0,0.2222,0.6777,0.9,140.5,146.62
12:00:00 PM,16,63,8,15,24,110,Monday,normal,12:00:00,12,184.0,0.3545,0.5727,0,0,0.0,-1.0,Afternoon,0,0.2344,0.6359,1.1,150.5,149.88
12:15:00 PM,16,56,6,6,29,97,Monday,normal,12:15:00,12,164.0,0.3608,0.5773,0,0,0.0,-1.0,Afternoon,0,0.1053,0.6402,0.98,184.0,159.75
12:30:00 PM,16,69,5,13,27,114,Monday,high,12:30:00,12,191.5,0.3509,0.6053,0,0,0.0,-1.0,Afternoon,0,0.1857,0.6266,1.14,164.0,172.5
12:45:00 PM,16,39,5,3,30,77,Monday,normal,12:45:00,12,140.5,0.4286,0.5065,0,0,0.0,-1.0,Afternoon,0,0.075,0.7046,0.84,191.5,170.0
1:00:00 PM,16,61,10,14,24,109,Monday,normal,13:00:00,13,180.0,0.3486,0.5596,0,0,-0.2588,-0.9659,Afternoon,0,0.2258,0.6333,1.07,140.5,169.0
1:15:00 PM,16,61,30,5,20,116,Monday,normal,13:15:00,13,151.0,0.2155,0.5259,0,0,-0.2588,-0.9659,Afternoon,0,0.0806,0.4967,0.9,180.0,165.75
1:30:00 PM,16,20,17,9,5,51,Monday,low,13:30:00,13,70.5,0.2745,0.3922,0,0,-0.2588,-0.9659,Afternoon,0,0.4286,0.5957,0.42,151.0,135.5
1:45:00 PM,16,70,22,38,7,137,Monday,high,13:45:00,13,216.0,0.3285,0.5109,0,0,-0.2588,-0.9659,Afternoon,0,0.5352,0.625,1.29,70.5,154.38
2:00:00 PM,16,25,30,31,9,95,Monday,normal,14:00:00,14,160.0,0.4211,0.2632,0,0,-0.5,-0.866,Afternoon,0,1.1923,0.75,0.95,216.0,149.38
2:15:00 PM,16,23,13,12,6,54,Monday,low,14:15:00,14,83.5,0.3333,0.4259,0,0,-0.5,-0.866,Afternoon,0,0.5,0.6467,0.5,160.0,132.5
2:30:00 PM,16,105,30,24,8,167,Monday,normal,14:30:00,14,216.0,0.1916,0.6287,0,0,-0.5,-0.866,Afternoon,0,0.2264,0.4444,1.29,83.5,168.88
2:45:00 PM,16,107,10,6,6,129,Monday,normal,14:45:00,14,148.0,0.093,0.8295,0,0,-0.5,-0.866,Afternoon,0,0.0556,0.2432,0.88,216.0,151.88
3:00:00 PM,16,40,20,36,7,103,Monday,normal,15:00:00,15,179.0,0.4175,0.3883,0,0,-0.7071,-0.7071,Afternoon,0,0.878,0.7207,1.07,148.0,156.62
3:15:00 PM,16,74,18,37,11,140,Monday,high,15:15:00,15,227.0,0.3429,0.5286,0,0,-0.7071,-0.7071,Afternoon,0,0.4933,0.6344,1.35,179.0,192.5
3:30:00 PM,16,62,15,8,11,96,Monday,low,15:30:00,15,126.5,0.1979,0.6458,0,0,-0.7071,-0.7071,Afternoon,0,0.127,0.4506,0.75,227.0,170.12
3:45:00 PM,16,81,20,14,12,127,Monday,normal,15:45:00,15,169.0,0.2047,0.6378,0,0,-0.7071,-0.7071,Afternoon,0,0.1707,0.4615,1.01,126.5,175.38
4:00:00 PM,16,111,32,43,5,191,Monday,heavy,16:00:00,16,271.0,0.2513,0.5812,1,0,-0.866,-0.5,Afternoon,0,0.3839,0.5314,1.61,169.0,198.38
4:15:00 PM,16,145,12,41,6,204,Monday,heavy,16:15:00,16,292.0,0.2304,0.7108,1,0,-0.866,-0.5,Afternoon,0,0.2808,0.4829,1.74,271.0,214.62
4:30:00 PM,16,139,11,20,7,177,Monday,heavy,16:30:00,16,225.5,0.1525,0.7853,1,0,-0.866,-0.5,Afternoon,0,0.1429,0.3592,1.34,292.0,239.38
4:45:00 PM,16,129,40,31,10,210,Monday,heavy,16:45:00,16,272.0,0.1952,0.6143,1,0,-0.866,-0.5,Afternoon,0,0.2385,0.4522,1.62,225.5,265.12
5:00:00 PM,16,128,22,28,8,186,Monday,heavy,17:00:00,17,247.0,0.1935,0.6882,1,0,-0.9659,-0.2588,Evening,1,0.2171,0.4372,1.47,272.0,259.12
5:15:00 PM,16,103,17,23,8,151,Monday,normal,17:15:00,17,204.5,0.2053,0.6821,1,0,-0.9659,-0.2588,Evening,1,0.2212,0.4548,1.22,247.0,237.25
5:30:00 PM,16,127,32,29,7,195,Monday,heavy,17:30:00,17,251.0,0.1846,0.6513,1,0,-0.9659,-0.2588,Evening,1,0.2266,0.4303,1.49,204.5,243.62
5:45:00 PM,16,120,35,44,8,207,Monday,heavy,17:45:00,17,293.5,0.2512,0.5797,1,0,-0.9659,-0.2588,Evening,1,0.3636,0.5315,1.75,251.0,249.0
6:00:00 PM,16,106,11,41,7,165,Monday,high,18:00:00,18,255.5,0.2909,0.6424,1,0,-1.0,-0.0,Evening,1,0.3832,0.5636,1.52,293.5,251.12
6:15:00 PM,16,114,40,31,5,190,Monday,heavy,18:15:00,18,242.0,0.1895,0.6,1,0,-1.0,-0.0,Evening,1,0.2696,0.4463,1.44,255.5,260.5
6:30:00 PM,16,101,13,20,7,141,Monday,normal,18:30:00,18,188.5,0.1915,0.7163,1,0,-1.0,-0.0,Evening,1,0.1961,0.4297,1.12,242.0,244.88
6:45:00 PM,16,110,25,19,34,188,Monday,heavy,18:45:00,18,281.5,0.2819,0.5851,1,0,-1.0,-0.0,Evening,1,0.1712,0.5648,1.68,188.5,241.88
7:00:00 PM,16,108,6,17,23,154,Monday,high,19:00:00,19,231.0,0.2597,0.7013,0,0,-0.9659,0.2588,Evening,1,0.156,0.5195,1.38,281.5,235.75
7:15:00 PM,16,104,12,10,10,136,Monday,normal,19:15:00,19,170.0,0.1471,0.7647,0,0,-0.9659,0.2588,Evening,1,0.0952,0.3529,1.01,231.0,217.75
7:30:00 PM,16,102,22,17,23,164,Monday,high,19:30:00,19,233.0,0.2439,0.622,0,0,-0.9659,0.2588,Evening,1,0.165,0.515,1.39,170.0,228.88
7:45:00 PM,16,77,19,16,8,120,Monday,normal,19:45:00,19,158.5,0.2,0.6417,0,0,-0.9659,0.2588,Evening,1,0.2051,0.4543,0.94,233.0,198.12
8:00:00 PM,16,70,16,19,33,138,Monday,high,20:00:00,20,234.0,0.3768,0.5072,0,0,-0.866,0.5,Evening,0,0.2676,0.6667,1.39,158.5,198.88
8:15:00 PM,16,75,9,13,28,125,Monday,high,20:15:00,20,202.5,0.328,0.6,0,0,-0.866,0.5,Evening,0,0.1711,0.6074,1.21,234.0,207.0
8:30:00 PM,16,95,9,16,29,149,Monday,high,20:30:00,20,234.5,0.302,0.6376,0,0,-0.866,0.5,Evening,0,0.1667,0.5757,1.4,202.5,207.38
8:45:00 PM,16,77,17,17,22,133,Monday,high,20:45:00,20,202.5,0.2932,0.5789,0,0,-0.866,0.5,Evening,0,0.2179,0.5778,1.21,234.5,218.38
9:00:00 PM,16,73,16,14,34,137,Monday,high,21:00:00,21,225.0,0.3504,0.5328,0,0,-0.7071,0.7071,Evening,0,0.1892,0.64,1.34,202.5,216.12
9:15:00 PM,16,59,7,18,12,96,Monday,normal,21:15:00,21,152.5,0.3125,0.6146,0,0,-0.7071,0.7071,Evening,0,0.3,0.5902,0.91,225.0,203.62
9:30:00 PM,16,54,20,10,9,93,Monday,low,21:30:00,21,121.0,0.2043,0.5806,0,0,-0.7071,0.7071,Evening,0,0.1818,0.4711,0.72,152.5,175.25
9:45:00 PM,16,90,6,18,32,146,Monday,high,21:45:00,21,243.0,0.3425,0.6164,0,0,-0.7071,0.7071,Evening,0,0.1978,0.6173,1.45,121.0,185.38
10:00:00 PM,16,15,5,1,32,53,Monday,normal,22:00:00,22,116.5,0.6226,0.283,0,0,-0.5,0.866,Night,0,0.0625,0.8498,0.69,243.0,158.25
10:15:00 PM,16,12,1,0,11,24,Monday,low,22:15:00,22,45.5,0.4583,0.5,0,0,-0.5,0.866,Night,0,0.0,0.7253,0.27,116.5,131.5
10:30:00 PM,16,17,2,0,28,47,Monday,normal,22:30:00,22,102.0,0.5957,0.3617,0,0,-0.5,0.866,Night,0,0.0,0.8235,0.61,45.5,126.75
10:45:00 PM,16,13,5,1,12,31,Monday,low,22:45:00,22,54.5,0.4194,0.4194,0,0,-0.5,0.866,Night,0,0.0714,0.7156,0.32,102.0,79.62
11:00:00 PM,16,15,5,0,21,41,Monday,normal,23:00:00,23,80.5,0.5122,0.3659,0,0,-0.2588,0.9659,Night,0,0.0,0.7826,0.48,54.5,70.62
11:15:00 PM,16,18,4,0,11,33,Monday,low,23:15:00,23,53.0,0.3333,0.5455,0,0,-0.2588,0.9659,Night,0,0.0,0.6226,0.32,80.5,72.5
11:30:00 PM,16,12,4,0,21,37,Monday,normal,23:30:00,23,77.0,0.5676,0.3243,0,0,-0.2588,0.9659,Night,0,0.0,0.8182,0.46,53.0,66.25
11:45:00 PM,16,10,4,1,12,27,Monday,low,23:45:00,23,51.0,0.4815,0.3704,0,0,-0.2588,0.9659,Night,0,0.0909,0.7647,0.3,77.0,65.38
12:00:00 AM,17,15,2,0,25,42,Tuesday,normal,00:00:00,0,91.0,0.5952,0.3571,0,0,0.0,1.0,Night,0,0.0,0.8242,0.54,91.0,91.0
12:15:00 AM,17,11,0,0,24,35,Tuesday,normal,00:15:00,0,83.0,0.6857,0.3143,0,0,0.0,1.0,Night,0,0.0,0.8675,0.49,91.0,87.0
12:30:00 AM,17,15,2,1,15,33,Tuesday,normal,00:30:00,0,64.0,0.4848,0.4545,0,0,0.0,1.0,Night,0,0.0625,0.75,0.38,83.0,79.33
12:45:00 AM,17,20,3,1,29,53,Tuesday,normal,00:45:00,0,111.5,0.566,0.3774,0,0,0.0,1.0,Night,0,0.0476,0.8072,0.66,64.0,87.38
1:00:00 AM,17,17,2,0,24,43,Tuesday,normal,01:00:00,1,90.0,0.5581,0.3953,0,0,0.2588,0.9659,Night,0,0.0,0.8,0.54,111.5,87.12
1:15:00 AM,17,19,5,1,26,51,Tuesday,normal,01:15:00,1,102.5,0.5294,0.3725,0,0,0.2588,0.9659,Night,0,0.05,0.7902,0.61,90.0,92.0
1:30:00 AM,17,20,3,1,32,56,Tuesday,normal,01:30:00,1,120.5,0.5893,0.3571,0,0,0.2588,0.9659,Night,0,0.0476,0.8216,0.72,102.5,106.12
1:45:00 AM,17,15,3,0,19,37,Tuesday,normal,01:45:00,1,73.5,0.5135,0.4054,0,0,0.2588,0.9659,Night,0,0.0,0.7755,0.44,120.5,96.62
2:00:00 AM,17,13,5,0,17,35,Tuesday,normal,02:00:00,2,66.5,0.4857,0.3714,0,0,0.5,0.866,Night,0,0.0,0.7669,0.4,73.5,90.75
2:15:00 AM,17,12,5,1,19,37,Tuesday,normal,02:15:00,2,74.5,0.5405,0.3243,0,0,0.5,0.866,Night,0,0.0769,0.8054,0.44,66.5,83.75
2:30:00 AM,17,10,2,0,27,39,Tuesday,normal,02:30:00,2,92.0,0.6923,0.2564,0,0,0.5,0.866,Night,0,0.0,0.8804,0.55,74.5,76.62
2:45:00 AM,17,20,4,1,23,48,Tuesday,normal,02:45:00,2,94.0,0.5,0.4167,0,0,0.5,0.866,Night,0,0.0476,0.766,0.56,92.0,81.75
3:00:00 AM,17,14,0,0,16,30,Tuesday,normal,03:00:00,3,62.0,0.5333,0.4667,0,0,0.7071,0.7071,Night,0,0.0,0.7742,0.37,94.0,80.62
3:15:00 AM,17,12,4,1,28,45,Tuesday,normal,03:15:00,3,101.0,0.6444,0.2667,0,0,0.7071,0.7071,Night,0,0.0769,0.8614,0.6,62.0,87.25
3:30:00 AM,17,19,2,0,20,41,Tuesday,normal,03:30:00,3,80.0,0.4878,0.4634,0,0,0.7071,0.7071,Night,0,0.0,0.75,0.48,101.0,84.25
3:45:00 AM,17,20,2,1,19,42,Tuesday,normal,03:45:00,3,81.0,0.4762,0.4762,0,0,0.7071,0.7071,Night,0,0.0476,0.7407,0.48,80.0,81.0
4:00:00 AM,17,16,0,0,36,52,Tuesday,normal,04:00:00,4,124.0,0.6923,0.3077,0,0,0.866,0.5,Night,0,0.0,0.871,0.74,81.0,96.5
4:15:00 AM,17,62,20,4,18,104,Tuesday,normal,04:15:00,4,138.0,0.2115,0.5962,0,0,0.866,0.5,Night,0,0.0635,0.4783,0.82,124.0,105.75
4:30:00 AM,17,50,13,2,14,79,Tuesday,normal,04:30:00,4,104.5,0.2025,0.6329,0,0,0.866,0.5,Night,0,0.0392,0.4593,0.62,138.0,111.88
4:45:00 AM,17,101,3,6,6,116,Tuesday,normal,04:45:00,4,138.5,0.1034,0.8707,0,0,0.866,0.5,Night,0,0.0588,0.2599,0.82,104.5,126.25
5:00:00 AM,17,94,15,2,9,120,Tuesday,normal,05:00:00,5,134.5,0.0917,0.7833,0,0,0.9659,0.2588,Morning,0,0.0211,0.2454,0.8,138.5,128.88
5:15:00 AM,17,68,10,8,1,87,Tuesday,low,05:15:00,5,100.0,0.1034,0.7816,0,0,0.9659,0.2588,Morning,0,0.1159,0.27,0.6,134.5,119.38
5:30:00 AM,17,95,3,8,20,126,Tuesday,normal,05:30:00,5,180.5,0.2222,0.754,0,0,0.9659,0.2588,Morning,0,0.0833,0.4654,1.07,100.0,138.38
5:45:00 AM,17,113,7,10,16,146,Tuesday,normal,05:45:00,5,194.5,0.1781,0.774,0,0,0.9659,0.2588,Morning,0,0.0877,0.401,1.16,180.5,152.38
6:00:00 AM,17,106,13,39,1,159,Tuesday,high,06:00:00,6,232.5,0.2516,0.6667,1,0,1.0,0.0,Morning,0,0.3645,0.5161,1.38,194.5,176.88
6:15:00 AM,17,105,32,47,4,188,Tuesday,heavy,06:15:00,6,274.0,0.2713,0.5585,1,0,1.0,0.0,Morning,0,0.4434,0.5584,1.63,232.5,220.38
6:30:00 AM,17,150,19,34,4,207,Tuesday,heavy,06:30:00,6,273.5,0.1836,0.7246,1,0,1.0,0.0,Morning,0,0.2252,0.4168,1.63,274.0,243.62
6:45:00 AM,17,137,38,39,2,216,Tuesday,heavy,06:45:00,6,279.0,0.1898,0.6343,1,0,1.0,0.0,Morning,0,0.2826,0.4409,1.66,273.5,264.75
7:00:00 AM,17,113,11,32,1,157,Tuesday,high,07:00:00,7,217.5,0.2102,0.7197,1,0,0.9659,-0.2588,Morning,0,0.2807,0.4552,1.29,279.0,261.0
7:15:00 AM,17,117,30,26,5,178,Tuesday,heavy,07:15:00,7,225.0,0.1742,0.6573,1,0,0.9659,-0.2588,Morning,0,0.2203,0.4133,1.34,217.5,248.75
7:30:00 AM,17,130,10,37,1,178,Tuesday,heavy,07:30:00,7,249.0,0.2135,0.7303,1,0,0.9659,-0.2588,Morning,0,0.2824,0.4578,1.48,225.0,242.62
7:45:00 AM,17,150,32,31,1,214,Tuesday,heavy,07:45:00,7,262.0,0.1495,0.7009,1,0,0.9659,-0.2588,Morning,0,0.2053,0.3664,1.56,249.0,238.38
8:00:00 AM,17,146,10,30,3,189,Tuesday,heavy,08:00:00,8,250.0,0.1746,0.7725,1,0,0.866,-0.5,Morning,1,0.2041,0.396,1.49,262.0,246.5
8:15:00 AM,17,123,24,46,2,195,Tuesday,heavy,08:15:00,8,279.0,0.2462,0.6308,1,0,0.866,-0.5,Morning,1,0.371,0.5161,1.66,250.0,260.0
8:30:00 AM,17,110,24,26,4,164,Tuesday,high,08:30:00,8,212.0,0.1829,0.6707,1,0,0.866,-0.5,Morning,1,0.2342,0.4245,1.26,279.0,250.75
8:45:00 AM,17,111,33,31,2,177,Tuesday,heavy,08:45:00,8,226.5,0.1864,0.6271,1,0,0.866,-0.5,Morning,1,0.2768,0.4371,1.35,212.0,241.88
9:00:00 AM,17,132,18,32,2,184,Tuesday,heavy,09:00:00,9,243.0,0.1848,0.7174,0,0,0.7071,-0.7071,Morning,1,0.2406,0.4198,1.45,226.5,240.12
9:15:00 AM,17,66,16,22,13,117,Tuesday,normal,09:15:00,9,179.0,0.2991,0.5641,0,0,0.7071,-0.7071,Morning,1,0.3284,0.5866,1.07,243.0,215.12
9:30:00 AM,17,45,24,5,23,97,Tuesday,normal,09:30:00,9,141.0,0.2887,0.4639,0,0,0.7071,-0.7071,Morning,1,0.1087,0.5957,0.84,179.0,197.38
9:45:00 AM,17,92,19,15,7,133,Tuesday,normal,09:45:00,9,167.5,0.1654,0.6917,0,0,0.7071,-0.7071,Morning,1,0.1613,0.394,1.0,141.0,182.62
10:00:00 AM,17,78,22,16,25,141,Tuesday,high,10:00:00,10,212.0,0.2908,0.5532,0,0,0.5,-0.866,Morning,0,0.2025,0.5802,1.26,167.5,174.88
10:15:00 AM,17,90,2,15,18,125,Tuesday,normal,10:15:00,10,190.0,0.264,0.72,0,0,0.5,-0.866,Morning,0,0.1648,0.5211,1.13,212.0,177.62
10:30:00 AM,17,23,2,37,9,71,Tuesday,normal,10:30:00,10,162.0,0.6479,0.3239,0,0,0.5,-0.866,Morning,0,1.5417,0.8519,0.96,190.0,182.88
10:45:00 AM,17,17,5,6,20,48,Tuesday,normal,10:45:00,10,97.5,0.5417,0.3542,0,0,0.5,-0.866,Morning,0,0.3333,0.8,0.58,162.0,165.38
11:00:00 AM,17,41,5,4,24,74,Tuesday,normal,11:00:00,11,127.5,0.3784,0.5541,0,0,0.2588,-0.9659,Morning,0,0.0952,0.6588,0.76,97.5,144.25
11:15:00 AM,17,32,5,15,26,78,Tuesday,normal,11:15:00,11,157.5,0.5256,0.4103,0,0,0.2588,-0.9659,Morning,0,0.4545,0.781,0.94,127.5,136.12
11:30:00 AM,17,65,7,7,22,101,Tuesday,normal,11:30:00,11,155.5,0.2871,0.6436,0,0,0.2588,-0.9659,Morning,0,0.1061,0.5595,0.93,157.5,134.5
11:45:00 AM,17,22,6,3,25,56,Tuesday,normal,11:45:00,11,109.0,0.5,0.3929,0,0,0.2588,-0.9659,Morning,0,0.1304,0.7706,0.65,155.5,137.38
12:00:00 PM,17,54,7,4,28,93,Tuesday,normal,12:00:00,12,153.5,0.3441,0.5806,0,0,0.0,-1.0,Afternoon,0,0.0727,0.6254,0.91,109.0,143.88
12:15:00 PM,17,38,5,8,28,79,Tuesday,normal,12:15:00,12,148.5,0.4557,0.481,0,0,0.0,-1.0,Afternoon,0,0.2051,0.7273,0.88,153.5,141.62
12:30:00 PM,17,59,7,15,23,104,Tuesday,normal,12:30:00,12,176.5,0.3654,0.5673,0,0,0.0,-1.0,Afternoon,0,0.25,0.6459,1.05,148.5,146.88
12:45:00 PM,17,34,8,10,23,75,Tuesday,normal,12:45:00,12,137.0,0.44,0.4533,0,0,0.0,-1.0,Afternoon,0,0.2857,0.7226,0.82,176.5,153.88
1:00:00 PM,17,28,6,3,27,64,Tuesday,normal,13:00:00,13,121.0,0.4688,0.4375,0,0,-0.2588,-0.9659,Afternoon,0,0.1034,0.7438,0.72,137.0,145.75
1:15:00 PM,17,7,16,11,14,48,Tuesday,normal,13:15:00,13,90.0,0.5208,0.1458,0,0,-0.2588,-0.9659,Afternoon,0,1.375,0.8333,0.54,121.0,131.12
1:30:00 PM,17,8,12,22,8,50,Tuesday,normal,13:30:00,13,104.0,0.6,0.16,0,0,-0.2588,-0.9659,Afternoon,0,2.4444,0.8654,0.62,90.0,113.0
1:45:00 PM,17,42,25,38,18,123,Tuesday,high,13:45:00,13,222.5,0.4553,0.3415,0,0,-0.2588,-0.9659,Afternoon,0,0.8837,0.7551,1.32,104.0,134.38
2:00:00 PM,17,82,13,28,5,128,Tuesday,high,14:00:00,14,187.5,0.2578,0.6406,0,0,-0.5,-0.866,Afternoon,0,0.3373,0.528,1.12,222.5,151.0
2:15:00 PM,17,14,24,26,9,73,Tuesday,normal,14:15:00,14,131.0,0.4795,0.1918,0,0,-0.5,-0.866,Afternoon,0,1.7333,0.8015,0.78,187.5,161.25
2:30:00 PM,17,39,25,33,9,106,Tuesday,normal,14:30:00,14,177.5,0.3962,0.3679,0,0,-0.5,-0.866,Afternoon,0,0.825,0.7099,1.06,131.0,179.62
2:45:00 PM,17,47,14,29,6,96,Tuesday,normal,14:45:00,14,159.0,0.3646,0.4896,0,0,-0.5,-0.866,Afternoon,0,0.6042,0.6604,0.95,177.5,163.75
3:00:00 PM,17,120,20,21,18,179,Tuesday,heavy,15:00:00,15,247.0,0.2179,0.6704,0,0,-0.7071,-0.7071,Afternoon,0,0.1736,0.4737,1.47,159.0,178.62
3:15:00 PM,17,114,11,39,10,174,Tuesday,heavy,15:15:00,15,266.5,0.2816,0.6552,0,0,-0.7071,-0.7071,Afternoon,0,0.3391,0.5516,1.59,247.0,212.5
3:30:00 PM,17,99,24,30,10,163,Tuesday,high,15:30:00,15,231.0,0.2454,0.6074,0,0,-0.7071,-0.7071,Afternoon,0,0.3,0.5195,1.38,266.5,225.88
3:45:00 PM,17,78,18,30,8,134,Tuesday,high,15:45:00,15,201.0,0.2836,0.5821,0,0,-0.7071,-0.7071,Afternoon,0,0.3797,0.5672,1.2,231.0,236.38
4:00:00 PM,17,144,40,29,10,223,Tuesday,normal,16:00:00,16,281.0,0.1749,0.6457,1,0,-0.866,-0.5,Afternoon,0,0.2,0.4164,1.67,201.0,244.88
4:15:00 PM,17,107,28,38,9,182,Tuesday,heavy,16:15:00,16,262.0,0.2582,0.5879,1,0,-0.866,-0.5,Afternoon,0,0.3519,0.5382,1.56,281.0,243.75
4:30:00 PM,17,123,28,24,10,185,Tuesday,heavy,16:30:00,16,239.0,0.1838,0.6649,1,0,-0.866,-0.5,Afternoon,0,0.1935,0.4268,1.42,262.0,245.75
4:45:00 PM,17,126,15,28,6,175,Tuesday,heavy,16:45:00,16,235.5,0.1943,0.72,1,0,-0.866,-0.5,Afternoon,0,0.2205,0.4331,1.4,239.0,254.38
5:00:00 PM,17,147,28,23,5,203,Tuesday,heavy,17:00:00,17,245.0,0.1379,0.7241,1,0,-0.9659,-0.2588,Evening,1,0.1554,0.3429,1.46,235.5,245.38
5:15:00 PM,17,100,21,33,7,161,Tuesday,high,17:15:00,17,230.5,0.2484,0.6211,1,0,-0.9659,-0.2588,Evening,1,0.3267,0.5206,1.37,245.0,237.5
5:30:00 PM,17,113,12,22,6,153,Tuesday,normal,17:30:00,17,203.0,0.183,0.7386,1,0,-0.9659,-0.2588,Evening,1,0.193,0.4138,1.21,230.5,228.5
5:45:00 PM,17,130,34,30,6,200,Tuesday,heavy,17:45:00,17,255.0,0.18,0.65,1,0,-0.9659,-0.2588,Evening,1,0.229,0.4235,1.52,203.0,233.38
6:00:00 PM,17,118,40,29,10,197,Tuesday,heavy,18:00:00,18,255.0,0.198,0.599,1,0,-1.0,-0.0,Evening,1,0.2437,0.4588,1.52,255.0,235.88
6:15:00 PM,17,113,38,44,9,204,Tuesday,heavy,18:15:00,18,291.0,0.2598,0.5539,1,0,-1.0,-0.0,Evening,1,0.386,0.5464,1.73,255.0,251.0
6:30:00 PM,17,117,29,29,9,184,Tuesday,heavy,18:30:00,18,245.5,0.2065,0.6359,1,0,-1.0,-0.0,Evening,1,0.2458,0.4644,1.46,291.0,261.62
6:45:00 PM,17,106,12,20,32,170,Tuesday,heavy,18:45:00,18,268.0,0.3059,0.6235,1,0,-1.0,-0.0,Evening,1,0.1869,0.5821,1.6,245.5,264.88
7:00:00 PM,17,96,11,15,14,136,Tuesday,normal,19:00:00,19,188.5,0.2132,0.7059,0,0,-0.9659,0.2588,Evening,1,0.1546,0.4615,1.12,268.0,248.25
7:15:00 PM,17,58,11,14,24,107,Tuesday,normal,19:15:00,19,177.5,0.3551,0.5421,0,0,-0.9659,0.2588,Evening,1,0.2373,0.6423,1.06,188.5,219.88
7:30:00 PM,17,76,22,10,9,117,Tuesday,normal,19:30:00,19,144.0,0.1624,0.6496,0,0,-0.9659,0.2588,Evening,1,0.1299,0.3958,0.86,177.5,194.5
7:45:00 PM,17,66,6,12,33,117,Tuesday,high,19:45:00,19,204.0,0.3846,0.5641,0,0,-0.9659,0.2588,Evening,1,0.1791,0.6618,1.21,144.0,178.5
8:00:00 PM,17,61,23,13,18,115,Tuesday,normal,20:00:00,20,165.5,0.2696,0.5304,0,0,-0.866,0.5,Evening,0,0.2097,0.5619,0.99,204.0,172.75
8:15:00 PM,17,93,6,15,17,131,Tuesday,normal,20:15:00,20,192.0,0.2443,0.7099,0,0,-0.866,0.5,Evening,0,0.1596,0.5,1.14,165.5,176.38
8:30:00 PM,17,51,11,16,26,104,Tuesday,normal,20:30:00,20,182.5,0.4038,0.4904,0,0,-0.866,0.5,Evening,0,0.3077,0.6904,1.09,192.0,186.0
8:45:00 PM,17,86,6,12,9,113,Tuesday,normal,20:45:00,20,152.0,0.1858,0.7611,0,0,-0.866,0.5,Evening,0,0.1379,0.4145,0.9,182.5,173.0
9:00:00 PM,17,77,15,12,29,133,Tuesday,high,21:00:00,21,207.5,0.3083,0.5789,0,0,-0.7071,0.7071,Evening,0,0.1538,0.5928,1.24,152.0,183.5
9:15:00 PM,17,84,15,16,8,123,Tuesday,normal,21:15:00,21,163.5,0.1951,0.6829,0,0,-0.7071,0.7071,Evening,0,0.1882,0.4404,0.97,207.5,176.38
9:30:00 PM,17,103,12,15,10,140,Tuesday,normal,21:30:00,21,184.0,0.1786,0.7357,0,0,-0.7071,0.7071,Evening,0,0.1442,0.4076,1.1,163.5,176.75
9:45:00 PM,17,60,9,11,27,107,Tuesday,normal,21:45:00,21,178.5,0.3551,0.5607,0,0,-0.7071,0.7071,Evening,0,0.1803,0.6387,1.06,184.0,183.38
10:00:00 PM,17,14,1,1,22,38,Tuesday,normal,22:00:00,22,83.5,0.6053,0.3684,0,0,-0.5,0.866,Night,0,0.0667,0.8263,0.5,178.5,152.38
10:15:00 PM,17,14,2,0,35,51,Tuesday,normal,22:15:00,22,120.0,0.6863,0.2745,0,0,-0.5,0.866,Night,0,0.0,0.875,0.71,83.5,141.5
10:30:00 PM,17,13,1,1,31,46,Tuesday,normal,22:30:00,22,109.5,0.6957,0.2826,0,0,-0.5,0.866,Night,0,0.0714,0.8767,0.65,120.0,122.88
10:45:00 PM,17,19,0,1,22,42,Tuesday,normal,22:45:00,22,88.0,0.5476,0.4524,0,0,-0.5,0.866,Night,0,0.05,0.7841,0.52,109.5,100.25
11:00:00 PM,17,13,4,0,28,45,Tuesday,normal,23:00:00,23,99.0,0.6222,0.2889,0,0,-0.2588,0.9659,Night,0,0.0,0.8485,0.59,88.0,104.12
11:15:00 PM,17,13,1,0,26,40,Tuesday,normal,23:15:00,23,91.5,0.65,0.325,0,0,-0.2588,0.9659,Night,0,0.0,0.8525,0.54,99.0,97.0
11:30:00 PM,17,12,0,1,34,47,Tuesday,normal,23:30:00,23,117.0,0.7447,0.2553,0,0,-0.2588,0.9659,Night,0,0.0769,0.8974,0.7,91.5,98.88
11:45:00 PM,17,20,1,1,38,60,Tuesday,normal,23:45:00,23,137.5,0.65,0.3333,0,0,-0.2588,0.9659,Night,0,0.0476,0.8509,0.82,117.0,111.25
12:00:00 AM,18,12,3,0,38,53,Wednesday,normal,00:00:00,0,127.5,0.717,0.2264,0,0,0.0,1.0,Night,0,0.0,0.8941,0.76,127.5,127.5
12:15:00 AM,18,12,1,0,40,53,Wednesday,normal,00:15:00,0,132.5,0.7547,0.2264,0,0,0.0,1.0,Night,0,0.0,0.9057,0.79,127.5,130.0
12:30:00 AM,18,20,5,0,10,35,Wednesday,low,00:30:00,0,52.5,0.2857,0.5714,0,0,0.0,1.0,Night,0,0.0,0.5714,0.31,132.5,104.17
12:45:00 AM,18,12,4,1,27,44,Wednesday,normal,00:45:00,0,98.0,0.6364,0.2727,0,0,0.0,1.0,Night,0,0.0769,0.8571,0.58,52.5,102.62
1:00:00 AM,18,15,5,0,21,41,Wednesday,normal,01:00:00,1,80.5,0.5122,0.3659,0,0,0.2588,0.9659,Night,0,0.0,0.7826,0.48,98.0,90.88
1:15:00 AM,18,19,2,0,30,51,Wednesday,normal,01:15:00,1,110.0,0.5882,0.3725,0,0,0.2588,0.9659,Night,0,0.0,0.8182,0.65,80.5,85.25
1:30:00 AM,18,11,0,1,40,52,Wednesday,normal,01:30:00,1,134.0,0.7885,0.2115,0,0,0.2588,0.9659,Night,0,0.0833,0.9179,0.8,110.0,105.62
1:45:00 AM,18,15,3,0,35,53,Wednesday,normal,01:45:00,1,121.5,0.6604,0.283,0,0,0.2588,0.9659,Night,0,0.0,0.8642,0.72,134.0,111.5
2:00:00 AM,18,15,0,1,37,53,Wednesday,normal,02:00:00,2,129.0,0.717,0.283,0,0,0.5,0.866,Night,0,0.0625,0.8837,0.77,121.5,123.62
2:15:00 AM,18,16,2,0,37,55,Wednesday,normal,02:15:00,2,128.0,0.6727,0.2909,0,0,0.5,0.866,Night,0,0.0,0.8672,0.76,129.0,128.12
2:30:00 AM,18,10,0,1,24,35,Wednesday,normal,02:30:00,2,85.0,0.7143,0.2857,0,0,0.5,0.866,Night,0,0.0909,0.8824,0.51,128.0,115.88
2:45:00 AM,18,12,0,1,31,44,Wednesday,normal,02:45:00,2,108.0,0.7273,0.2727,0,0,0.5,0.866,Night,0,0.0769,0.8889,0.64,85.0,112.5
3:00:00 AM,18,15,1,1,36,53,Wednesday,normal,03:00:00,3,126.5,0.6981,0.283,0,0,0.7071,0.7071,Night,0,0.0625,0.8775,0.75,108.0,111.88
3:15:00 AM,18,14,5,0,17,36,Wednesday,normal,03:15:00,3,67.5,0.4722,0.3889,0,0,0.7071,0.7071,Night,0,0.0,0.7556,0.4,126.5,96.75
3:30:00 AM,18,17,3,1,38,59,Wednesday,normal,03:30:00,3,135.5,0.661,0.2881,0,0,0.7071,0.7071,Night,0,0.0556,0.8635,0.81,67.5,109.38
3:45:00 AM,18,19,0,0,18,37,Wednesday,normal,03:45:00,3,73.0,0.4865,0.5135,0,0,0.7071,0.7071,Night,0,0.0,0.7397,0.43,135.5,100.62
4:00:00 AM,18,18,5,1,30,54,Wednesday,normal,04:00:00,4,113.5,0.5741,0.3333,0,0,0.866,0.5,Night,0,0.0526,0.8194,0.68,73.0,97.38
4:15:00 AM,18,119,12,6,4,141,Wednesday,normal,04:15:00,4,155.0,0.0709,0.844,0,0,0.866,0.5,Night,0,0.05,0.1935,0.92,113.5,119.25
4:30:00 AM,18,74,28,1,13,116,Wednesday,normal,04:30:00,4,130.0,0.1207,0.6379,0,0,0.866,0.5,Night,0,0.0133,0.3231,0.77,155.0,117.88
4:45:00 AM,18,101,26,10,0,137,Wednesday,normal,04:45:00,4,144.0,0.073,0.7372,0,0,0.866,0.5,Night,0,0.098,0.2083,0.86,130.0,135.62
5:00:00 AM,18,99,4,7,19,129,Wednesday,normal,05:00:00,5,179.0,0.2016,0.7674,0,0,0.9659,0.2588,Morning,0,0.07,0.4358,1.07,144.0,152.0
5:15:00 AM,18,99,18,7,5,129,Wednesday,normal,05:15:00,5,144.0,0.093,0.7674,0,0,0.9659,0.2588,Morning,0,0.07,0.25,0.86,179.0,149.25
5:30:00 AM,18,102,24,2,8,136,Wednesday,normal,05:30:00,5,144.0,0.0735,0.75,0,0,0.9659,0.2588,Morning,0,0.0194,0.2083,0.86,144.0,152.75
5:45:00 AM,18,50,4,6,13,73,Wednesday,normal,05:45:00,5,109.0,0.2603,0.6849,0,0,0.9659,0.2588,Morning,0,0.1176,0.5229,0.65,144.0,144.0
6:00:00 AM,18,128,11,46,4,189,Wednesday,heavy,06:00:00,6,283.5,0.2646,0.6772,1,0,1.0,0.0,Morning,0,0.3566,0.5291,1.69,109.0,170.12
6:15:00 AM,18,129,39,43,0,211,Wednesday,heavy,06:15:00,6,277.5,0.2038,0.6114,1,0,1.0,0.0,Morning,0,0.3308,0.4649,1.65,283.5,203.5
6:30:00 AM,18,129,27,38,0,194,Wednesday,heavy,06:30:00,6,256.5,0.1959,0.6649,1,0,1.0,0.0,Morning,0,0.2923,0.4444,1.53,277.5,231.62
6:45:00 AM,18,113,24,22,2,161,Wednesday,normal,06:45:00,6,197.0,0.1491,0.7019,1,0,1.0,0.0,Morning,0,0.193,0.3655,1.17,256.5,253.62
7:00:00 AM,18,141,15,21,5,182,Wednesday,heavy,07:00:00,7,226.5,0.1429,0.7747,1,0,0.9659,-0.2588,Morning,0,0.1479,0.3444,1.35,197.0,239.38
7:15:00 AM,18,120,22,29,1,172,Wednesday,heavy,07:15:00,7,221.0,0.1744,0.6977,1,0,0.9659,-0.2588,Morning,0,0.2397,0.4072,1.32,226.5,225.25
7:30:00 AM,18,141,24,47,4,216,Wednesday,heavy,07:30:00,7,306.0,0.2361,0.6528,1,0,0.9659,-0.2588,Morning,0,0.331,0.5,1.82,221.0,237.62
7:45:00 AM,18,149,24,33,1,207,Wednesday,heavy,07:45:00,7,263.0,0.1643,0.7198,1,0,0.9659,-0.2588,Morning,0,0.22,0.3878,1.57,306.0,254.12
8:00:00 AM,18,140,40,36,1,217,Wednesday,heavy,08:00:00,8,271.0,0.1705,0.6452,1,0,0.866,-0.5,Morning,1,0.2553,0.4096,1.61,263.0,265.25
8:15:00 AM,18,140,20,36,0,196,Wednesday,heavy,08:15:00,8,258.0,0.1837,0.7143,1,0,0.866,-0.5,Morning,1,0.2553,0.4186,1.54,271.0,274.5
8:30:00 AM,18,107,13,31,4,155,Wednesday,high,08:30:00,8,218.5,0.2258,0.6903,1,0,0.866,-0.5,Morning,1,0.287,0.4805,1.3,258.0,252.62
8:45:00 AM,18,141,15,32,4,192,Wednesday,heavy,08:45:00,8,256.5,0.1875,0.7344,1,0,0.866,-0.5,Morning,1,0.2254,0.4211,1.53,218.5,251.0
9:00:00 AM,18,120,27,38,4,189,Wednesday,heavy,09:00:00,9,259.5,0.2222,0.6349,0,0,0.7071,-0.7071,Morning,1,0.314,0.4855,1.54,256.5,248.12
9:15:00 AM,18,70,14,21,5,110,Wednesday,normal,09:15:00,9,155.0,0.2364,0.6364,0,0,0.7071,-0.7071,Morning,1,0.2958,0.5032,0.92,259.5,222.38
9:30:00 AM,18,55,24,16,21,116,Wednesday,high,09:30:00,9,178.0,0.319,0.4741,0,0,0.7071,-0.7071,Morning,1,0.2857,0.6236,1.06,155.0,212.25
9:45:00 AM,18,52,18,22,16,108,Wednesday,normal,09:45:00,9,175.0,0.3519,0.4815,0,0,0.7071,-0.7071,Morning,1,0.4151,0.6514,1.04,178.0,191.88
10:00:00 AM,18,65,4,19,21,109,Wednesday,normal,10:00:00,10,187.0,0.367,0.5963,0,0,0.5,-0.866,Morning,0,0.2879,0.6417,1.11,175.0,173.75
10:15:00 AM,18,54,10,30,28,122,Wednesday,high,10:15:00,10,233.0,0.4754,0.4426,0,0,0.5,-0.866,Morning,0,0.5455,0.7468,1.39,187.0,193.25
10:30:00 AM,18,37,3,32,18,90,Wednesday,normal,10:30:00,10,188.5,0.5556,0.4111,0,0,0.5,-0.866,Morning,0,0.8421,0.7958,1.12,233.0,195.88
10:45:00 AM,18,23,3,37,18,81,Wednesday,normal,10:45:00,10,189.5,0.679,0.284,0,0,0.5,-0.866,Morning,0,1.5417,0.8707,1.13,188.5,199.5
11:00:00 AM,18,43,7,7,29,86,Wednesday,normal,11:00:00,11,154.5,0.4186,0.5,0,0,0.2588,-0.9659,Morning,0,0.1591,0.699,0.92,189.5,191.38
11:15:00 AM,18,22,6,13,24,65,Wednesday,normal,11:15:00,11,136.0,0.5692,0.3385,0,0,0.2588,-0.9659,Morning,0,0.5652,0.8162,0.81,154.5,167.12
11:30:00 AM,18,21,10,6,30,67,Wednesday,normal,11:30:00,11,134.0,0.5373,0.3134,0,0,0.2588,-0.9659,Morning,0,0.2727,0.806,0.8,136.0,153.5
11:45:00 AM,18,48,8,11,22,89,Wednesday,normal,11:45:00,11,151.0,0.3708,0.5393,0,0,0.2588,-0.9659,Morning,0,0.2245,0.6556,0.9,134.0,143.88
12:00:00 PM,18,35,5,12,20,72,Wednesday,normal,12:00:00,12,133.5,0.4444,0.4861,0,0,0.0,-1.0,Afternoon,0,0.3333,0.7191,0.79,151.0,138.62
12:15:00 PM,18,69,5,13,22,109,Wednesday,normal,12:15:00,12,176.5,0.3211,0.633,0,0,0.0,-1.0,Afternoon,0,0.1857,0.5949,1.05,133.5,148.75
12:30:00 PM,18,22,9,10,21,62,Wednesday,normal,12:30:00,12,119.5,0.5,0.3548,0,0,0.0,-1.0,Afternoon,0,0.4348,0.7782,0.71,176.5,145.12
12:45:00 PM,18,46,5,9,23,83,Wednesday,normal,12:45:00,12,144.5,0.3855,0.5542,0,0,0.0,-1.0,Afternoon,0,0.1915,0.6644,0.86,119.5,143.5
1:00:00 PM,18,49,5,11,21,86,Wednesday,normal,13:00:00,13,147.5,0.3721,0.5698,0,0,-0.2588,-0.9659,Afternoon,0,0.22,0.6508,0.88,144.5,147.0
1:15:00 PM,18,29,18,29,20,96,Wednesday,normal,13:15:00,13,185.0,0.5104,0.3021,0,0,-0.2588,-0.9659,Afternoon,0,0.9667,0.7946,1.1,147.5,149.12
1:30:00 PM,18,96,23,31,14,164,Wednesday,high,13:30:00,13,242.5,0.2744,0.5854,0,0,-0.2588,-0.9659,Afternoon,0,0.3196,0.5567,1.44,185.0,179.88
1:45:00 PM,18,100,27,23,16,166,Wednesday,normal,13:45:00,13,230.5,0.2349,0.6024,0,0,-0.2588,-0.9659,Afternoon,0,0.2277,0.5076,1.37,242.5,201.38
2:00:00 PM,18,96,22,36,5,159,Wednesday,high,14:00:00,14,230.0,0.2579,0.6038,0,0,-0.5,-0.866,Afternoon,0,0.3711,0.5348,1.37,230.5,222.0
2:15:00 PM,18,27,26,25,15,93,Wednesday,normal,14:15:00,14,160.0,0.4301,0.2903,0,0,-0.5,-0.866,Afternoon,0,0.8929,0.75,0.95,230.0,215.75
2:30:00 PM,18,114,21,32,5,172,Wednesday,heavy,14:30:00,14,235.5,0.2151,0.6628,0,0,-0.5,-0.866,Afternoon,0,0.2783,0.4713,1.4,160.0,214.0
2:45:00 PM,18,74,27,34,10,145,Wednesday,high,14:45:00,14,219.5,0.3034,0.5103,0,0,-0.5,-0.866,Afternoon,0,0.4533,0.6014,1.31,235.5,211.25
3:00:00 PM,18,14,16,9,14,53,Wednesday,normal,15:00:00,15,91.0,0.434,0.2642,0,0,-0.7071,-0.7071,Afternoon,0,0.6,0.7582,0.54,219.5,176.5
3:15:00 PM,18,84,30,26,10,150,Wednesday,high,15:15:00,15,207.0,0.24,0.56,0,0,-0.7071,-0.7071,Afternoon,0,0.3059,0.5217,1.23,91.0,188.25
3:30:00 PM,18,96,19,14,18,147,Wednesday,normal,15:30:00,15,201.5,0.2177,0.6531,0,0,-0.7071,-0.7071,Afternoon,0,0.1443,0.4764,1.2,207.0,179.75
3:45:00 PM,18,40,15,28,5,88,Wednesday,normal,15:45:00,15,146.5,0.375,0.4545,0,0,-0.7071,-0.7071,Afternoon,0,0.6829,0.6758,0.87,201.5,161.5
4:00:00 PM,18,110,15,46,5,176,Wednesday,heavy,16:00:00,16,270.5,0.2898,0.625,1,0,-0.866,-0.5,Afternoon,0,0.4144,0.5656,1.61,146.5,206.38
4:15:00 PM,18,138,39,31,7,215,Wednesday,heavy,16:15:00,16,271.5,0.1767,0.6419,1,0,-0.866,-0.5,Afternoon,0,0.223,0.4199,1.62,270.5,222.5
4:30:00 PM,18,118,32,32,10,192,Wednesday,heavy,16:30:00,16,260.0,0.2188,0.6146,1,0,-0.866,-0.5,Afternoon,0,0.2689,0.4846,1.55,271.5,237.12
4:45:00 PM,18,142,34,38,9,223,Wednesday,normal,16:45:00,16,300.0,0.2108,0.6368,1,0,-0.866,-0.5,Afternoon,0,0.2657,0.47,1.79,260.0,275.5
5:00:00 PM,18,113,13,36,5,167,Wednesday,normal,17:00:00,17,242.5,0.2455,0.6766,1,0,-0.9659,-0.2588,Evening,1,0.3158,0.5072,1.44,300.0,268.5
5:15:00 PM,18,104,29,32,7,172,Wednesday,heavy,17:15:00,17,235.5,0.2267,0.6047,1,0,-0.9659,-0.2588,Evening,1,0.3048,0.4968,1.4,242.5,259.5
5:30:00 PM,18,134,39,21,9,203,Wednesday,heavy,17:30:00,17,243.5,0.1478,0.6601,1,0,-0.9659,-0.2588,Evening,1,0.1556,0.3696,1.45,235.5,255.38
5:45:00 PM,18,107,15,48,5,175,Wednesday,heavy,17:45:00,17,273.5,0.3029,0.6114,1,0,-0.9659,-0.2588,Evening,1,0.4444,0.5814,1.63,243.5,248.75
6:00:00 PM,18,139,25,43,7,214,Wednesday,heavy,18:00:00,18,301.5,0.2336,0.6495,1,0,-1.0,-0.0,Evening,1,0.3071,0.4975,1.79,273.5,263.5
6:15:00 PM,18,128,20,20,6,174,Wednesday,heavy,18:15:00,18,216.0,0.1494,0.7356,1,0,-1.0,-0.0,Evening,1,0.155,0.3611,1.29,301.5,258.62
6:30:00 PM,18,101,13,47,10,171,Wednesday,heavy,18:30:00,18,278.5,0.3333,0.5906,1,0,-1.0,-0.0,Evening,1,0.4608,0.614,1.66,216.0,267.38
6:45:00 PM,18,105,17,13,23,158,Wednesday,high,18:45:00,18,221.5,0.2278,0.6646,1,0,-1.0,-0.0,Evening,1,0.1226,0.4876,1.32,278.5,254.38
7:00:00 PM,18,103,14,13,9,139,Wednesday,normal,19:00:00,19,176.0,0.1583,0.741,0,0,-0.9659,0.2588,Evening,1,0.125,0.375,1.05,221.5,223.0
7:15:00 PM,18,51,23,15,13,102,Wednesday,normal,19:15:00,19,146.5,0.2745,0.5,0,0,-0.9659,0.2588,Evening,1,0.2885,0.5734,0.87,176.0,205.62
7:30:00 PM,18,84,10,16,20,130,Wednesday,normal,19:30:00,19,197.0,0.2769,0.6462,0,0,-0.9659,0.2588,Evening,1,0.1882,0.5482,1.17,146.5,185.25
7:45:00 PM,18,97,25,19,24,165,Wednesday,high,19:45:00,19,238.5,0.2606,0.5879,0,0,-0.9659,0.2588,Evening,1,0.1939,0.5409,1.42,197.0,189.5
8:00:00 PM,18,98,8,10,19,135,Wednesday,normal,20:00:00,20,189.0,0.2148,0.7259,0,0,-0.866,0.5,Evening,0,0.101,0.4603,1.13,238.5,192.75
8:15:00 PM,18,94,13,19,25,151,Wednesday,high,20:15:00,20,232.5,0.2914,0.6225,0,0,-0.866,0.5,Evening,0,0.2,0.5677,1.38,189.0,214.25
8:30:00 PM,18,105,25,11,35,176,Wednesday,heavy,20:30:00,20,255.5,0.2614,0.5966,0,0,-0.866,0.5,Evening,0,0.1038,0.5401,1.52,232.5,228.88
8:45:00 PM,18,74,9,13,6,102,Wednesday,low,20:45:00,20,135.5,0.1863,0.7255,0,0,-0.866,0.5,Evening,0,0.1733,0.4207,0.81,255.5,203.12
9:00:00 PM,18,57,18,13,28,116,Wednesday,high,21:00:00,21,189.0,0.3534,0.4914,0,0,-0.7071,0.7071,Evening,0,0.2241,0.6508,1.13,135.5,203.12
9:15:00 PM,18,57,14,11,33,115,Wednesday,high,21:15:00,21,196.0,0.3826,0.4957,0,0,-0.7071,0.7071,Evening,0,0.1897,0.6735,1.17,189.0,194.0
9:30:00 PM,18,84,23,19,15,141,Wednesday,normal,21:30:00,21,197.5,0.2411,0.5957,0,0,-0.7071,0.7071,Evening,0,0.2235,0.5165,1.18,196.0,179.5
9:45:00 PM,18,105,14,16,33,168,Wednesday,heavy,21:45:00,21,259.0,0.2917,0.625,0,0,-0.7071,0.7071,Evening,0,0.1509,0.5676,1.54,197.5,210.38
10:00:00 PM,18,10,4,1,38,53,Wednesday,normal,22:00:00,22,129.0,0.7358,0.1887,0,0,-0.5,0.866,Night,0,0.0909,0.907,0.77,259.0,195.38
10:15:00 PM,18,15,1,1,29,46,Wednesday,normal,22:15:00,22,105.5,0.6522,0.3261,0,0,-0.5,0.866,Night,0,0.0625,0.8531,0.63,129.0,172.75
10:30:00 PM,18,14,1,1,25,41,Wednesday,normal,22:30:00,22,92.5,0.6341,0.3415,0,0,-0.5,0.866,Night,0,0.0667,0.8432,0.55,105.5,146.5
10:45:00 PM,18,20,2,0,37,59,Wednesday,normal,22:45:00,22,132.0,0.6271,0.339,0,0,-0.5,0.866,Night,0,0.0,0.8409,0.79,92.5,114.75
11:00:00 PM,18,20,1,0,27,48,Wednesday,normal,23:00:00,23,101.5,0.5625,0.4167,0,0,-0.2588,0.9659,Night,0,0.0,0.798,0.6,132.0,107.88
11:15:00 PM,18,13,1,1,18,33,Wednesday,normal,23:15:00,23,70.5,0.5758,0.3939,0,0,-0.2588,0.9659,Night,0,0.0714,0.8085,0.42,101.5,99.12
11:30:00 PM,18,19,0,0,35,54,Wednesday,normal,23:30:00,23,124.0,0.6481,0.3519,0,0,-0.2588,0.9659,Night,0,0.0,0.8468,0.74,70.5,107.0
11:45:00 PM,18,14,1,1,27,43,Wednesday,normal,23:45:00,23,98.5,0.6512,0.3256,0,0,-0.2588,0.9659,Night,0,0.0667,0.8528,0.59,124.0,98.62
12:00:00 AM,19,13,5,0,12,30,Thursday,low,00:00:00,0,51.5,0.4,0.4333,0,0,0.0,1.0,Night,0,0.0,0.699,0.31,51.5,51.5
12:15:00 AM,19,18,5,0,12,35,Thursday,low,00:15:00,0,56.5,0.3429,0.5143,0,0,0.0,1.0,Night,0,0.0,0.6372,0.34,51.5,54.0
12:30:00 AM,19,10,3,1,32,46,Thursday,normal,00:30:00,0,110.5,0.7174,0.2174,0,0,0.0,1.0,Night,0,0.0909,0.8959,0.66,56.5,72.83
12:45:00 AM,19,14,2,0,15,31,Thursday,normal,00:45:00,0,60.0,0.4839,0.4516,0,0,0.0,1.0,Night,0,0.0,0.75,0.36,110.5,69.62
1:00:00 AM,19,16,3,0,15,34,Thursday,normal,01:00:00,1,62.5,0.4412,0.4706,0,0,0.2588,0.9659,Night,0,0.0,0.72,0.37,60.0,72.38
1:15:00 AM,19,14,2,0,25,41,Thursday,normal,01:15:00,1,90.0,0.6098,0.3415,0,0,0.2588,0.9659,Night,0,0.0,0.8333,0.54,62.5,80.75
1:30:00 AM,19,17,5,0,18,40,Thursday,normal,01:30:00,1,73.5,0.45,0.425,0,0,0.2588,0.9659,Night,0,0.0,0.7347,0.44,90.0,71.5
1:45:00 AM,19,13,1,0,28,42,Thursday,normal,01:45:00,1,97.5,0.6667,0.3095,0,0,0.2588,0.9659,Night,0,0.0,0.8615,0.58,73.5,80.88
2:00:00 AM,19,19,0,1,20,40,Thursday,normal,02:00:00,2,82.0,0.525,0.475,0,0,0.5,0.866,Night,0,0.05,0.7683,0.49,97.5,85.75
2:15:00 AM,19,15,4,0,40,59,Thursday,normal,02:15:00,2,137.0,0.678,0.2542,0,0,0.5,0.866,Night,0,0.0,0.8759,0.82,82.0,97.5
2:30:00 AM,19,14,3,1,26,44,Thursday,normal,02:30:00,2,96.5,0.6136,0.3182,0,0,0.5,0.866,Night,0,0.0667,0.8394,0.57,137.0,103.25
2:45:00 AM,19,15,4,0,14,33,Thursday,normal,02:45:00,2,59.0,0.4242,0.4545,0,0,0.5,0.866,Night,0,0.0,0.7119,0.35,96.5,93.62
3:00:00 AM,19,12,3,1,13,29,Thursday,normal,03:00:00,3,55.5,0.4828,0.4138,0,0,0.7071,0.7071,Night,0,0.0769,0.7568,0.33,59.0,87.0
3:15:00 AM,19,12,4,0,31,47,Thursday,normal,03:15:00,3,107.0,0.6596,0.2553,0,0,0.7071,0.7071,Night,0,0.0,0.8692,0.64,55.5,79.5
3:30:00 AM,19,17,4,1,20,42,Thursday,normal,03:30:00,3,82.0,0.5,0.4048,0,0,0.7071,0.7071,Night,0,0.0556,0.7683,0.49,107.0,75.88
3:45:00 AM,19,12,0,1,13,26,Thursday,normal,03:45:00,3,54.0,0.5385,0.4615,0,0,0.7071,0.7071,Night,0,0.0769,0.7778,0.32,82.0,74.62
4:00:00 AM,19,18,2,0,16,36,Thursday,normal,04:00:00,4,67.0,0.4444,0.5,0,0,0.866,0.5,Night,0,0.0,0.7164,0.4,54.0,77.5
4:15:00 AM,19,115,16,10,13,154,Thursday,normal,04:15:00,4,192.0,0.1494,0.7468,0,0,0.866,0.5,Night,0,0.0862,0.3594,1.14,67.0,98.75
4:30:00 AM,19,117,5,10,15,147,Thursday,normal,04:30:00,4,194.5,0.1701,0.7959,0,0,0.866,0.5,Night,0,0.0847,0.3856,1.16,192.0,126.88
4:45:00 AM,19,92,26,8,7,133,Thursday,normal,04:45:00,4,150.0,0.1128,0.6917,0,0,0.866,0.5,Night,0,0.086,0.3,0.89,194.5,150.88
5:00:00 AM,19,88,3,6,4,101,Thursday,low,05:00:00,5,119.5,0.099,0.8713,0,0,0.9659,0.2588,Morning,0,0.0674,0.251,0.71,150.0,164.0
5:15:00 AM,19,109,11,4,3,127,Thursday,normal,05:15:00,5,135.5,0.0551,0.8583,0,0,0.9659,0.2588,Morning,0,0.0364,0.155,0.81,119.5,149.88
5:30:00 AM,19,81,4,0,20,105,Thursday,normal,05:30:00,5,143.0,0.1905,0.7714,0,0,0.9659,0.2588,Morning,0,0.0,0.4196,0.85,135.5,137.0
5:45:00 AM,19,118,2,5,19,144,Thursday,normal,05:45:00,5,191.0,0.1667,0.8194,0,0,0.9659,0.2588,Morning,0,0.042,0.377,1.14,143.0,147.25
6:00:00 AM,19,107,26,31,2,166,Thursday,high,06:00:00,6,219.0,0.1988,0.6446,1,0,1.0,0.0,Morning,0,0.287,0.4521,1.3,191.0,172.12
6:15:00 AM,19,103,11,35,5,154,Thursday,high,06:15:00,6,228.5,0.2597,0.6688,1,0,1.0,0.0,Morning,0,0.3365,0.5252,1.36,219.0,195.38
6:30:00 AM,19,145,13,33,3,194,Thursday,heavy,06:30:00,6,259.5,0.1856,0.7474,1,0,1.0,0.0,Morning,0,0.226,0.4162,1.54,228.5,224.5
6:45:00 AM,19,143,22,37,4,206,Thursday,heavy,06:45:00,6,277.0,0.199,0.6942,1,0,1.0,0.0,Morning,0,0.2569,0.444,1.65,259.5,246.0
7:00:00 AM,19,113,38,50,3,204,Thursday,heavy,07:00:00,7,291.0,0.2598,0.5539,1,0,0.9659,-0.2588,Morning,0,0.4386,0.5464,1.73,277.0,264.0
7:15:00 AM,19,149,10,47,3,209,Thursday,heavy,07:15:00,7,304.0,0.2392,0.7129,1,0,0.9659,-0.2588,Morning,0,0.3133,0.4934,1.81,291.0,282.88
7:30:00 AM,19,132,33,35,2,202,Thursday,heavy,07:30:00,7,259.5,0.1832,0.6535,1,0,0.9659,-0.2588,Morning,0,0.2632,0.4277,1.54,304.0,282.88
7:45:00 AM,19,119,40,41,2,202,Thursday,heavy,07:45:00,7,268.0,0.2129,0.5891,1,0,0.9659,-0.2588,Morning,0,0.3417,0.4813,1.6,259.5,280.62
8:00:00 AM,19,133,31,27,2,193,Thursday,heavy,08:00:00,8,235.5,0.1503,0.6891,1,0,0.866,-0.5,Morning,1,0.2015,0.3694,1.4,268.0,266.75
8:15:00 AM,19,140,20,44,4,208,Thursday,heavy,08:15:00,8,294.0,0.2308,0.6731,1,0,0.866,-0.5,Morning,1,0.3121,0.4898,1.75,235.5,264.25
8:30:00 AM,19,140,34,31,1,206,Thursday,heavy,08:30:00,8,253.0,0.1553,0.6796,1,0,0.866,-0.5,Morning,1,0.2199,0.3794,1.51,294.0,262.62
8:45:00 AM,19,128,37,50,2,217,Thursday,heavy,08:45:00,8,302.5,0.2396,0.5899,1,0,0.866,-0.5,Morning,1,0.3876,0.5157,1.8,253.0,271.25
9:00:00 AM,19,132,11,24,3,170,Thursday,heavy,09:00:00,9,218.5,0.1588,0.7765,0,0,0.7071,-0.7071,Morning,1,0.1805,0.3707,1.3,302.5,267.0
9:15:00 AM,19,23,8,40,27,98,Thursday,normal,09:15:00,9,228.0,0.6837,0.2347,0,0,0.7071,-0.7071,Morning,1,1.6667,0.8816,1.36,218.5,250.5
9:30:00 AM,19,75,2,18,29,124,Thursday,high,09:30:00,9,217.0,0.379,0.6048,0,0,0.7071,-0.7071,Morning,1,0.2368,0.6498,1.29,228.0,241.5
9:45:00 AM,19,99,14,33,14,160,Thursday,high,09:45:00,9,247.0,0.2938,0.6188,0,0,0.7071,-0.7071,Morning,1,0.33,0.5709,1.47,217.0,227.62
10:00:00 AM,19,10,1,13,7,31,Thursday,low,10:00:00,10,70.5,0.6452,0.3226,0,0,0.5,-0.866,Morning,0,1.1818,0.8511,0.42,247.0,190.62
10:15:00 AM,19,74,21,29,26,150,Thursday,high,10:15:00,10,249.5,0.3667,0.4933,0,0,0.5,-0.866,Morning,0,0.3867,0.6613,1.49,70.5,196.0
10:30:00 AM,19,29,15,25,5,74,Thursday,normal,10:30:00,10,126.5,0.4054,0.3919,0,0,0.5,-0.866,Morning,0,0.8333,0.7115,0.75,249.5,173.38
10:45:00 AM,19,50,17,38,24,129,Thursday,high,10:45:00,10,244.5,0.4806,0.3876,0,0,0.5,-0.866,Morning,0,0.7451,0.7607,1.46,126.5,172.75
11:00:00 AM,19,64,9,14,20,107,Thursday,normal,11:00:00,11,170.5,0.3178,0.5981,0,0,0.2588,-0.9659,Morning,0,0.2154,0.5982,1.02,244.5,197.75
11:15:00 AM,19,49,5,10,21,85,Thursday,normal,11:15:00,11,144.5,0.3647,0.5765,0,0,0.2588,-0.9659,Morning,0,0.2,0.6436,0.86,170.5,171.5
11:30:00 AM,19,39,7,10,30,86,Thursday,normal,11:30:00,11,162.5,0.4651,0.4535,0,0,0.2588,-0.9659,Morning,0,0.25,0.7385,0.97,144.5,180.5
11:45:00 AM,19,68,5,5,24,102,Thursday,normal,11:45:00,11,157.5,0.2843,0.6667,0,0,0.2588,-0.9659,Morning,0,0.0725,0.5524,0.94,162.5,158.75
12:00:00 PM,19,67,7,8,22,104,Thursday,normal,12:00:00,12,160.5,0.2885,0.6442,0,0,0.0,-1.0,Afternoon,0,0.1176,0.5607,0.96,157.5,156.25
12:15:00 PM,19,47,8,3,25,83,Thursday,normal,12:15:00,12,135.0,0.3373,0.5663,0,0,0.0,-1.0,Afternoon,0,0.0625,0.6222,0.8,160.5,153.88
12:30:00 PM,19,66,9,7,24,106,Thursday,normal,12:30:00,12,163.5,0.2925,0.6226,0,0,0.0,-1.0,Afternoon,0,0.1045,0.5688,0.97,135.0,154.12
12:45:00 PM,19,46,8,3,22,79,Thursday,normal,12:45:00,12,125.0,0.3165,0.5823,0,0,0.0,-1.0,Afternoon,0,0.0638,0.6,0.74,163.5,146.0
1:00:00 PM,19,54,6,12,21,93,Thursday,normal,13:00:00,13,156.0,0.3548,0.5806,0,0,-0.2588,-0.9659,Afternoon,0,0.2182,0.6346,0.93,125.0,144.88
1:15:00 PM,19,18,16,32,18,84,Thursday,normal,13:15:00,13,176.0,0.5952,0.2143,0,0,-0.2588,-0.9659,Afternoon,0,1.6842,0.8523,1.05,156.0,155.12
1:30:00 PM,19,24,20,7,9,60,Thursday,low,13:30:00,13,82.0,0.2667,0.4,0,0,-0.2588,-0.9659,Afternoon,0,0.28,0.5854,0.49,176.0,134.75
1:45:00 PM,19,113,17,16,20,166,Thursday,normal,13:45:00,13,229.5,0.2169,0.6807,0,0,-0.2588,-0.9659,Afternoon,0,0.1404,0.4706,1.37,82.0,160.88
2:00:00 PM,19,52,13,15,10,90,Thursday,low,14:00:00,14,133.5,0.2778,0.5778,0,0,-0.5,-0.866,Afternoon,0,0.283,0.5618,0.79,229.5,155.25
2:15:00 PM,19,58,26,25,18,127,Thursday,normal,14:15:00,14,200.0,0.3386,0.4567,0,0,-0.5,-0.866,Afternoon,0,0.4237,0.645,1.19,133.5,161.25
2:30:00 PM,19,44,19,22,6,91,Thursday,normal,14:30:00,14,137.5,0.3077,0.4835,0,0,-0.5,-0.866,Afternoon,0,0.4889,0.6109,0.82,200.0,175.12
2:45:00 PM,19,8,26,34,9,77,Thursday,normal,14:45:00,14,150.0,0.5584,0.1039,0,0,-0.5,-0.866,Afternoon,0,3.7778,0.86,0.89,137.5,155.25
3:00:00 PM,19,31,10,27,8,76,Thursday,normal,15:00:00,15,141.0,0.4605,0.4079,0,0,-0.7071,-0.7071,Afternoon,0,0.8438,0.7447,0.84,150.0,157.12
3:15:00 PM,19,115,24,16,5,160,Thursday,normal,15:15:00,15,190.0,0.1312,0.7188,0,0,-0.7071,-0.7071,Afternoon,0,0.1379,0.3316,1.13,141.0,154.62
3:30:00 PM,19,56,29,16,16,117,Thursday,normal,15:30:00,15,166.5,0.2735,0.4786,0,0,-0.7071,-0.7071,Afternoon,0,0.2807,0.5766,0.99,190.0,161.88
3:45:00 PM,19,7,12,33,12,64,Thursday,normal,15:45:00,15,148.0,0.7031,0.1094,0,0,-0.7071,-0.7071,Afternoon,0,4.125,0.9122,0.88,166.5,161.38
4:00:00 PM,19,133,10,46,10,199,Thursday,heavy,16:00:00,16,306.0,0.2814,0.6683,1,0,-0.866,-0.5,Afternoon,0,0.3433,0.549,1.82,148.0,202.62
4:15:00 PM,19,104,31,37,6,178,Thursday,heavy,16:15:00,16,248.5,0.2416,0.5843,1,0,-0.866,-0.5,Afternoon,0,0.3524,0.5191,1.48,306.0,217.25
4:30:00 PM,19,100,38,36,9,183,Thursday,heavy,16:30:00,16,254.0,0.2459,0.5464,1,0,-0.866,-0.5,Afternoon,0,0.3564,0.5315,1.51,248.5,239.12
4:45:00 PM,19,127,25,37,5,194,Thursday,heavy,16:45:00,16,265.5,0.2165,0.6546,1,0,-0.866,-0.5,Afternoon,0,0.2891,0.4746,1.58,254.0,268.5
5:00:00 PM,19,118,32,48,6,204,Thursday,heavy,17:00:00,17,296.0,0.2647,0.5784,1,0,-0.9659,-0.2588,Evening,1,0.4034,0.5473,1.76,265.5,266.0
5:15:00 PM,19,147,19,31,8,205,Thursday,heavy,17:15:00,17,273.5,0.1902,0.7171,1,0,-0.9659,-0.2588,Evening,1,0.2095,0.4278,1.63,296.0,272.25
5:30:00 PM,19,123,36,34,5,198,Thursday,heavy,17:30:00,17,258.0,0.197,0.6212,1,0,-0.9659,-0.2588,Evening,1,0.2742,0.4535,1.54,273.5,273.25
5:45:00 PM,19,111,24,25,5,165,Thursday,normal,17:45:00,17,213.0,0.1818,0.6727,1,0,-0.9659,-0.2588,Evening,1,0.2232,0.4225,1.27,258.0,260.12
6:00:00 PM,19,121,16,42,8,187,Thursday,heavy,18:00:00,18,279.0,0.2674,0.6471,1,0,-1.0,-0.0,Evening,1,0.3443,0.5376,1.66,213.0,255.88
6:15:00 PM,19,119,38,47,7,211,Thursday,heavy,18:15:00,18,300.0,0.2559,0.564,1,0,-1.0,-0.0,Evening,1,0.3917,0.54,1.79,279.0,262.5
6:30:00 PM,19,132,30,41,6,209,Thursday,heavy,18:30:00,18,288.0,0.2249,0.6316,1,0,-1.0,-0.0,Evening,1,0.3083,0.4896,1.71,300.0,270.0
6:45:00 PM,19,52,6,12,18,88,Thursday,normal,18:45:00,18,145.0,0.3409,0.5909,1,0,-1.0,-0.0,Evening,1,0.2264,0.6207,0.86,288.0,253.0
7:00:00 PM,19,97,21,10,8,136,Thursday,normal,19:00:00,19,161.5,0.1324,0.7132,0,0,-0.9659,0.2588,Evening,1,0.102,0.3344,0.96,145.0,223.62
7:15:00 PM,19,50,16,20,31,117,Thursday,high,19:15:00,19,211.0,0.4359,0.4274,0,0,-0.9659,0.2588,Evening,1,0.3922,0.7251,1.26,161.5,201.38
7:30:00 PM,19,94,25,19,8,146,Thursday,normal,19:30:00,19,187.5,0.1849,0.6438,0,0,-0.9659,0.2588,Evening,1,0.2,0.432,1.12,211.0,176.25
7:45:00 PM,19,66,11,18,34,129,Thursday,high,19:45:00,19,227.5,0.4031,0.5116,0,0,-0.9659,0.2588,Evening,1,0.2687,0.6857,1.35,187.5,196.88
8:00:00 PM,19,105,16,15,6,142,Thursday,normal,20:00:00,20,176.0,0.1479,0.7394,0,0,-0.866,0.5,Evening,0,0.1415,0.358,1.05,227.5,200.5
8:15:00 PM,19,56,23,10,18,107,Thursday,normal,20:15:00,20,151.5,0.2617,0.5234,0,0,-0.866,0.5,Evening,0,0.1754,0.5545,0.9,176.0,185.62
8:30:00 PM,19,105,19,10,25,159,Thursday,high,20:30:00,20,219.5,0.2201,0.6604,0,0,-0.866,0.5,Evening,0,0.0943,0.4784,1.31,151.5,193.62
8:45:00 PM,19,60,18,11,16,105,Thursday,normal,20:45:00,20,150.0,0.2571,0.5714,0,0,-0.866,0.5,Evening,0,0.1803,0.54,0.89,219.5,174.25
9:00:00 PM,19,88,10,14,11,123,Thursday,normal,21:00:00,21,168.0,0.2033,0.7154,0,0,-0.7071,0.7071,Evening,0,0.1573,0.4464,1.0,150.0,172.25
9:15:00 PM,19,110,6,14,23,153,Thursday,high,21:15:00,21,224.0,0.2418,0.719,0,0,-0.7071,0.7071,Evening,0,0.1261,0.4955,1.33,168.0,190.38
9:30:00 PM,19,78,20,11,35,144,Thursday,high,21:30:00,21,226.0,0.3194,0.5417,0,0,-0.7071,0.7071,Evening,0,0.1392,0.6106,1.35,224.0,192.0
9:45:00 PM,19,105,14,10,7,136,Thursday,normal,21:45:00,21,163.0,0.125,0.7721,0,0,-0.7071,0.7071,Evening,0,0.0943,0.3129,0.97,226.0,195.25
10:00:00 PM,19,18,1,0,10,29,Thursday,low,22:00:00,22,48.5,0.3448,0.6207,0,0,-0.5,0.866,Night,0,0.0,0.6186,0.29,163.0,165.38
10:15:00 PM,19,18,1,0,27,46,Thursday,normal,22:15:00,22,99.5,0.587,0.3913,0,0,-0.5,0.866,Night,0,0.0,0.8141,0.59,48.5,134.25
10:30:00 PM,19,12,4,1,18,35,Thursday,normal,22:30:00,22,71.0,0.5429,0.3429,0,0,-0.5,0.866,Night,0,0.0769,0.8028,0.42,99.5,95.5
10:45:00 PM,19,15,4,1,32,52,Thursday,normal,22:45:00,22,116.0,0.6346,0.2885,0,0,-0.5,0.866,Night,0,0.0625,0.8534,0.69,71.0,83.75
11:00:00 PM,19,13,4,0,32,49,Thursday,normal,23:00:00,23,111.0,0.6531,0.2653,0,0,-0.2588,0.9659,Night,0,0.0,0.8649,0.66,116.0,99.38
11:15:00 PM,19,14,4,0,15,33,Thursday,normal,23:15:00,23,61.0,0.4545,0.4242,0,0,-0.2588,0.9659,Night,0,0.0,0.7377,0.36,111.0,89.75
11:30:00 PM,19,15,4,0,17,36,Thursday,normal,23:30:00,23,68.0,0.4722,0.4167,0,0,-0.2588,0.9659,Night,0,0.0,0.75,0.4,61.0,89.0
11:45:00 PM,19,14,0,1,21,36,Thursday,normal,23:45:00,23,80.0,0.6111,0.3889,0,0,-0.2588,0.9659,Night,0,0.0667,0.825,0.48,68.0,80.0
12:00:00 AM,20,17,5,0,37,59,Friday,normal,00:00:00,0,130.5,0.6271,0.2881,0,0,0.0,1.0,Night,0,0.0,0.8506,0.78,130.5,130.5
12:15:00 AM,20,14,4,1,12,31,Friday,low,00:15:00,0,55.0,0.4194,0.4516,0,0,0.0,1.0,Night,0,0.0667,0.7091,0.33,130.5,92.75
12:30:00 AM,20,16,2,0,15,33,Friday,normal,00:30:00,0,62.0,0.4545,0.4848,0,0,0.0,1.0,Night,0,0.0,0.7258,0.37,55.0,82.5
12:45:00 AM,20,13,4,1,14,32,Friday,normal,00:45:00,0,60.0,0.4688,0.4062,0,0,0.0,1.0,Night,0,0.0714,0.75,0.36,62.0,76.88
1:00:00 AM,20,12,4,0,29,45,Friday,normal,01:00:00,1,101.0,0.6444,0.2667,0,0,0.2588,0.9659,Night,0,0.0,0.8614,0.6,60.0,69.5
1:15:00 AM,20,19,4,1,30,54,Friday,normal,01:15:00,1,114.0,0.5741,0.3519,0,0,0.2588,0.9659,Night,0,0.05,0.8158,0.68,101.0,84.25
1:30:00 AM,20,18,4,0,18,40,Friday,normal,01:30:00,1,74.0,0.45,0.45,0,0,0.2588,0.9659,Night,0,0.0,0.7297,0.44,114.0,87.25
1:45:00 AM,20,18,1,1,12,32,Friday,low,01:45:00,1,57.5,0.4062,0.5625,0,0,0.2588,0.9659,Night,0,0.0526,0.6783,0.34,74.0,86.62
2:00:00 AM,20,20,4,1,21,46,Friday,normal,02:00:00,2,88.0,0.4783,0.4348,0,0,0.5,0.866,Night,0,0.0476,0.75,0.52,57.5,83.38
2:15:00 AM,20,10,2,1,20,33,Friday,normal,02:15:00,2,74.0,0.6364,0.303,0,0,0.5,0.866,Night,0,0.0909,0.8514,0.44,88.0,73.38
2:30:00 AM,20,18,5,1,23,47,Friday,normal,02:30:00,2,92.5,0.5106,0.383,0,0,0.5,0.866,Night,0,0.0526,0.7784,0.55,74.0,78.0
2:45:00 AM,20,16,5,1,30,52,Friday,normal,02:45:00,2,111.5,0.5962,0.3077,0,0,0.5,0.866,Night,0,0.0588,0.8341,0.66,92.5,91.5
3:00:00 AM,20,12,3,0,40,55,Friday,normal,03:00:00,3,133.5,0.7273,0.2182,0,0,0.7071,0.7071,Night,0,0.0,0.8989,0.79,111.5,102.88
3:15:00 AM,20,12,2,0,40,54,Friday,normal,03:15:00,3,133.0,0.7407,0.2222,0,0,0.7071,0.7071,Night,0,0.0,0.9023,0.79,133.5,117.62
3:30:00 AM,20,16,0,1,37,54,Friday,normal,03:30:00,3,130.0,0.7037,0.2963,0,0,0.7071,0.7071,Night,0,0.0588,0.8769,0.77,133.0,127.0
3:45:00 AM,20,15,4,1,16,36,Friday,normal,03:45:00,3,68.0,0.4722,0.4167,0,0,0.7071,0.7071,Night,0,0.0625,0.75,0.4,130.0,116.12
4:00:00 AM,20,13,0,0,38,51,Friday,normal,04:00:00,4,127.0,0.7451,0.2549,0,0,0.866,0.5,Night,0,0.0,0.8976,0.76,68.0,114.5
4:15:00 AM,20,61,5,3,14,83,Friday,normal,04:15:00,4,114.5,0.2048,0.7349,0,0,0.866,0.5,Night,0,0.0484,0.4454,0.68,127.0,109.88
4:30:00 AM,20,27,15,6,10,58,Friday,low,04:30:00,4,82.5,0.2759,0.4655,0,0,0.866,0.5,Night,0,0.2143,0.5818,0.49,114.5,98.0
4:45:00 AM,20,74,11,5,15,105,Friday,normal,04:45:00,4,139.5,0.1905,0.7048,0,0,0.866,0.5,Night,0,0.0667,0.4301,0.83,82.5,115.88
5:00:00 AM,20,70,6,7,14,97,Friday,normal,05:00:00,5,136.0,0.2165,0.7216,0,0,0.9659,0.2588,Morning,0,0.0986,0.4632,0.81,139.5,118.12
5:15:00 AM,20,33,6,0,11,50,Friday,low,05:15:00,5,69.0,0.22,0.66,0,0,0.9659,0.2588,Morning,0,0.0,0.4783,0.41,136.0,106.75
5:30:00 AM,20,29,12,1,13,55,Friday,normal,05:30:00,5,77.0,0.2545,0.5273,0,0,0.9659,0.2588,Morning,0,0.0333,0.5455,0.46,69.0,105.38
5:45:00 AM,20,69,5,7,10,91,Friday,low,05:45:00,5,122.5,0.1868,0.7582,0,0,0.9659,0.2588,Morning,0,0.1,0.4163,0.73,77.0,101.12
6:00:00 AM,20,41,16,7,15,79,Friday,normal,06:00:00,6,115.0,0.2785,0.519,1,0,1.0,0.0,Morning,0,0.1667,0.5739,0.68,122.5,95.88
6:15:00 AM,20,35,11,5,11,62,Friday,low,06:15:00,6,88.5,0.2581,0.5645,1,0,1.0,0.0,Morning,0,0.1389,0.5424,0.53,115.0,100.75
6:30:00 AM,20,25,9,6,14,54,Friday,normal,06:30:00,6,89.5,0.3704,0.463,1,0,1.0,0.0,Morning,0,0.2308,0.6704,0.53,88.5,103.88
6:45:00 AM,20,65,15,1,11,92,Friday,low,06:45:00,6,108.5,0.1304,0.7065,1,0,1.0,0.0,Morning,0,0.0152,0.3318,0.65,89.5,100.38
7:00:00 AM,20,66,6,3,14,89,Friday,normal,07:00:00,7,120.0,0.191,0.7416,1,0,0.9659,-0.2588,Morning,0,0.0448,0.425,0.71,108.5,101.62
7:15:00 AM,20,27,6,5,15,53,Friday,normal,07:15:00,7,90.0,0.3774,0.5094,1,0,0.9659,-0.2588,Morning,0,0.1786,0.6667,0.54,120.0,102.0
7:30:00 AM,20,75,6,1,10,92,Friday,low,07:30:00,7,111.0,0.1196,0.8152,1,0,0.9659,-0.2588,Morning,0,0.0132,0.2973,0.66,90.0,107.38
7:45:00 AM,20,54,11,4,12,81,Friday,low,07:45:00,7,107.5,0.1975,0.6667,1,0,0.9659,-0.2588,Morning,0,0.0727,0.4465,0.64,111.0,107.12
8:00:00 AM,20,54,18,3,12,87,Friday,low,08:00:00,8,108.0,0.1724,0.6207,1,0,0.866,-0.5,Morning,1,0.0545,0.4167,0.64,107.5,104.12
8:15:00 AM,20,69,8,0,14,91,Friday,normal,08:15:00,8,115.0,0.1538,0.7582,1,0,0.866,-0.5,Morning,1,0.0,0.3652,0.68,108.0,110.38
8:30:00 AM,20,52,19,6,10,87,Friday,low,08:30:00,8,109.5,0.1839,0.5977,1,0,0.866,-0.5,Morning,1,0.1132,0.4384,0.65,115.0,110.0
8:45:00 AM,20,66,8,0,12,86,Friday,low,08:45:00,8,106.0,0.1395,0.7674,1,0,0.866,-0.5,Morning,1,0.0,0.3396,0.63,109.5,109.62
9:00:00 AM,20,54,11,0,13,78,Friday,normal,09:00:00,9,98.5,0.1667,0.6923,0,0,0.7071,-0.7071,Morning,1,0.0,0.3959,0.59,106.0,107.25
9:15:00 AM,20,151,48,15,3,217,Friday,heavy,09:15:00,9,229.0,0.0829,0.6959,0,0,0.7071,-0.7071,Morning,1,0.0987,0.2358,1.36,98.5,135.75
9:30:00 AM,20,170,62,18,2,252,Friday,heavy,09:30:00,9,261.0,0.0794,0.6746,0,0,0.7071,-0.7071,Morning,1,0.1053,0.2299,1.55,229.0,173.62
9:45:00 AM,20,134,59,11,3,207,Friday,heavy,09:45:00,9,205.5,0.0676,0.6473,0,0,0.7071,-0.7071,Morning,1,0.0815,0.2044,1.22,261.0,198.5
10:00:00 AM,20,166,63,22,1,252,Friday,heavy,10:00:00,10,266.5,0.0913,0.6587,0,0,0.5,-0.866,Morning,0,0.1317,0.2589,1.59,205.5,240.5
10:15:00 AM,20,173,64,10,2,249,Friday,heavy,10:15:00,10,241.0,0.0482,0.6948,0,0,0.5,-0.866,Morning,0,0.0575,0.1494,1.43,266.5,243.5
10:30:00 AM,20,176,45,22,2,245,Friday,heavy,10:30:00,10,270.5,0.098,0.7184,0,0,0.5,-0.866,Morning,0,0.1243,0.2662,1.61,241.0,245.88
10:45:00 AM,20,162,59,27,1,249,Friday,heavy,10:45:00,10,275.5,0.1124,0.6506,0,0,0.5,-0.866,Morning,0,0.1656,0.3049,1.64,270.5,263.38
11:00:00 AM,20,171,46,15,3,235,Friday,heavy,11:00:00,11,248.0,0.0766,0.7277,0,0,0.2588,-0.9659,Morning,0,0.0872,0.2177,1.48,275.5,258.75
11:15:00 AM,20,158,44,26,2,230,Friday,heavy,11:15:00,11,264.0,0.1217,0.687,0,0,0.2588,-0.9659,Morning,0,0.1635,0.3182,1.57,248.0,264.5
11:30:00 AM,20,151,64,16,0,231,Friday,heavy,11:30:00,11,231.0,0.0693,0.6537,0,0,0.2588,-0.9659,Morning,0,0.1053,0.2078,1.38,264.0,254.62
11:45:00 AM,20,162,65,14,3,244,Friday,heavy,11:45:00,11,245.5,0.0697,0.6639,0,0,0.2588,-0.9659,Morning,0,0.0859,0.2077,1.46,231.0,247.12
12:00:00 PM,20,179,44,23,1,247,Friday,heavy,12:00:00,12,273.0,0.0972,0.7247,0,0,0.0,-1.0,Afternoon,0,0.1278,0.2637,1.63,245.5,253.38
12:15:00 PM,20,175,59,11,3,248,Friday,heavy,12:15:00,12,246.5,0.0565,0.7056,0,0,0.0,-1.0,Afternoon,0,0.0625,0.1704,1.47,273.0,249.0
12:30:00 PM,20,173,63,13,2,251,Friday,heavy,12:30:00,12,249.5,0.0598,0.6892,0,0,0.0,-1.0,Afternoon,0,0.0747,0.1804,1.49,246.5,253.62
12:45:00 PM,20,144,66,11,3,224,Friday,heavy,12:45:00,12,219.0,0.0625,0.6429,0,0,0.0,-1.0,Afternoon,0,0.0759,0.1918,1.3,249.5,247.0
1:00:00 PM,20,132,68,22,4,226,Friday,heavy,13:00:00,13,244.0,0.115,0.5841,0,0,-0.2588,-0.9659,Afternoon,0,0.1654,0.3197,1.45,219.0,239.75
1:15:00 PM,20,161,50,10,0,221,Friday,heavy,13:15:00,13,216.0,0.0452,0.7285,0,0,-0.2588,-0.9659,Afternoon,0,0.0617,0.1389,1.29,244.0,232.12
1:30:00 PM,20,151,56,29,1,237,Friday,heavy,13:30:00,13,269.0,0.1266,0.6371,0,0,-0.2588,-0.9659,Afternoon,0,0.1908,0.3346,1.6,216.0,237.0
1:45:00 PM,20,168,59,24,1,252,Friday,heavy,13:45:00,13,272.5,0.0992,0.6667,0,0,-0.2588,-0.9659,Afternoon,0,0.142,0.2752,1.62,269.0,250.38
2:00:00 PM,20,144,65,20,3,232,Friday,heavy,14:00:00,14,245.5,0.0991,0.6207,0,0,-0.5,-0.866,Afternoon,0,0.1379,0.2811,1.46,272.5,250.75
2:15:00 PM,20,179,63,12,2,256,Friday,heavy,14:15:00,14,252.5,0.0547,0.6992,0,0,-0.5,-0.866,Afternoon,0,0.0667,0.1663,1.5,245.5,259.88
2:30:00 PM,20,161,56,12,4,233,Friday,heavy,14:30:00,14,237.0,0.0687,0.691,0,0,-0.5,-0.866,Afternoon,0,0.0741,0.2025,1.41,252.5,251.88
2:45:00 PM,20,134,67,12,1,214,Friday,heavy,14:45:00,14,206.5,0.0607,0.6262,0,0,-0.5,-0.866,Afternoon,0,0.0889,0.1889,1.23,237.0,235.38
3:00:00 PM,20,140,70,23,4,237,Friday,heavy,15:00:00,15,256.0,0.1139,0.5907,0,0,-0.7071,-0.7071,Afternoon,0,0.1631,0.3164,1.52,206.5,238.0
3:15:00 PM,20,66,29,24,1,120,Friday,normal,15:15:00,15,155.5,0.2083,0.55,0,0,-0.7071,-0.7071,Afternoon,0,0.3582,0.4823,0.93,256.0,213.75
3:30:00 PM,20,60,27,17,2,106,Friday,normal,15:30:00,15,130.5,0.1792,0.566,0,0,-0.7071,-0.7071,Afternoon,0,0.2787,0.4368,0.78,155.5,187.12
3:45:00 PM,20,89,27,10,2,128,Friday,normal,15:45:00,15,138.5,0.0938,0.6953,0,0,-0.7071,-0.7071,Afternoon,0,0.1111,0.2599,0.82,130.5,170.12
4:00:00 PM,20,81,29,5,0,115,Friday,normal,16:00:00,16,110.5,0.0435,0.7043,1,0,-0.866,-0.5,Afternoon,0,0.061,0.1357,0.66,138.5,133.75
4:15:00 PM,20,78,22,12,1,113,Friday,normal,16:15:00,16,128.0,0.115,0.6903,1,0,-0.866,-0.5,Afternoon,0,0.1519,0.3047,0.76,110.5,126.88
4:30:00 PM,20,71,24,18,2,115,Friday,normal,16:30:00,16,143.0,0.1739,0.6174,1,0,-0.866,-0.5,Afternoon,0,0.25,0.4196,0.85,128.0,130.0
4:45:00 PM,20,50,26,9,1,86,Friday,low,16:45:00,16,93.0,0.1163,0.5814,1,0,-0.866,-0.5,Afternoon,0,0.1765,0.3226,0.55,143.0,118.62
5:00:00 PM,20,55,28,5,0,88,Friday,low,17:00:00,17,84.0,0.0568,0.625,1,0,-0.9659,-0.2588,Evening,1,0.0893,0.1786,0.5,93.0,112.0
5:15:00 PM,20,61,20,25,1,107,Friday,normal,17:15:00,17,149.0,0.243,0.5701,1,0,-0.9659,-0.2588,Evening,1,0.4032,0.5235,0.89,84.0,117.25
5:30:00 PM,20,76,22,14,2,114,Friday,normal,17:30:00,17,135.0,0.1404,0.6667,1,0,-0.9659,-0.2588,Evening,1,0.1818,0.3556,0.8,149.0,115.25
5:45:00 PM,20,50,20,23,1,94,Friday,normal,17:45:00,17,132.0,0.2553,0.5319,1,0,-0.9659,-0.2588,Evening,1,0.451,0.5455,0.79,135.0,125.0
6:00:00 PM,20,89,26,0,2,117,Friday,normal,18:00:00,18,108.0,0.0171,0.7607,1,0,-1.0,-0.0,Evening,1,0.0,0.0556,0.64,132.0,131.0
6:15:00 PM,20,62,20,17,0,99,Friday,normal,18:15:00,18,123.0,0.1717,0.6263,1,0,-1.0,-0.0,Evening,1,0.2698,0.4146,0.73,108.0,124.5
6:30:00 PM,20,83,20,23,2,128,Friday,normal,18:30:00,18,168.0,0.1953,0.6484,1,0,-1.0,-0.0,Evening,1,0.2738,0.4464,1.0,123.0,132.75
6:45:00 PM,20,65,20,2,0,87,Friday,low,18:45:00,18,81.0,0.023,0.7471,1,0,-1.0,-0.0,Evening,1,0.0303,0.0741,0.48,168.0,120.0
7:00:00 PM,20,60,21,2,1,84,Friday,low,19:00:00,19,79.5,0.0357,0.7143,0,0,-0.9659,0.2588,Evening,1,0.0328,0.1132,0.47,81.0,112.88
7:15:00 PM,20,36,8,3,9,56,Friday,low,19:15:00,19,76.0,0.2143,0.6429,0,0,-0.9659,0.2588,Evening,1,0.0811,0.4737,0.45,79.5,101.12
7:30:00 PM,20,39,5,4,11,59,Friday,low,19:30:00,19,86.5,0.2542,0.661,0,0,-0.9659,0.2588,Evening,1,0.1,0.5202,0.51,76.0,80.75
7:45:00 PM,20,26,8,3,0,37,Friday,low,19:45:00,19,39.0,0.0811,0.7027,0,0,-0.9659,0.2588,Evening,1,0.1111,0.2308,0.23,86.5,70.25
8:00:00 PM,20,23,4,0,5,32,Friday,low,20:00:00,20,40.0,0.1562,0.7188,0,0,-0.866,0.5,Evening,0,0.0,0.375,0.24,39.0,60.38
8:15:00 PM,20,50,2,0,4,56,Friday,low,20:15:00,20,63.0,0.0714,0.8929,0,0,-0.866,0.5,Evening,0,0.0,0.1905,0.38,40.0,57.12
8:30:00 PM,20,30,2,3,1,36,Friday,low,20:30:00,20,43.0,0.1111,0.8333,0,0,-0.866,0.5,Evening,0,0.0968,0.2791,0.26,63.0,46.25
8:45:00 PM,20,48,10,4,2,64,Friday,low,20:45:00,20,71.0,0.0938,0.75,0,0,-0.866,0.5,Evening,0,0.0816,0.2535,0.42,43.0,54.25
9:00:00 PM,20,39,6,6,1,52,Friday,low,21:00:00,21,63.0,0.1346,0.75,0,0,-0.7071,0.7071,Evening,0,0.15,0.3333,0.38,71.0,60.0
9:15:00 PM,20,47,10,3,9,69,Friday,low,21:15:00,21,88.0,0.1739,0.6812,0,0,-0.7071,0.7071,Evening,0,0.0625,0.4091,0.52,63.0,66.25
9:30:00 PM,20,26,3,5,3,37,Friday,low,21:30:00,21,51.5,0.2162,0.7027,0,0,-0.7071,0.7071,Evening,0,0.1852,0.466,0.31,88.0,68.38
9:45:00 PM,20,25,6,3,9,43,Friday,low,21:45:00,21,64.0,0.2791,0.5814,0,0,-0.7071,0.7071,Evening,0,0.1154,0.5625,0.38,51.5,66.62
10:00:00 PM,20,19,1,0,11,31,Friday,low,22:00:00,22,52.5,0.3548,0.6129,0,0,-0.5,0.866,Night,0,0.0,0.6286,0.31,64.0,64.0
10:15:00 PM,20,16,5,0,26,47,Friday,normal,22:15:00,22,96.5,0.5532,0.3404,0,0,-0.5,0.866,Night,0,0.0,0.8083,0.57,52.5,66.12
10:30:00 PM,20,15,2,1,39,57,Friday,normal,22:30:00,22,136.0,0.7018,0.2632,0,0,-0.5,0.866,Night,0,0.0625,0.8824,0.81,96.5,87.25
10:45:00 PM,20,14,5,0,11,30,Friday,low,22:45:00,22,49.5,0.3667,0.4667,0,0,-0.5,0.866,Night,0,0.0,0.6667,0.29,136.0,83.62
11:00:00 PM,20,12,2,0,20,34,Friday,normal,23:00:00,23,73.0,0.5882,0.3529,0,0,-0.2588,0.9659,Night,0,0.0,0.8219,0.43,49.5,88.75
11:15:00 PM,20,11,2,0,35,48,Friday,normal,23:15:00,23,117.0,0.7292,0.2292,0,0,-0.2588,0.9659,Night,0,0.0,0.8974,0.7,73.0,93.88
11:30:00 PM,20,18,5,1,11,35,Friday,low,23:30:00,23,56.5,0.3429,0.5143,0,0,-0.2588,0.9659,Night,0,0.0526,0.6372,0.34,117.0,74.0
11:45:00 PM,20,17,2,0,20,39,Friday,normal,23:45:00,23,78.0,0.5128,0.4359,0,0,-0.2588,0.9659,Night,0,0.0,0.7692,0.46,56.5,81.12
12:00:00 AM,21,19,5,1,30,55,Sunday,normal,00:00:00,0,114.5,0.5636,0.3455,0,1,0.0,1.0,Night,0,0.05,0.8122,0.68,114.5,114.5
12:15:00 AM,21,17,4,1,24,46,Sunday,normal,00:15:00,0,94.0,0.5435,0.3696,0,1,0.0,1.0,Night,0,0.0556,0.7979,0.56,114.5,104.25
12:30:00 AM,21,16,3,0,14,33,Sunday,normal,00:30:00,0,59.5,0.4242,0.4848,0,1,0.0,1.0,Night,0,0.0,0.7059,0.35,94.0,89.33
12:45:00 AM,21,16,3,1,23,43,Sunday,normal,00:45:00,0,89.5,0.5581,0.3721,0,1,0.0,1.0,Night,0,0.0588,0.8045,0.53,59.5,89.38
1:00:00 AM,21,20,0,1,17,38,Sunday,normal,01:00:00,1,74.0,0.4737,0.5263,0,1,0.2588,0.9659,Night,0,0.0476,0.7297,0.44,89.5,79.25
1:15:00 AM,21,20,0,0,37,57,Sunday,normal,01:15:00,1,131.0,0.6491,0.3509,0,1,0.2588,0.9659,Night,0,0.0,0.8473,0.78,74.0,88.5
1:30:00 AM,21,18,0,1,30,49,Sunday,normal,01:30:00,1,111.0,0.6327,0.3673,0,1,0.2588,0.9659,Night,0,0.0526,0.8378,0.66,131.0,101.38
1:45:00 AM,21,19,1,0,14,34,Sunday,normal,01:45:00,1,61.5,0.4118,0.5588,0,1,0.2588,0.9659,Night,0,0.0,0.6829,0.37,111.0,94.38
2:00:00 AM,21,18,5,0,29,52,Sunday,normal,02:00:00,2,107.5,0.5577,0.3462,0,1,0.5,0.866,Night,0,0.0,0.8093,0.64,61.5,102.75
2:15:00 AM,21,11,1,0,22,34,Sunday,normal,02:15:00,2,77.5,0.6471,0.3235,0,1,0.5,0.866,Night,0,0.0,0.8516,0.46,107.5,89.38
2:30:00 AM,21,20,3,0,24,47,Sunday,normal,02:30:00,2,93.5,0.5106,0.4255,0,1,0.5,0.866,Night,0,0.0,0.7701,0.56,77.5,85.0
2:45:00 AM,21,12,2,1,10,25,Sunday,low,02:45:00,2,46.0,0.44,0.48,0,1,0.5,0.866,Night,0,0.0769,0.7174,0.27,93.5,81.12
3:00:00 AM,21,19,5,1,31,56,Sunday,normal,03:00:00,3,117.5,0.5714,0.3393,0,1,0.7071,0.7071,Night,0,0.05,0.817,0.7,46.0,83.62
3:15:00 AM,21,10,0,0,32,42,Sunday,normal,03:15:00,3,106.0,0.7619,0.2381,0,1,0.7071,0.7071,Night,0,0.0,0.9057,0.63,117.5,90.75
3:30:00 AM,21,14,1,1,12,28,Sunday,low,03:30:00,3,53.5,0.4643,0.5,0,1,0.7071,0.7071,Night,0,0.0667,0.729,0.32,106.0,80.75
3:45:00 AM,21,14,2,1,24,41,Sunday,normal,03:45:00,3,90.0,0.6098,0.3415,0,1,0.7071,0.7071,Night,0,0.0667,0.8333,0.54,53.5,91.75
4:00:00 AM,21,10,3,0,32,45,Sunday,normal,04:00:00,4,107.5,0.7111,0.2222,0,1,0.866,0.5,Night,0,0.0,0.893,0.64,90.0,89.25
4:15:00 AM,21,97,23,6,17,143,Sunday,normal,04:15:00,4,177.5,0.1608,0.6783,0,1,0.866,0.5,Night,0,0.0612,0.3887,1.06,107.5,107.12
4:30:00 AM,21,104,22,7,11,144,Sunday,normal,04:30:00,4,169.0,0.125,0.7222,0,1,0.866,0.5,Night,0,0.0667,0.3195,1.01,177.5,136.0
4:45:00 AM,21,100,15,8,20,143,Sunday,normal,04:45:00,4,191.5,0.1958,0.6993,0,1,0.866,0.5,Night,0,0.0792,0.4386,1.14,169.0,161.38
5:00:00 AM,21,87,7,7,4,105,Sunday,low,05:00:00,5,123.5,0.1048,0.8286,0,1,0.9659,0.2588,Morning,0,0.0795,0.2672,0.74,191.5,165.38
5:15:00 AM,21,77,27,8,10,122,Sunday,normal,05:15:00,5,144.5,0.1475,0.6311,0,1,0.9659,0.2588,Morning,0,0.1026,0.3737,0.86,123.5,157.12
5:30:00 AM,21,51,7,4,5,67,Sunday,low,05:30:00,5,81.5,0.1343,0.7612,0,1,0.9659,0.2588,Morning,0,0.0769,0.3313,0.49,144.5,135.25
5:45:00 AM,21,79,1,10,6,96,Sunday,low,05:45:00,5,127.5,0.1667,0.8229,0,1,0.9659,0.2588,Morning,0,0.125,0.3765,0.76,81.5,119.25
6:00:00 AM,21,100,40,29,5,174,Sunday,heavy,06:00:00,6,222.0,0.1954,0.5747,1,1,1.0,0.0,Morning,0,0.2871,0.4595,1.32,127.5,143.88
6:15:00 AM,21,112,13,39,0,164,Sunday,high,06:15:00,6,235.5,0.2378,0.6829,1,1,1.0,0.0,Morning,0,0.3451,0.4968,1.4,222.0,166.62
6:30:00 AM,21,120,16,34,2,172,Sunday,heavy,06:30:00,6,236.0,0.2093,0.6977,1,1,1.0,0.0,Morning,0,0.281,0.4576,1.41,235.5,205.25
6:45:00 AM,21,123,14,26,3,166,Sunday,high,06:45:00,6,217.0,0.1747,0.741,1,1,1.0,0.0,Morning,0,0.2097,0.4009,1.29,236.0,227.62
7:00:00 AM,21,142,27,27,4,200,Sunday,heavy,07:00:00,7,248.5,0.155,0.71,1,1,0.9659,-0.2588,Morning,0,0.1888,0.3742,1.48,217.0,234.25
7:15:00 AM,21,139,38,49,2,228,Sunday,heavy,07:15:00,7,311.0,0.2237,0.6096,1,1,0.9659,-0.2588,Morning,0,0.35,0.492,1.85,248.5,253.12
7:30:00 AM,21,134,24,21,2,181,Sunday,heavy,07:30:00,7,215.0,0.1271,0.7403,1,1,0.9659,-0.2588,Morning,0,0.1556,0.3209,1.28,311.0,247.88
7:45:00 AM,21,102,13,31,0,146,Sunday,high,07:45:00,7,201.5,0.2123,0.6986,1,1,0.9659,-0.2588,Morning,0,0.301,0.4615,1.2,215.0,244.0
8:00:00 AM,21,102,16,43,4,165,Sunday,high,08:00:00,8,251.0,0.2848,0.6182,1,1,0.866,-0.5,Morning,1,0.4175,0.5618,1.49,201.5,244.62
8:15:00 AM,21,106,16,32,1,155,Sunday,high,08:15:00,8,213.0,0.2129,0.6839,1,1,0.866,-0.5,Morning,1,0.2991,0.4648,1.27,251.0,220.12
8:30:00 AM,21,117,19,42,3,181,Sunday,heavy,08:30:00,8,261.5,0.2486,0.6464,1,1,0.866,-0.5,Morning,1,0.3559,0.5163,1.56,213.0,231.75
8:45:00 AM,21,139,36,40,3,218,Sunday,heavy,08:45:00,8,286.0,0.1972,0.6376,1,1,0.866,-0.5,Morning,1,0.2857,0.451,1.7,261.5,252.88
9:00:00 AM,21,121,13,25,2,161,Sunday,normal,09:00:00,9,208.5,0.1677,0.7516,0,1,0.7071,-0.7071,Morning,1,0.2049,0.3885,1.24,286.0,242.25
9:15:00 AM,21,65,19,16,11,111,Sunday,normal,09:15:00,9,155.5,0.2432,0.5856,0,1,0.7071,-0.7071,Morning,1,0.2424,0.5209,0.93,208.5,227.88
9:30:00 AM,21,12,25,39,28,104,Sunday,normal,09:30:00,9,225.5,0.6442,0.1154,0,1,0.7071,-0.7071,Morning,1,3.0,0.8914,1.34,155.5,218.88
9:45:00 AM,21,98,21,10,5,134,Sunday,normal,09:45:00,9,153.5,0.1119,0.7313,0,1,0.7071,-0.7071,Morning,1,0.101,0.2932,0.91,225.5,185.75
10:00:00 AM,21,58,9,25,13,105,Sunday,normal,10:00:00,10,176.5,0.3619,0.5524,0,1,0.5,-0.866,Morning,0,0.4237,0.6459,1.05,153.5,177.75
10:15:00 AM,21,81,10,39,29,159,Sunday,high,10:15:00,10,290.0,0.4277,0.5094,0,1,0.5,-0.866,Morning,0,0.4756,0.7034,1.73,176.5,211.38
10:30:00 AM,21,67,20,33,29,149,Sunday,high,10:30:00,10,263.0,0.4161,0.4497,0,1,0.5,-0.866,Morning,0,0.4853,0.7072,1.57,290.0,220.75
10:45:00 AM,21,68,22,25,16,131,Sunday,normal,10:45:00,10,202.0,0.313,0.5191,0,1,0.5,-0.866,Morning,0,0.3623,0.6089,1.2,263.0,232.88
11:00:00 AM,21,47,10,6,22,85,Sunday,normal,11:00:00,11,136.0,0.3294,0.5529,0,1,0.2588,-0.9659,Morning,0,0.125,0.6176,0.81,202.0,222.75
11:15:00 AM,21,45,7,10,27,89,Sunday,normal,11:15:00,11,159.5,0.4157,0.5056,0,1,0.2588,-0.9659,Morning,0,0.2174,0.6959,0.95,136.0,190.12
11:30:00 AM,21,54,5,11,24,94,Sunday,normal,11:30:00,11,161.5,0.3723,0.5745,0,1,0.2588,-0.9659,Morning,0,0.2,0.6502,0.96,159.5,164.75
11:45:00 AM,21,61,7,15,28,111,Sunday,normal,11:45:00,11,193.5,0.3874,0.5495,0,1,0.2588,-0.9659,Morning,0,0.2419,0.6667,1.15,161.5,162.62
12:00:00 PM,21,56,5,4,29,94,Sunday,normal,12:00:00,12,157.5,0.3511,0.5957,0,1,0.0,-1.0,Afternoon,0,0.0702,0.6286,0.94,193.5,168.0
12:15:00 PM,21,23,5,4,27,59,Sunday,normal,12:15:00,12,118.5,0.5254,0.3898,0,1,0.0,-1.0,Afternoon,0,0.1667,0.7848,0.71,157.5,157.75
12:30:00 PM,21,31,6,8,23,68,Sunday,normal,12:30:00,12,127.0,0.4559,0.4559,0,1,0.0,-1.0,Afternoon,0,0.25,0.7323,0.76,118.5,149.12
12:45:00 PM,21,27,7,14,28,76,Sunday,normal,12:45:00,12,156.5,0.5526,0.3553,0,1,0.0,-1.0,Afternoon,0,0.5,0.8051,0.93,127.0,139.88
1:00:00 PM,21,30,7,3,30,70,Sunday,normal,13:00:00,13,132.5,0.4714,0.4286,0,1,-0.2588,-0.9659,Afternoon,0,0.0968,0.7472,0.79,156.5,133.62
1:15:00 PM,21,114,21,5,14,154,Sunday,normal,13:15:00,13,181.5,0.1234,0.7403,0,1,-0.2588,-0.9659,Afternoon,0,0.0435,0.314,1.08,132.5,149.38
1:30:00 PM,21,46,24,35,16,121,Sunday,high,13:30:00,13,211.0,0.4215,0.3802,0,1,-0.2588,-0.9659,Afternoon,0,0.7447,0.7251,1.26,181.5,170.38
1:45:00 PM,21,68,29,29,20,146,Sunday,high,13:45:00,13,229.5,0.3356,0.4658,0,1,-0.2588,-0.9659,Afternoon,0,0.4203,0.6405,1.37,211.0,188.62
2:00:00 PM,21,45,16,15,5,81,Sunday,low,14:00:00,14,113.0,0.2469,0.5556,0,1,-0.5,-0.866,Afternoon,0,0.3261,0.531,0.67,229.5,183.75
2:15:00 PM,21,86,13,11,20,130,Sunday,normal,14:15:00,14,185.5,0.2385,0.6615,0,1,-0.5,-0.866,Afternoon,0,0.1264,0.5013,1.1,113.0,184.75
2:30:00 PM,21,44,11,19,15,89,Sunday,normal,14:30:00,14,151.5,0.382,0.4944,0,1,-0.5,-0.866,Afternoon,0,0.4222,0.6733,0.9,185.5,169.88
2:45:00 PM,21,45,17,13,20,95,Sunday,normal,14:45:00,14,152.5,0.3474,0.4737,0,1,-0.5,-0.866,Afternoon,0,0.2826,0.6492,0.91,151.5,150.62
3:00:00 PM,21,106,17,7,12,142,Sunday,normal,15:00:00,15,171.5,0.1338,0.7465,0,1,-0.7071,-0.7071,Afternoon,0,0.0654,0.3324,1.02,152.5,165.25
3:15:00 PM,21,44,16,9,13,82,Sunday,normal,15:15:00,15,118.0,0.2683,0.5366,0,1,-0.7071,-0.7071,Afternoon,0,0.2,0.5593,0.7,171.5,148.38
3:30:00 PM,21,77,23,13,9,122,Sunday,normal,15:30:00,15,154.5,0.1803,0.6311,0,1,-0.7071,-0.7071,Afternoon,0,0.1667,0.4272,0.92,118.0,149.12
3:45:00 PM,21,53,17,26,8,104,Sunday,normal,15:45:00,15,163.5,0.3269,0.5096,0,1,-0.7071,-0.7071,Afternoon,0,0.4815,0.6239,0.97,154.5,151.88
4:00:00 PM,21,138,18,20,8,184,Sunday,heavy,16:00:00,16,231.0,0.1522,0.75,1,1,-0.866,-0.5,Afternoon,0,0.1439,0.3636,1.38,163.5,166.75
4:15:00 PM,21,142,24,39,9,214,Sunday,heavy,16:15:00,16,298.0,0.2243,0.6636,1,1,-0.866,-0.5,Afternoon,0,0.2727,0.4832,1.77,231.0,211.75
4:30:00 PM,21,114,25,21,7,167,Sunday,normal,16:30:00,16,210.5,0.1677,0.6826,1,1,-0.866,-0.5,Afternoon,0,0.1826,0.399,1.25,298.0,225.75
4:45:00 PM,21,116,35,42,6,199,Sunday,heavy,16:45:00,16,277.5,0.2412,0.5829,1,1,-0.866,-0.5,Afternoon,0,0.359,0.5189,1.65,210.5,254.25
5:00:00 PM,21,149,22,37,8,216,Sunday,heavy,17:00:00,17,295.0,0.2083,0.6898,1,1,-0.9659,-0.2588,Evening,1,0.2467,0.4576,1.76,277.5,270.25
5:15:00 PM,21,100,12,39,7,158,Sunday,high,17:15:00,17,244.0,0.2911,0.6329,1,1,-0.9659,-0.2588,Evening,1,0.3861,0.5656,1.45,295.0,256.75
5:30:00 PM,21,101,23,45,5,174,Sunday,heavy,17:30:00,17,262.5,0.2874,0.5805,1,1,-0.9659,-0.2588,Evening,1,0.4412,0.5714,1.56,244.0,269.75
5:45:00 PM,21,122,40,48,10,220,Sunday,heavy,17:45:00,17,316.0,0.2636,0.5545,1,1,-0.9659,-0.2588,Evening,1,0.3902,0.5506,1.88,262.5,279.38
6:00:00 PM,21,112,34,39,9,194,Sunday,heavy,18:00:00,18,273.0,0.2474,0.5773,1,1,-1.0,-0.0,Evening,1,0.3451,0.5275,1.63,316.0,273.88
6:15:00 PM,21,112,12,41,5,170,Sunday,heavy,18:15:00,18,256.0,0.2706,0.6588,1,1,-1.0,-0.0,Evening,1,0.3628,0.5391,1.52,273.0,276.88
6:30:00 PM,21,116,22,23,7,168,Sunday,heavy,18:30:00,18,217.0,0.1786,0.6905,1,1,-1.0,-0.0,Evening,1,0.1966,0.4147,1.29,256.0,265.5
6:45:00 PM,21,90,13,15,33,151,Sunday,high,18:45:00,18,240.5,0.3179,0.596,1,1,-1.0,-0.0,Evening,1,0.1648,0.5988,1.43,217.0,246.62
7:00:00 PM,21,85,14,14,13,126,Sunday,normal,19:00:00,19,173.0,0.2143,0.6746,0,1,-0.9659,0.2588,Evening,1,0.1628,0.4682,1.03,240.5,221.62
7:15:00 PM,21,59,25,13,27,124,Sunday,high,19:15:00,19,191.5,0.3226,0.4758,0,1,-0.9659,0.2588,Evening,1,0.2167,0.6266,1.14,173.0,205.5
7:30:00 PM,21,108,5,15,22,150,Sunday,high,19:30:00,19,221.5,0.2467,0.72,0,1,-0.9659,0.2588,Evening,1,0.1376,0.5011,1.32,191.5,206.62
7:45:00 PM,21,75,8,16,25,124,Sunday,high,19:45:00,19,202.0,0.3306,0.6048,0,1,-0.9659,0.2588,Evening,1,0.2105,0.6089,1.2,221.5,197.0
8:00:00 PM,21,96,15,12,27,150,Sunday,high,20:00:00,20,220.5,0.26,0.64,0,1,-0.866,0.5,Evening,0,0.1237,0.5306,1.31,202.0,208.88
8:15:00 PM,21,61,17,10,8,96,Sunday,low,20:15:00,20,123.5,0.1875,0.6354,0,1,-0.866,0.5,Evening,0,0.1613,0.4372,0.74,220.5,191.88
8:30:00 PM,21,84,25,20,30,159,Sunday,high,20:30:00,20,246.5,0.3145,0.5283,0,1,-0.866,0.5,Evening,0,0.2353,0.6085,1.47,123.5,198.12
8:45:00 PM,21,55,9,12,19,95,Sunday,normal,20:45:00,20,152.5,0.3263,0.5789,0,1,-0.866,0.5,Evening,0,0.2143,0.6098,0.91,246.5,185.75
9:00:00 PM,21,65,16,12,32,125,Sunday,high,21:00:00,21,205.0,0.352,0.52,0,1,-0.7071,0.7071,Evening,0,0.1818,0.6439,1.22,152.5,181.88
9:15:00 PM,21,87,16,10,16,129,Sunday,normal,21:15:00,21,173.0,0.2016,0.6744,0,1,-0.7071,0.7071,Evening,0,0.1136,0.4509,1.03,205.0,194.25
9:30:00 PM,21,75,5,12,21,113,Sunday,high,21:30:00,21,176.5,0.292,0.6637,0,1,-0.7071,0.7071,Evening,0,0.1579,0.5609,1.05,173.0,176.75
9:45:00 PM,21,82,16,14,34,146,Sunday,high,21:45:00,21,234.0,0.3288,0.5616,0,1,-0.7071,0.7071,Evening,0,0.1687,0.6154,1.39,176.5,197.12
10:00:00 PM,21,11,3,0,34,48,Sunday,normal,22:00:00,22,114.5,0.7083,0.2292,0,1,-0.5,0.866,Night,0,0.0,0.8908,0.68,234.0,174.5
10:15:00 PM,21,15,5,0,14,34,Sunday,normal,22:15:00,22,59.5,0.4118,0.4412,0,1,-0.5,0.866,Night,0,0.0,0.7059,0.35,114.5,146.12
10:30:00 PM,21,18,5,1,13,37,Sunday,normal,22:30:00,22,62.5,0.3784,0.4865,0,1,-0.5,0.866,Night,0,0.0526,0.672,0.37,59.5,117.62
10:45:00 PM,21,19,2,1,34,56,Sunday,normal,22:45:00,22,125.0,0.625,0.3393,0,1,-0.5,0.866,Night,0,0.05,0.84,0.74,62.5,90.38
11:00:00 PM,21,20,4,1,26,51,Sunday,normal,23:00:00,23,103.0,0.5294,0.3922,0,1,-0.2588,0.9659,Night,0,0.0476,0.7864,0.61,125.0,87.5
11:15:00 PM,21,14,4,0,10,28,Sunday,low,23:15:00,23,46.0,0.3571,0.5,0,1,-0.2588,0.9659,Night,0,0.0,0.6522,0.27,103.0,84.12
11:30:00 PM,21,11,1,1,36,49,Sunday,normal,23:30:00,23,122.5,0.7551,0.2245,0,1,-0.2588,0.9659,Night,0,0.0833,0.9061,0.73,46.0,99.12
11:45:00 PM,21,10,2,1,15,28,Sunday,normal,23:45:00,23,59.0,0.5714,0.3571,0,1,-0.2588,0.9659,Night,0,0.0909,0.8136,0.35,122.5,82.62
12:00:00 AM,22,10,3,0,33,46,Saturday,normal,00:00:00,0,110.5,0.7174,0.2174,0,1,0.0,1.0,Night,0,0.0,0.8959,0.66,110.5,110.5
12:15:00 AM,22,14,3,0,23,40,Saturday,normal,00:15:00,0,84.5,0.575,0.35,0,1,0.0,1.0,Night,0,0.0,0.8166,0.5,110.5,97.5
12:30:00 AM,22,11,5,1,11,28,Saturday,low,00:30:00,0,49.5,0.4286,0.3929,0,1,0.0,1.0,Night,0,0.0833,0.7273,0.29,84.5,81.5
12:45:00 AM,22,10,1,1,34,46,Saturday,normal,00:45:00,0,115.5,0.7609,0.2174,0,1,0.0,1.0,Night,0,0.0909,0.9091,0.69,49.5,90.0
1:00:00 AM,22,20,4,1,17,42,Saturday,normal,01:00:00,1,76.0,0.4286,0.4762,0,1,0.2588,0.9659,Night,0,0.0476,0.7105,0.45,115.5,81.38
1:15:00 AM,22,17,5,0,24,46,Saturday,normal,01:15:00,1,91.5,0.5217,0.3696,0,1,0.2588,0.9659,Night,0,0.0,0.7869,0.54,76.0,83.12
1:30:00 AM,22,12,2,1,18,33,Saturday,normal,01:30:00,1,70.0,0.5758,0.3636,0,1,0.2588,0.9659,Night,0,0.0769,0.8143,0.42,91.5,88.25
1:45:00 AM,22,15,0,1,16,32,Saturday,normal,01:45:00,1,66.0,0.5312,0.4688,0,1,0.2588,0.9659,Night,0,0.0625,0.7727,0.39,70.0,75.88
2:00:00 AM,22,19,5,0,15,39,Saturday,normal,02:00:00,2,66.5,0.3846,0.4872,0,1,0.5,0.866,Night,0,0.0,0.6767,0.4,66.0,73.5
2:15:00 AM,22,11,3,1,39,54,Saturday,normal,02:15:00,2,132.5,0.7407,0.2037,0,1,0.5,0.866,Night,0,0.0833,0.9057,0.79,66.5,83.75
2:30:00 AM,22,14,5,0,10,29,Saturday,low,02:30:00,2,46.5,0.3448,0.4828,0,1,0.5,0.866,Night,0,0.0,0.6452,0.28,132.5,77.88
2:45:00 AM,22,20,0,1,33,54,Saturday,normal,02:45:00,2,122.0,0.6296,0.3704,0,1,0.5,0.866,Night,0,0.0476,0.8361,0.73,46.5,91.88
3:00:00 AM,22,13,1,1,33,48,Saturday,normal,03:00:00,3,115.5,0.7083,0.2708,0,1,0.7071,0.7071,Night,0,0.0714,0.8831,0.69,122.0,104.12
3:15:00 AM,22,18,2,1,12,33,Saturday,low,03:15:00,3,58.0,0.3939,0.5455,0,1,0.7071,0.7071,Night,0,0.0526,0.6724,0.35,115.5,85.5
3:30:00 AM,22,19,2,1,23,45,Saturday,normal,03:30:00,3,92.0,0.5333,0.4222,0,1,0.7071,0.7071,Night,0,0.05,0.7826,0.55,58.0,96.88
3:45:00 AM,22,10,4,0,36,50,Saturday,normal,03:45:00,3,120.0,0.72,0.2,0,1,0.7071,0.7071,Night,0,0.0,0.9,0.71,92.0,96.38
4:00:00 AM,22,13,4,0,17,34,Saturday,normal,04:00:00,4,66.0,0.5,0.3824,0,1,0.866,0.5,Night,0,0.0,0.7727,0.39,120.0,84.0
4:15:00 AM,22,86,28,2,18,134,Saturday,normal,04:15:00,4,160.0,0.1493,0.6418,0,1,0.866,0.5,Night,0,0.023,0.375,0.95,66.0,109.5
4:30:00 AM,22,59,29,9,14,111,Saturday,normal,04:30:00,4,142.5,0.2072,0.5315,0,1,0.866,0.5,Night,0,0.15,0.4842,0.85,160.0,122.12
4:45:00 AM,22,102,20,9,13,144,Saturday,normal,04:45:00,4,178.0,0.1528,0.7083,0,1,0.866,0.5,Night,0,0.0874,0.3708,1.06,142.5,136.62
5:00:00 AM,22,114,28,8,16,166,Saturday,normal,05:00:00,5,200.0,0.1446,0.6867,0,1,0.9659,0.2588,Morning,0,0.0696,0.36,1.19,178.0,170.12
5:15:00 AM,22,87,23,5,0,115,Saturday,normal,05:15:00,5,113.5,0.0435,0.7565,0,1,0.9659,0.2588,Morning,0,0.0568,0.1322,0.68,200.0,158.5
5:30:00 AM,22,88,5,8,13,114,Saturday,normal,05:30:00,5,153.5,0.1842,0.7719,0,1,0.9659,0.2588,Morning,0,0.0899,0.4104,0.91,113.5,161.25
5:45:00 AM,22,83,6,4,9,102,Saturday,low,05:45:00,5,125.0,0.1275,0.8137,0,1,0.9659,0.2588,Morning,0,0.0476,0.312,0.74,153.5,148.0
6:00:00 AM,22,150,19,24,3,196,Saturday,heavy,06:00:00,6,240.5,0.1378,0.7653,1,1,1.0,0.0,Morning,0,0.1589,0.3368,1.43,125.0,158.12
6:15:00 AM,22,148,35,46,1,230,Saturday,heavy,06:15:00,6,306.5,0.2043,0.6435,1,1,1.0,0.0,Morning,0,0.3087,0.46,1.82,240.5,206.38
6:30:00 AM,22,146,23,23,4,196,Saturday,heavy,06:30:00,6,238.5,0.1378,0.7449,1,1,1.0,0.0,Morning,0,0.1565,0.3396,1.42,306.5,227.62
6:45:00 AM,22,140,21,39,3,203,Saturday,heavy,06:45:00,6,276.5,0.2069,0.6897,1,1,1.0,0.0,Morning,0,0.2766,0.4557,1.65,238.5,265.5
7:00:00 AM,22,149,36,35,1,221,Saturday,heavy,07:00:00,7,275.0,0.1629,0.6742,1,1,0.9659,-0.2588,Morning,0,0.2333,0.3927,1.64,276.5,274.12
7:15:00 AM,22,125,34,42,0,201,Saturday,heavy,07:15:00,7,268.0,0.209,0.6219,1,1,0.9659,-0.2588,Morning,0,0.3333,0.4701,1.6,275.0,264.5
7:30:00 AM,22,147,34,20,5,206,Saturday,heavy,07:30:00,7,239.0,0.1214,0.7136,1,1,0.9659,-0.2588,Morning,0,0.1351,0.3138,1.42,268.0,264.62
7:45:00 AM,22,128,33,21,4,186,Saturday,heavy,07:45:00,7,219.5,0.1344,0.6882,1,1,0.9659,-0.2588,Morning,0,0.1628,0.3417,1.31,239.0,250.38
8:00:00 AM,22,111,38,50,5,204,Saturday,heavy,08:00:00,8,295.0,0.2696,0.5441,1,1,0.866,-0.5,Morning,1,0.4464,0.5593,1.76,219.5,255.38
8:15:00 AM,22,144,20,32,4,200,Saturday,heavy,08:15:00,8,262.0,0.18,0.72,1,1,0.866,-0.5,Morning,1,0.2207,0.4122,1.56,295.0,253.88
8:30:00 AM,22,121,14,23,1,159,Saturday,normal,08:30:00,8,200.0,0.1509,0.761,1,1,0.866,-0.5,Morning,1,0.1885,0.36,1.19,262.0,244.12
8:45:00 AM,22,136,36,40,4,216,Saturday,heavy,08:45:00,8,286.0,0.2037,0.6296,1,1,0.866,-0.5,Morning,1,0.292,0.4615,1.7,200.0,260.75
9:00:00 AM,22,114,21,23,1,159,Saturday,normal,09:00:00,9,196.5,0.1509,0.717,0,1,0.7071,-0.7071,Morning,1,0.2,0.3664,1.17,286.0,236.12
9:15:00 AM,22,75,17,37,29,158,Saturday,high,09:15:00,9,281.5,0.4177,0.4747,0,1,0.7071,-0.7071,Morning,1,0.4868,0.7034,1.68,196.5,241.0
9:30:00 AM,22,34,5,27,22,88,Saturday,normal,09:30:00,9,183.5,0.5568,0.3864,0,1,0.7071,-0.7071,Morning,1,0.7714,0.8011,1.09,281.5,236.88
9:45:00 AM,22,45,6,7,15,73,Saturday,normal,09:45:00,9,114.0,0.3014,0.6164,0,1,0.7071,-0.7071,Morning,1,0.1522,0.5789,0.68,183.5,193.88
10:00:00 AM,22,65,10,6,27,108,Saturday,normal,10:00:00,10,169.0,0.3056,0.6019,0,1,0.5,-0.866,Morning,0,0.0909,0.5858,1.01,114.0,187.0
10:15:00 AM,22,67,25,20,18,130,Saturday,normal,10:15:00,10,193.5,0.2923,0.5154,0,1,0.5,-0.866,Morning,0,0.2941,0.5891,1.15,169.0,165.0
10:30:00 AM,22,50,25,25,28,128,Saturday,high,10:30:00,10,221.5,0.4141,0.3906,0,1,0.5,-0.866,Morning,0,0.4902,0.7178,1.32,193.5,174.5
10:45:00 AM,22,37,19,38,12,106,Saturday,normal,10:45:00,10,196.5,0.4717,0.3491,0,1,0.5,-0.866,Morning,0,1.0,0.7634,1.17,221.5,195.12
11:00:00 AM,22,36,8,3,29,76,Saturday,normal,11:00:00,11,136.0,0.4211,0.4737,0,1,0.2588,-0.9659,Morning,0,0.0811,0.7059,0.81,196.5,186.88
11:15:00 AM,22,63,5,8,23,99,Saturday,normal,11:15:00,11,158.5,0.3131,0.6364,0,1,0.2588,-0.9659,Morning,0,0.125,0.5868,0.94,136.0,178.12
11:30:00 AM,22,67,5,7,22,101,Saturday,normal,11:30:00,11,156.5,0.2871,0.6634,0,1,0.2588,-0.9659,Morning,0,0.1029,0.5559,0.93,158.5,161.88
11:45:00 AM,22,36,9,14,22,81,Saturday,normal,11:45:00,11,148.5,0.4444,0.4444,0,1,0.2588,-0.9659,Morning,0,0.3784,0.7273,0.88,156.5,149.88
12:00:00 PM,22,57,8,10,22,97,Saturday,normal,12:00:00,12,157.0,0.3299,0.5876,0,1,0.0,-1.0,Afternoon,0,0.1724,0.6115,0.93,148.5,155.12
12:15:00 PM,22,65,7,14,25,111,Saturday,normal,12:15:00,12,185.5,0.3514,0.5856,0,1,0.0,-1.0,Afternoon,0,0.2121,0.6307,1.1,157.0,161.88
12:30:00 PM,22,54,10,3,29,96,Saturday,normal,12:30:00,12,155.0,0.3333,0.5625,0,1,0.0,-1.0,Afternoon,0,0.0545,0.6194,0.92,185.5,161.5
12:45:00 PM,22,41,5,4,25,75,Saturday,normal,12:45:00,12,130.5,0.3867,0.5467,0,1,0.0,-1.0,Afternoon,0,0.0952,0.6667,0.78,155.0,157.0
1:00:00 PM,22,43,9,3,25,80,Saturday,normal,13:00:00,13,131.5,0.35,0.5375,0,1,-0.2588,-0.9659,Afternoon,0,0.0682,0.6388,0.78,130.5,150.62
1:15:00 PM,22,9,27,32,17,85,Saturday,normal,13:15:00,13,169.5,0.5765,0.1059,0,1,-0.2588,-0.9659,Afternoon,0,3.2,0.8673,1.01,131.5,146.62
1:30:00 PM,22,101,28,18,20,167,Saturday,normal,13:30:00,13,229.0,0.2275,0.6048,0,1,-0.2588,-0.9659,Afternoon,0,0.1765,0.4978,1.36,169.5,165.12
1:45:00 PM,22,99,16,16,18,149,Saturday,normal,13:45:00,13,209.0,0.2282,0.6644,0,1,-0.2588,-0.9659,Afternoon,0,0.16,0.488,1.24,229.0,184.75
2:00:00 PM,22,20,27,32,12,91,Saturday,normal,14:00:00,14,165.5,0.4835,0.2198,0,1,-0.5,-0.866,Afternoon,0,1.5238,0.7976,0.99,209.0,193.25
2:15:00 PM,22,96,16,39,17,168,Saturday,heavy,14:15:00,14,272.0,0.3333,0.5714,0,1,-0.5,-0.866,Afternoon,0,0.4021,0.6176,1.62,165.5,218.88
2:30:00 PM,22,62,28,18,20,128,Saturday,normal,14:30:00,14,190.0,0.2969,0.4844,0,1,-0.5,-0.866,Afternoon,0,0.2857,0.6,1.13,272.0,209.12
2:45:00 PM,22,58,27,17,5,107,Saturday,normal,14:45:00,14,137.5,0.2056,0.5421,0,1,-0.5,-0.866,Afternoon,0,0.2881,0.48,0.82,190.0,191.25
3:00:00 PM,22,60,18,28,12,118,Saturday,high,15:00:00,15,189.0,0.339,0.5085,0,1,-0.7071,-0.7071,Afternoon,0,0.459,0.6349,1.13,137.5,197.12
3:15:00 PM,22,81,26,13,17,137,Saturday,normal,15:15:00,15,184.0,0.219,0.5912,0,1,-0.7071,-0.7071,Afternoon,0,0.1585,0.4891,1.1,189.0,175.12
3:30:00 PM,22,118,15,27,13,173,Saturday,heavy,15:30:00,15,245.5,0.2312,0.6821,0,1,-0.7071,-0.7071,Afternoon,0,0.2269,0.4888,1.46,184.0,189.0
3:45:00 PM,22,53,12,25,20,110,Saturday,normal,15:45:00,15,194.0,0.4091,0.4818,0,1,-0.7071,-0.7071,Afternoon,0,0.463,0.6959,1.15,245.5,203.12
4:00:00 PM,22,132,12,27,9,180,Saturday,heavy,16:00:00,16,246.0,0.2,0.7333,1,1,-0.866,-0.5,Afternoon,0,0.203,0.439,1.46,194.0,217.38
4:15:00 PM,22,149,14,50,5,218,Saturday,heavy,16:15:00,16,321.0,0.2523,0.6835,1,1,-0.866,-0.5,Afternoon,0,0.3333,0.514,1.91,246.0,251.62
4:30:00 PM,22,106,35,41,5,187,Saturday,heavy,16:30:00,16,261.5,0.246,0.5668,1,1,-0.866,-0.5,Afternoon,0,0.3832,0.5277,1.56,321.0,255.62
4:45:00 PM,22,150,29,27,7,213,Saturday,heavy,16:45:00,16,266.5,0.1596,0.7042,1,1,-0.866,-0.5,Afternoon,0,0.1788,0.3827,1.59,261.5,273.75
5:00:00 PM,22,110,30,46,5,191,Saturday,heavy,17:00:00,17,278.0,0.267,0.5759,1,1,-0.9659,-0.2588,Evening,1,0.4144,0.5504,1.66,266.5,281.75
5:15:00 PM,22,129,35,34,5,203,Saturday,heavy,17:15:00,17,263.5,0.1921,0.6355,1,1,-0.9659,-0.2588,Evening,1,0.2615,0.444,1.57,278.0,267.38
5:30:00 PM,22,133,21,26,5,185,Saturday,heavy,17:30:00,17,236.5,0.1676,0.7189,1,1,-0.9659,-0.2588,Evening,1,0.194,0.3932,1.41,263.5,261.12
5:45:00 PM,22,148,34,45,7,234,Saturday,heavy,17:45:00,17,321.0,0.2222,0.6325,1,1,-0.9659,-0.2588,Evening,1,0.302,0.486,1.91,236.5,274.75
6:00:00 PM,22,144,39,43,8,234,Saturday,heavy,18:00:00,18,316.5,0.2179,0.6154,1,1,-1.0,-0.0,Evening,1,0.2966,0.4834,1.88,321.0,284.38
6:15:00 PM,22,126,27,44,8,205,Saturday,heavy,18:15:00,18,295.5,0.2537,0.6146,1,1,-1.0,-0.0,Evening,1,0.3465,0.5279,1.76,316.5,292.38
6:30:00 PM,22,103,34,49,5,191,Saturday,heavy,18:30:00,18,282.0,0.2827,0.5393,1,1,-1.0,-0.0,Evening,1,0.4712,0.5745,1.68,295.5,303.75
6:45:00 PM,22,96,7,13,30,146,Saturday,high,18:45:00,18,228.5,0.2945,0.6575,1,1,-1.0,-0.0,Evening,1,0.134,0.5646,1.36,282.0,280.62
7:00:00 PM,22,54,17,17,19,107,Saturday,normal,19:00:00,19,170.5,0.3364,0.5047,0,1,-0.9659,0.2588,Evening,1,0.3091,0.6334,1.02,228.5,244.12
7:15:00 PM,22,98,16,17,15,146,Saturday,normal,19:15:00,19,202.0,0.2192,0.6712,0,1,-0.9659,0.2588,Evening,1,0.1717,0.4752,1.2,170.5,220.75
7:30:00 PM,22,72,6,19,8,105,Saturday,normal,19:30:00,19,156.0,0.2571,0.6857,0,1,-0.9659,0.2588,Evening,1,0.2603,0.5192,0.93,202.0,189.25
7:45:00 PM,22,69,23,12,31,135,Saturday,high,19:45:00,19,209.5,0.3185,0.5111,0,1,-0.9659,0.2588,Evening,1,0.1714,0.6158,1.25,156.0,184.5
8:00:00 PM,22,85,13,16,24,138,Saturday,high,20:00:00,20,211.5,0.2899,0.6159,0,1,-0.866,0.5,Evening,0,0.186,0.5674,1.26,209.5,194.75
8:15:00 PM,22,102,22,12,9,145,Saturday,normal,20:15:00,20,176.0,0.1448,0.7034,0,1,-0.866,0.5,Evening,0,0.1165,0.358,1.05,211.5,188.25
8:30:00 PM,22,103,14,20,14,151,Saturday,normal,20:30:00,20,212.0,0.2252,0.6821,0,1,-0.866,0.5,Evening,0,0.1923,0.4811,1.26,176.0,202.25
8:45:00 PM,22,80,12,10,22,124,Saturday,high,20:45:00,20,182.0,0.2581,0.6452,0,1,-0.866,0.5,Evening,0,0.1235,0.5275,1.08,212.0,195.38
9:00:00 PM,22,63,18,11,5,97,Saturday,low,21:00:00,21,120.0,0.1649,0.6495,0,1,-0.7071,0.7071,Evening,0,0.1719,0.4,0.71,182.0,172.5
9:15:00 PM,22,84,21,13,9,127,Saturday,normal,21:15:00,21,160.5,0.1732,0.6614,0,1,-0.7071,0.7071,Evening,0,0.1529,0.4112,0.96,120.0,168.62
9:30:00 PM,22,72,10,10,29,121,Saturday,high,21:30:00,21,194.0,0.3223,0.595,0,1,-0.7071,0.7071,Evening,0,0.137,0.6031,1.15,160.5,164.12
9:45:00 PM,22,79,22,17,13,131,Saturday,normal,21:45:00,21,180.0,0.229,0.6031,0,1,-0.7071,0.7071,Evening,0,0.2125,0.5,1.07,194.0,163.62
10:00:00 PM,22,12,5,0,27,44,Saturday,normal,22:00:00,22,95.5,0.6136,0.2727,0,1,-0.5,0.866,Night,0,0.0,0.8482,0.57,180.0,157.5
10:15:00 PM,22,19,1,1,38,59,Saturday,normal,22:15:00,22,136.5,0.661,0.322,0,1,-0.5,0.866,Night,0,0.05,0.8571,0.81,95.5,151.5
10:30:00 PM,22,14,3,0,33,50,Saturday,normal,22:30:00,22,114.5,0.66,0.28,0,1,-0.5,0.866,Night,0,0.0,0.8646,0.68,136.5,131.62
10:45:00 PM,22,16,3,1,37,57,Saturday,normal,22:45:00,22,131.5,0.6667,0.2807,0,1,-0.5,0.866,Night,0,0.0588,0.8669,0.78,114.5,119.5
11:00:00 PM,22,14,5,0,37,56,Saturday,normal,23:00:00,23,127.5,0.6607,0.25,0,1,-0.2588,0.9659,Night,0,0.0,0.8706,0.76,131.5,127.5
11:15:00 PM,22,11,2,1,20,34,Saturday,normal,23:15:00,23,75.0,0.6176,0.3235,0,1,-0.2588,0.9659,Night,0,0.0833,0.84,0.45,127.5,112.12
11:30:00 PM,22,20,3,0,25,48,Saturday,normal,23:30:00,23,96.5,0.5208,0.4167,0,1,-0.2588,0.9659,Night,0,0.0,0.7772,0.57,75.0,107.62
11:45:00 PM,22,20,0,1,30,51,Saturday,normal,23:45:00,23,113.0,0.6078,0.3922,0,1,-0.2588,0.9659,Night,0,0.0476,0.823,0.67,96.5,103.0
12:00:00 AM,23,13,2,1,17,33,Monday,normal,00:00:00,0,68.0,0.5455,0.3939,0,0,0.0,1.0,Night,0,0.0714,0.7941,0.4,68.0,68.0
12:15:00 AM,23,20,1,1,19,41,Monday,normal,00:15:00,0,80.5,0.4878,0.4878,0,0,0.0,1.0,Night,0,0.0476,0.7453,0.48,68.0,74.25
12:30:00 AM,23,10,2,1,12,25,Monday,low,00:30:00,0,50.0,0.52,0.4,0,0,0.0,1.0,Night,0,0.0909,0.78,0.3,80.5,66.17
12:45:00 AM,23,14,2,0,25,41,Monday,normal,00:45:00,0,90.0,0.6098,0.3415,0,0,0.0,1.0,Night,0,0.0,0.8333,0.54,50.0,72.12
1:00:00 AM,23,12,0,1,16,29,Monday,normal,01:00:00,1,63.0,0.5862,0.4138,0,0,0.2588,0.9659,Night,0,0.0769,0.8095,0.38,90.0,70.88
1:15:00 AM,23,11,5,1,31,48,Monday,normal,01:15:00,1,109.5,0.6667,0.2292,0,0,0.2588,0.9659,Night,0,0.0833,0.8767,0.65,63.0,78.12
1:30:00 AM,23,13,1,1,16,31,Monday,normal,01:30:00,1,64.5,0.5484,0.4194,0,0,0.2588,0.9659,Night,0,0.0714,0.7907,0.38,109.5,81.75
1:45:00 AM,23,17,3,0,10,30,Monday,low,01:45:00,1,48.5,0.3333,0.5667,0,0,0.2588,0.9659,Night,0,0.0,0.6186,0.29,64.5,71.38
2:00:00 AM,23,11,1,0,22,34,Monday,normal,02:00:00,2,77.5,0.6471,0.3235,0,0,0.5,0.866,Night,0,0.0,0.8516,0.46,48.5,75.0
2:15:00 AM,23,10,4,1,16,31,Monday,normal,02:15:00,2,63.0,0.5484,0.3226,0,0,0.5,0.866,Night,0,0.0909,0.8095,0.38,77.5,63.38
2:30:00 AM,23,15,3,1,32,51,Monday,normal,02:30:00,2,115.5,0.6471,0.2941,0,0,0.5,0.866,Night,0,0.0625,0.8571,0.69,63.0,76.12
2:45:00 AM,23,10,0,0,22,32,Monday,normal,02:45:00,2,76.0,0.6875,0.3125,0,0,0.5,0.866,Night,0,0.0,0.8684,0.45,115.5,83.0
3:00:00 AM,23,20,1,1,16,38,Monday,normal,03:00:00,3,71.5,0.4474,0.5263,0,0,0.7071,0.7071,Night,0,0.0476,0.7133,0.43,76.0,81.5
3:15:00 AM,23,16,1,1,15,33,Monday,normal,03:15:00,3,64.5,0.4848,0.4848,0,0,0.7071,0.7071,Night,0,0.0588,0.7442,0.38,71.5,81.88
3:30:00 AM,23,14,4,1,32,51,Monday,normal,03:30:00,3,115.0,0.6471,0.2745,0,0,0.7071,0.7071,Night,0,0.0667,0.8609,0.68,64.5,81.75
3:45:00 AM,23,16,1,1,37,55,Monday,normal,03:45:00,3,130.5,0.6909,0.2909,0,0,0.7071,0.7071,Night,0,0.0588,0.8736,0.78,115.0,95.38
4:00:00 AM,23,10,2,1,36,49,Monday,normal,04:00:00,4,122.0,0.7551,0.2041,0,0,0.866,0.5,Night,0,0.0909,0.9098,0.73,130.5,108.0
4:15:00 AM,23,96,18,7,2,123,Monday,normal,04:15:00,4,132.0,0.0732,0.7805,0,0,0.866,0.5,Night,0,0.0722,0.2045,0.79,122.0,124.88
4:30:00 AM,23,51,14,0,5,70,Monday,low,04:30:00,4,73.0,0.0714,0.7286,0,0,0.866,0.5,Night,0,0.0,0.2055,0.43,132.0,114.38
4:45:00 AM,23,63,25,2,8,98,Monday,low,04:45:00,4,105.5,0.102,0.6429,0,0,0.866,0.5,Night,0,0.0312,0.2844,0.63,73.0,108.12
5:00:00 AM,23,72,7,1,4,84,Monday,low,05:00:00,5,90.5,0.0595,0.8571,0,0,0.9659,0.2588,Morning,0,0.0137,0.1657,0.54,105.5,100.25
5:15:00 AM,23,86,18,6,1,111,Monday,low,05:15:00,5,116.0,0.0631,0.7748,0,0,0.9659,0.2588,Morning,0,0.069,0.181,0.69,90.5,96.25
5:30:00 AM,23,105,4,4,20,133,Monday,normal,05:30:00,5,179.0,0.1805,0.7895,0,0,0.9659,0.2588,Morning,0,0.0377,0.4022,1.07,116.0,122.75
5:45:00 AM,23,117,10,10,18,155,Monday,normal,05:45:00,5,206.0,0.1806,0.7548,0,0,0.9659,0.2588,Morning,0,0.0847,0.4078,1.23,179.0,147.88
6:00:00 AM,23,120,36,32,0,188,Monday,heavy,06:00:00,6,234.0,0.1702,0.6383,1,0,1.0,0.0,Morning,0,0.2645,0.4103,1.39,206.0,183.75
6:15:00 AM,23,135,20,31,0,186,Monday,heavy,06:15:00,6,238.0,0.1667,0.7258,1,0,1.0,0.0,Morning,0,0.2279,0.3908,1.42,234.0,214.25
6:30:00 AM,23,112,40,42,3,197,Monday,heavy,06:30:00,6,267.0,0.2284,0.5685,1,0,1.0,0.0,Morning,0,0.3717,0.5056,1.59,238.0,236.25
6:45:00 AM,23,135,13,20,3,171,Monday,heavy,06:45:00,6,210.5,0.1345,0.7895,1,0,1.0,0.0,Morning,0,0.1471,0.3278,1.25,267.0,237.38
7:00:00 AM,23,105,35,24,2,166,Monday,normal,07:00:00,7,200.5,0.1566,0.6325,1,0,0.9659,-0.2588,Morning,0,0.2264,0.389,1.19,210.5,229.0
7:15:00 AM,23,150,25,36,0,211,Monday,heavy,07:15:00,7,270.5,0.1706,0.7109,1,0,0.9659,-0.2588,Morning,0,0.2384,0.3993,1.61,200.5,237.12
7:30:00 AM,23,108,27,23,2,160,Monday,normal,07:30:00,7,196.5,0.1562,0.675,1,0,0.9659,-0.2588,Morning,0,0.211,0.3817,1.17,270.5,219.5
7:45:00 AM,23,108,40,45,1,194,Monday,heavy,07:45:00,7,266.0,0.2371,0.5567,1,0,0.9659,-0.2588,Morning,0,0.4128,0.5188,1.58,196.5,233.38
8:00:00 AM,23,118,19,21,1,159,Monday,normal,08:00:00,8,193.5,0.1384,0.7421,1,0,0.866,-0.5,Morning,1,0.1765,0.3411,1.15,266.0,231.62
8:15:00 AM,23,131,18,41,1,191,Monday,heavy,08:15:00,8,266.0,0.2199,0.6859,1,0,0.866,-0.5,Morning,1,0.3106,0.4737,1.58,193.5,230.5
8:30:00 AM,23,148,31,20,4,203,Monday,heavy,08:30:00,8,235.5,0.1182,0.7291,1,0,0.866,-0.5,Morning,1,0.1342,0.3057,1.4,266.0,240.25
8:45:00 AM,23,120,26,22,1,169,Monday,heavy,08:45:00,8,202.0,0.1361,0.7101,1,0,0.866,-0.5,Morning,1,0.1818,0.3416,1.2,235.5,224.25
9:00:00 AM,23,147,12,32,0,191,Monday,heavy,09:00:00,9,249.0,0.1675,0.7696,0,0,0.7071,-0.7071,Morning,1,0.2162,0.3855,1.48,202.0,238.12
9:15:00 AM,23,73,9,35,12,129,Monday,high,09:15:00,9,218.5,0.3643,0.5659,0,0,0.7071,-0.7071,Morning,1,0.473,0.6453,1.3,249.0,226.25
9:30:00 AM,23,93,21,22,29,165,Monday,high,09:30:00,9,256.5,0.3091,0.5636,0,0,0.7071,-0.7071,Morning,1,0.234,0.5965,1.53,218.5,231.5
9:45:00 AM,23,66,2,10,28,106,Monday,normal,09:45:00,9,181.0,0.3585,0.6226,0,0,0.7071,-0.7071,Morning,1,0.1493,0.6298,1.08,256.5,226.25
10:00:00 AM,23,18,6,6,6,36,Monday,low,10:00:00,10,57.0,0.3333,0.5,0,0,0.5,-0.866,Morning,0,0.3158,0.6316,0.34,181.0,178.25
10:15:00 AM,23,78,1,16,30,125,Monday,high,10:15:00,10,216.5,0.368,0.624,0,0,0.5,-0.866,Morning,0,0.2025,0.6374,1.29,57.0,177.75
10:30:00 AM,23,69,15,24,20,128,Monday,normal,10:30:00,10,208.5,0.3438,0.5391,0,0,0.5,-0.866,Morning,0,0.3429,0.6331,1.24,216.5,165.75
10:45:00 AM,23,82,2,40,17,141,Monday,high,10:45:00,10,254.0,0.4043,0.5816,0,0,0.5,-0.866,Morning,0,0.4819,0.6732,1.51,208.5,184.0
11:00:00 AM,23,57,9,5,23,94,Monday,normal,11:00:00,11,145.5,0.2979,0.6064,0,0,0.2588,-0.9659,Morning,0,0.0862,0.5773,0.87,254.0,206.12
11:15:00 AM,23,25,5,14,26,70,Monday,normal,11:15:00,11,147.5,0.5714,0.3571,0,0,0.2588,-0.9659,Morning,0,0.5385,0.8136,0.88,145.5,188.88
11:30:00 AM,23,40,9,15,28,92,Monday,normal,11:30:00,11,173.5,0.4674,0.4348,0,0,0.2588,-0.9659,Morning,0,0.3659,0.7435,1.03,147.5,180.12
11:45:00 AM,23,52,6,13,21,92,Monday,normal,11:45:00,11,157.0,0.3696,0.5652,0,0,0.2588,-0.9659,Morning,0,0.2453,0.6497,0.93,173.5,155.88
12:00:00 PM,23,45,8,13,29,95,Monday,normal,12:00:00,12,175.0,0.4421,0.4737,0,0,0.0,-1.0,Afternoon,0,0.2826,0.72,1.04,157.0,163.25
12:15:00 PM,23,67,10,7,25,109,Monday,normal,12:15:00,12,168.0,0.2936,0.6147,0,0,0.0,-1.0,Afternoon,0,0.1029,0.5714,1.0,175.0,168.38
12:30:00 PM,23,20,8,14,30,72,Monday,normal,12:30:00,12,156.0,0.6111,0.2778,0,0,0.0,-1.0,Afternoon,0,0.6667,0.8462,0.93,168.0,164.0
12:45:00 PM,23,44,8,4,29,85,Monday,normal,12:45:00,12,147.0,0.3882,0.5176,0,0,0.0,-1.0,Afternoon,0,0.0889,0.6735,0.88,156.0,161.5
1:00:00 PM,23,63,5,8,29,105,Monday,normal,13:00:00,13,176.5,0.3524,0.6,0,0,-0.2588,-0.9659,Afternoon,0,0.125,0.6289,1.05,147.0,161.88
1:15:00 PM,23,119,15,20,13,167,Monday,normal,13:15:00,13,225.5,0.1976,0.7126,0,0,-0.2588,-0.9659,Afternoon,0,0.1667,0.439,1.34,176.5,176.25
1:30:00 PM,23,103,10,23,7,143,Monday,normal,13:30:00,13,198.0,0.2098,0.7203,0,0,-0.2588,-0.9659,Afternoon,0,0.2212,0.4545,1.18,225.5,186.75
1:45:00 PM,23,42,14,15,14,85,Monday,normal,13:45:00,13,136.0,0.3412,0.4941,0,0,-0.2588,-0.9659,Afternoon,0,0.3488,0.6397,0.81,198.0,184.0
2:00:00 PM,23,67,20,24,12,123,Monday,normal,14:00:00,14,185.0,0.2927,0.5447,0,0,-0.5,-0.866,Afternoon,0,0.3529,0.5838,1.1,136.0,186.12
2:15:00 PM,23,56,18,29,17,120,Monday,high,14:15:00,14,203.0,0.3833,0.4667,0,0,-0.5,-0.866,Afternoon,0,0.5088,0.6798,1.21,185.0,180.5
2:30:00 PM,23,65,16,32,15,128,Monday,high,14:30:00,14,214.0,0.3672,0.5078,0,0,-0.5,-0.866,Afternoon,0,0.4848,0.6589,1.27,203.0,184.5
2:45:00 PM,23,107,11,26,19,163,Monday,high,14:45:00,14,247.5,0.2761,0.6564,0,0,-0.5,-0.866,Afternoon,0,0.2407,0.5455,1.47,214.0,212.38
3:00:00 PM,23,11,18,22,10,61,Monday,normal,15:00:00,15,116.0,0.5246,0.1803,0,0,-0.7071,-0.7071,Afternoon,0,1.8333,0.8276,0.69,247.5,195.12
3:15:00 PM,23,28,15,27,12,82,Monday,normal,15:15:00,15,152.5,0.4756,0.3415,0,0,-0.7071,-0.7071,Afternoon,0,0.931,0.7672,0.91,116.0,182.5
3:30:00 PM,23,45,17,7,6,75,Monday,low,15:30:00,15,92.5,0.1733,0.6,0,0,-0.7071,-0.7071,Afternoon,0,0.1522,0.4216,0.55,152.5,152.12
3:45:00 PM,23,66,12,27,6,111,Monday,normal,15:45:00,15,171.0,0.2973,0.5946,0,0,-0.7071,-0.7071,Afternoon,0,0.403,0.5789,1.02,92.5,133.0
4:00:00 PM,23,104,40,22,9,175,Monday,heavy,16:00:00,16,217.0,0.1771,0.5943,1,0,-0.866,-0.5,Afternoon,0,0.2095,0.4286,1.29,171.0,158.25
4:15:00 PM,23,113,21,26,5,165,Monday,high,16:15:00,16,216.5,0.1879,0.6848,1,0,-0.866,-0.5,Afternoon,0,0.2281,0.4296,1.29,217.0,174.25
4:30:00 PM,23,120,29,37,6,192,Monday,heavy,16:30:00,16,263.5,0.224,0.625,1,0,-0.866,-0.5,Afternoon,0,0.3058,0.4896,1.57,216.5,217.0
4:45:00 PM,23,129,10,39,6,184,Monday,heavy,16:45:00,16,269.0,0.2446,0.7011,1,0,-0.866,-0.5,Afternoon,0,0.3,0.5019,1.6,263.5,241.5
5:00:00 PM,23,119,29,40,10,198,Monday,heavy,17:00:00,17,283.5,0.2525,0.601,1,0,-0.9659,-0.2588,Evening,1,0.3333,0.5291,1.69,269.0,258.12
5:15:00 PM,23,119,25,32,9,185,Monday,heavy,17:15:00,17,254.5,0.2216,0.6432,1,0,-0.9659,-0.2588,Evening,1,0.2667,0.4833,1.52,283.5,267.62
5:30:00 PM,23,123,10,30,7,170,Monday,heavy,17:30:00,17,239.0,0.2176,0.7235,1,0,-0.9659,-0.2588,Evening,1,0.2419,0.4644,1.42,254.5,261.5
5:45:00 PM,23,111,33,28,5,177,Monday,heavy,17:45:00,17,226.5,0.1864,0.6271,1,0,-0.9659,-0.2588,Evening,1,0.25,0.4371,1.35,239.0,250.88
6:00:00 PM,23,110,12,47,8,177,Monday,heavy,18:00:00,18,281.0,0.3107,0.6215,1,0,-1.0,-0.0,Evening,1,0.4234,0.5872,1.67,226.5,250.25
6:15:00 PM,23,139,15,43,9,206,Monday,heavy,18:15:00,18,302.5,0.2524,0.6748,1,0,-1.0,-0.0,Evening,1,0.3071,0.5157,1.8,281.0,262.25
6:30:00 PM,23,132,29,25,7,193,Monday,heavy,18:30:00,18,242.5,0.1658,0.6839,1,0,-1.0,-0.0,Evening,1,0.188,0.3959,1.44,302.5,263.12
6:45:00 PM,23,51,8,18,18,95,Monday,normal,18:45:00,18,163.0,0.3789,0.5368,1,0,-1.0,-0.0,Evening,1,0.3462,0.6626,0.97,242.5,247.25
7:00:00 PM,23,76,5,14,20,115,Monday,normal,19:00:00,19,180.5,0.2957,0.6609,0,0,-0.9659,0.2588,Evening,1,0.1818,0.5651,1.07,163.0,222.12
7:15:00 PM,23,53,15,13,23,104,Monday,normal,19:15:00,19,168.5,0.3462,0.5096,0,0,-0.9659,0.2588,Evening,1,0.2407,0.6409,1.0,180.5,188.62
7:30:00 PM,23,50,25,19,9,103,Monday,normal,19:30:00,19,146.5,0.2718,0.4854,0,0,-0.9659,0.2588,Evening,1,0.3725,0.5734,0.87,168.5,164.62
7:45:00 PM,23,86,24,20,34,164,Monday,high,19:45:00,19,260.0,0.3293,0.5244,0,0,-0.9659,0.2588,Evening,1,0.2299,0.6231,1.55,146.5,188.88
8:00:00 PM,23,67,23,14,13,117,Monday,normal,20:00:00,20,159.5,0.2308,0.5726,0,0,-0.866,0.5,Evening,0,0.2059,0.5078,0.95,260.0,183.62
8:15:00 PM,23,54,9,15,7,85,Monday,low,20:15:00,20,124.5,0.2588,0.6353,0,0,-0.866,0.5,Evening,0,0.2727,0.5301,0.74,159.5,172.62
8:30:00 PM,23,59,12,16,35,122,Monday,high,20:30:00,20,218.0,0.418,0.4836,0,0,-0.866,0.5,Evening,0,0.2667,0.7018,1.3,124.5,190.5
8:45:00 PM,23,109,25,15,5,154,Monday,normal,20:45:00,20,181.5,0.1299,0.7078,0,0,-0.866,0.5,Evening,0,0.1364,0.3306,1.08,218.0,170.88
9:00:00 PM,23,73,18,10,35,136,Monday,high,21:00:00,21,217.0,0.3309,0.5368,0,0,-0.7071,0.7071,Evening,0,0.1351,0.6221,1.29,181.5,185.25
9:15:00 PM,23,65,24,14,19,122,Monday,normal,21:15:00,21,176.0,0.2705,0.5328,0,0,-0.7071,0.7071,Evening,0,0.2121,0.5625,1.05,217.0,198.12
9:30:00 PM,23,94,10,11,22,137,Monday,high,21:30:00,21,198.0,0.2409,0.6861,0,0,-0.7071,0.7071,Evening,0,0.1158,0.5,1.18,176.0,193.12
9:45:00 PM,23,106,9,12,31,158,Monday,high,21:45:00,21,239.5,0.2722,0.6709,0,0,-0.7071,0.7071,Evening,0,0.1121,0.5386,1.43,198.0,207.62
10:00:00 PM,23,18,3,0,11,32,Monday,low,22:00:00,22,52.5,0.3438,0.5625,0,0,-0.5,0.866,Night,0,0.0,0.6286,0.31,239.5,166.5
10:15:00 PM,23,17,1,1,36,55,Monday,normal,22:15:00,22,128.5,0.6727,0.3091,0,0,-0.5,0.866,Night,0,0.0556,0.8638,0.77,52.5,154.62
10:30:00 PM,23,12,0,0,22,34,Monday,normal,22:30:00,22,78.0,0.6471,0.3529,0,0,-0.5,0.866,Night,0,0.0,0.8462,0.46,128.5,124.62
10:45:00 PM,23,11,1,0,19,31,Monday,normal,22:45:00,22,68.5,0.6129,0.3548,0,0,-0.5,0.866,Night,0,0.0,0.8321,0.41,78.0,81.88
11:00:00 PM,23,16,1,0,32,49,Monday,normal,23:00:00,23,112.5,0.6531,0.3265,0,0,-0.2588,0.9659,Night,0,0.0,0.8533,0.67,68.5,96.88
11:15:00 PM,23,12,3,1,13,29,Monday,normal,23:15:00,23,55.5,0.4828,0.4138,0,0,-0.2588,0.9659,Night,0,0.0769,0.7568,0.33,112.5,78.62
11:30:00 PM,23,14,4,1,27,46,Monday,normal,23:30:00,23,100.0,0.6087,0.3043,0,0,-0.2588,0.9659,Night,0,0.0667,0.84,0.6,55.5,84.12
11:45:00 PM,23,11,3,1,37,52,Monday,normal,23:45:00,23,126.5,0.7308,0.2115,0,0,-0.2588,0.9659,Night,0,0.0833,0.9012,0.75,100.0,98.62
12:00:00 AM,24,17,2,0,18,37,Tuesday,normal,00:00:00,0,72.0,0.4865,0.4595,0,0,0.0,1.0,Night,0,0.0,0.75,0.43,72.0,72.0
12:15:00 AM,24,18,4,1,39,62,Tuesday,normal,00:15:00,0,140.0,0.6452,0.2903,0,0,0.0,1.0,Night,0,0.0526,0.8571,0.83,72.0,106.0
12:30:00 AM,24,20,4,0,32,56,Tuesday,normal,00:30:00,0,118.0,0.5714,0.3571,0,0,0.0,1.0,Night,0,0.0,0.8136,0.7,140.0,110.0
12:45:00 AM,24,15,0,0,28,43,Tuesday,normal,00:45:00,0,99.0,0.6512,0.3488,0,0,0.0,1.0,Night,0,0.0,0.8485,0.59,118.0,107.25
1:00:00 AM,24,11,4,0,12,27,Tuesday,low,01:00:00,1,49.0,0.4444,0.4074,0,0,0.2588,0.9659,Night,0,0.0,0.7347,0.29,99.0,101.5
1:15:00 AM,24,19,5,1,35,60,Tuesday,normal,01:15:00,1,129.5,0.6,0.3167,0,0,0.2588,0.9659,Night,0,0.05,0.834,0.77,49.0,98.88
1:30:00 AM,24,15,0,1,26,42,Tuesday,normal,01:30:00,1,96.0,0.6429,0.3571,0,0,0.2588,0.9659,Night,0,0.0625,0.8437,0.57,129.5,93.38
1:45:00 AM,24,11,4,0,31,46,Tuesday,normal,01:45:00,1,106.0,0.6739,0.2391,0,0,0.2588,0.9659,Night,0,0.0,0.8774,0.63,96.0,95.12
2:00:00 AM,24,19,2,1,33,55,Tuesday,normal,02:00:00,2,122.0,0.6182,0.3455,0,0,0.5,0.866,Night,0,0.05,0.8361,0.73,106.0,113.38
2:15:00 AM,24,12,4,1,29,46,Tuesday,normal,02:15:00,2,104.0,0.6522,0.2609,0,0,0.5,0.866,Night,0,0.0769,0.8654,0.62,122.0,107.0
2:30:00 AM,24,15,5,1,16,37,Tuesday,normal,02:30:00,2,68.5,0.4595,0.4054,0,0,0.5,0.866,Night,0,0.0625,0.7445,0.41,104.0,100.12
2:45:00 AM,24,14,4,1,21,40,Tuesday,normal,02:45:00,2,82.0,0.55,0.35,0,0,0.5,0.866,Night,0,0.0667,0.8049,0.49,68.5,94.12
3:00:00 AM,24,19,4,1,17,41,Tuesday,normal,03:00:00,3,75.0,0.439,0.4634,0,0,0.7071,0.7071,Night,0,0.05,0.72,0.45,82.0,82.38
3:15:00 AM,24,10,2,1,12,25,Tuesday,low,03:15:00,3,50.0,0.52,0.4,0,0,0.7071,0.7071,Night,0,0.0909,0.78,0.3,75.0,68.88
3:30:00 AM,24,10,0,0,11,21,Tuesday,low,03:30:00,3,43.0,0.5238,0.4762,0,0,0.7071,0.7071,Night,0,0.0,0.7674,0.26,50.0,62.5
3:45:00 AM,24,20,4,1,33,58,Tuesday,normal,03:45:00,3,124.0,0.5862,0.3448,0,0,0.7071,0.7071,Night,0,0.0476,0.8226,0.74,43.0,73.0
4:00:00 AM,24,10,1,0,12,23,Tuesday,low,04:00:00,4,46.5,0.5217,0.4348,0,0,0.866,0.5,Night,0,0.0,0.7742,0.28,124.0,65.88
4:15:00 AM,24,73,12,5,5,95,Tuesday,low,04:15:00,4,109.0,0.1053,0.7684,0,0,0.866,0.5,Night,0,0.0676,0.2752,0.65,46.5,80.62
4:30:00 AM,24,95,15,4,19,133,Tuesday,normal,04:30:00,4,171.5,0.1729,0.7143,0,0,0.866,0.5,Night,0,0.0417,0.4023,1.02,109.0,112.75
4:45:00 AM,24,81,19,3,13,116,Tuesday,normal,04:45:00,4,138.5,0.1379,0.6983,0,0,0.866,0.5,Night,0,0.0366,0.3466,0.82,171.5,116.38
5:00:00 AM,24,119,25,10,9,163,Tuesday,normal,05:00:00,5,188.5,0.1166,0.7301,0,0,0.9659,0.2588,Morning,0,0.0833,0.3024,1.12,138.5,151.88
5:15:00 AM,24,80,10,4,15,109,Tuesday,normal,05:15:00,5,142.0,0.1743,0.7339,0,0,0.9659,0.2588,Morning,0,0.0494,0.4014,0.85,188.5,160.12
5:30:00 AM,24,102,24,3,16,145,Tuesday,normal,05:30:00,5,171.0,0.131,0.7034,0,0,0.9659,0.2588,Morning,0,0.0291,0.3333,1.02,142.0,160.0
5:45:00 AM,24,68,17,6,10,101,Tuesday,low,05:45:00,5,124.5,0.1584,0.6733,0,0,0.9659,0.2588,Morning,0,0.087,0.3855,0.74,171.0,156.5
6:00:00 AM,24,109,40,38,0,187,Tuesday,heavy,06:00:00,6,243.0,0.2032,0.5829,1,0,1.0,0.0,Morning,0,0.3455,0.4691,1.45,124.5,170.12
6:15:00 AM,24,124,25,31,1,181,Tuesday,heavy,06:15:00,6,232.5,0.1768,0.6851,1,0,1.0,0.0,Morning,0,0.248,0.4129,1.38,243.0,192.75
6:30:00 AM,24,126,22,21,1,170,Tuesday,heavy,06:30:00,6,203.0,0.1294,0.7412,1,0,1.0,0.0,Morning,0,0.1654,0.3251,1.21,232.5,200.75
6:45:00 AM,24,120,31,29,5,185,Tuesday,heavy,06:45:00,6,237.5,0.1838,0.6486,1,0,1.0,0.0,Morning,0,0.2397,0.4295,1.41,203.0,229.0
7:00:00 AM,24,101,20,47,5,173,Tuesday,heavy,07:00:00,7,267.0,0.3006,0.5838,1,0,0.9659,-0.2588,Morning,0,0.4608,0.5843,1.59,237.5,235.0
7:15:00 AM,24,139,40,48,2,229,Tuesday,heavy,07:15:00,7,309.0,0.2183,0.607,1,0,0.9659,-0.2588,Morning,0,0.3429,0.4854,1.84,267.0,254.12
7:30:00 AM,24,116,23,23,4,166,Tuesday,normal,07:30:00,7,208.5,0.1627,0.6988,1,0,0.9659,-0.2588,Morning,0,0.1966,0.3885,1.24,309.0,255.5
7:45:00 AM,24,101,14,24,0,139,Tuesday,normal,07:45:00,7,180.0,0.1727,0.7266,1,0,0.9659,-0.2588,Morning,0,0.2353,0.4,1.07,208.5,241.12
8:00:00 AM,24,137,40,21,5,203,Tuesday,heavy,08:00:00,8,235.0,0.1281,0.6749,1,0,0.866,-0.5,Morning,1,0.1522,0.3319,1.4,180.0,233.12
8:15:00 AM,24,131,26,36,0,193,Tuesday,heavy,08:15:00,8,252.0,0.1865,0.6788,1,0,0.866,-0.5,Morning,1,0.2727,0.4286,1.5,235.0,218.88
8:30:00 AM,24,114,27,45,4,190,Tuesday,heavy,08:30:00,8,274.5,0.2579,0.6,1,0,0.866,-0.5,Morning,1,0.3913,0.5355,1.63,252.0,235.38
8:45:00 AM,24,102,14,46,1,163,Tuesday,high,08:45:00,8,250.0,0.2883,0.6258,1,0,0.866,-0.5,Morning,1,0.4466,0.564,1.49,274.5,252.88
9:00:00 AM,24,116,24,32,5,177,Tuesday,heavy,09:00:00,9,239.0,0.209,0.6554,0,0,0.7071,-0.7071,Morning,1,0.2735,0.4644,1.42,250.0,253.88
9:15:00 AM,24,29,10,21,12,72,Tuesday,normal,09:15:00,9,133.0,0.4583,0.4028,0,0,0.7071,-0.7071,Morning,1,0.7,0.7444,0.79,239.0,224.12
9:30:00 AM,24,41,12,15,10,78,Tuesday,low,09:30:00,9,122.0,0.3205,0.5256,0,0,0.7071,-0.7071,Morning,1,0.3571,0.6148,0.73,133.0,186.0
9:45:00 AM,24,41,9,7,27,84,Tuesday,normal,09:45:00,9,147.5,0.4048,0.4881,0,0,0.7071,-0.7071,Morning,1,0.1667,0.6915,0.88,122.0,160.38
10:00:00 AM,24,90,25,26,10,151,Tuesday,high,10:00:00,10,210.5,0.2384,0.596,0,0,0.5,-0.866,Morning,0,0.2857,0.5131,1.25,147.5,153.25
10:15:00 AM,24,64,25,17,20,126,Tuesday,normal,10:15:00,10,187.5,0.2937,0.5079,0,0,0.5,-0.866,Morning,0,0.2615,0.592,1.12,210.5,166.88
10:30:00 AM,24,64,10,17,23,114,Tuesday,high,10:30:00,10,189.0,0.3509,0.5614,0,0,0.5,-0.866,Morning,0,0.2615,0.6349,1.13,187.5,183.62
10:45:00 AM,24,69,17,5,28,119,Tuesday,high,10:45:00,10,176.5,0.2773,0.5798,0,0,0.5,-0.866,Morning,0,0.0714,0.5609,1.05,189.0,190.88
11:00:00 AM,24,59,9,9,21,98,Tuesday,normal,11:00:00,11,153.5,0.3061,0.602,0,0,0.2588,-0.9659,Morning,0,0.15,0.5863,0.91,176.5,176.62
11:15:00 AM,24,44,10,12,29,95,Tuesday,normal,11:15:00,11,172.0,0.4316,0.4632,0,0,0.2588,-0.9659,Morning,0,0.2667,0.7151,1.02,153.5,172.75
11:30:00 AM,24,43,5,6,26,80,Tuesday,normal,11:30:00,11,141.5,0.4,0.5375,0,0,0.2588,-0.9659,Morning,0,0.1364,0.6784,0.84,172.0,160.88
11:45:00 AM,24,65,7,10,21,103,Tuesday,normal,11:45:00,11,161.5,0.301,0.6311,0,0,0.2588,-0.9659,Morning,0,0.1515,0.5759,0.96,141.5,157.12
12:00:00 PM,24,29,5,12,21,67,Tuesday,normal,12:00:00,12,130.5,0.4925,0.4328,0,0,0.0,-1.0,Afternoon,0,0.4,0.7586,0.78,161.5,151.38
12:15:00 PM,24,24,9,8,20,61,Tuesday,normal,12:15:00,12,112.5,0.459,0.3934,0,0,0.0,-1.0,Afternoon,0,0.32,0.7467,0.67,130.5,136.5
12:30:00 PM,24,44,6,4,26,80,Tuesday,normal,12:30:00,12,137.0,0.375,0.55,0,0,0.0,-1.0,Afternoon,0,0.0889,0.6569,0.82,112.5,135.38
12:45:00 PM,24,35,10,12,24,81,Tuesday,normal,12:45:00,12,148.0,0.4444,0.4321,0,0,0.0,-1.0,Afternoon,0,0.3333,0.7297,0.88,137.0,132.0
1:00:00 PM,24,43,10,15,21,89,Tuesday,normal,13:00:00,13,156.0,0.4045,0.4831,0,0,-0.2588,-0.9659,Afternoon,0,0.3409,0.6923,0.93,148.0,138.38
1:15:00 PM,24,45,17,24,11,97,Tuesday,normal,13:15:00,13,158.5,0.3608,0.4639,0,0,-0.2588,-0.9659,Afternoon,0,0.5217,0.6625,0.94,156.0,149.88
1:30:00 PM,24,108,21,37,14,180,Tuesday,heavy,13:30:00,13,271.5,0.2833,0.6,0,0,-0.2588,-0.9659,Afternoon,0,0.3394,0.5635,1.62,158.5,183.5
1:45:00 PM,24,53,19,33,9,114,Tuesday,high,13:45:00,13,188.5,0.3684,0.4649,0,0,-0.2588,-0.9659,Afternoon,0,0.6111,0.6684,1.12,271.5,193.62
2:00:00 PM,24,75,23,31,13,142,Tuesday,high,14:00:00,14,218.5,0.3099,0.5282,0,0,-0.5,-0.866,Afternoon,0,0.4079,0.6041,1.3,188.5,209.25
2:15:00 PM,24,70,18,5,19,112,Tuesday,normal,14:15:00,14,151.0,0.2143,0.625,0,0,-0.5,-0.866,Afternoon,0,0.0704,0.4768,0.9,218.5,207.38
2:30:00 PM,24,52,25,15,19,111,Tuesday,normal,14:30:00,14,166.5,0.3063,0.4685,0,0,-0.5,-0.866,Afternoon,0,0.283,0.6126,0.99,151.0,181.12
2:45:00 PM,24,9,18,24,9,60,Tuesday,normal,14:45:00,14,117.0,0.55,0.15,0,0,-0.5,-0.866,Afternoon,0,2.4,0.8462,0.7,166.5,163.25
3:00:00 PM,24,47,21,9,18,95,Tuesday,normal,15:00:00,15,138.5,0.2842,0.4947,0,0,-0.7071,-0.7071,Afternoon,0,0.1875,0.5848,0.82,117.0,143.25
3:15:00 PM,24,116,20,17,19,172,Tuesday,heavy,15:15:00,15,234.0,0.2093,0.6744,0,0,-0.7071,-0.7071,Afternoon,0,0.1453,0.4615,1.39,138.5,164.0
3:30:00 PM,24,65,14,6,9,94,Tuesday,low,15:30:00,15,117.0,0.1596,0.6915,0,0,-0.7071,-0.7071,Afternoon,0,0.0909,0.3846,0.7,234.0,151.62
3:45:00 PM,24,93,12,13,13,131,Tuesday,normal,15:45:00,15,177.0,0.1985,0.7099,0,0,-0.7071,-0.7071,Afternoon,0,0.1383,0.4407,1.05,117.0,166.62
4:00:00 PM,24,100,21,45,9,175,Tuesday,heavy,16:00:00,16,272.5,0.3086,0.5714,1,0,-0.866,-0.5,Afternoon,0,0.4455,0.5945,1.62,177.0,200.12
4:15:00 PM,24,121,24,31,6,182,Tuesday,heavy,16:15:00,16,244.0,0.2033,0.6648,1,0,-0.866,-0.5,Afternoon,0,0.2541,0.4549,1.45,272.5,202.62
4:30:00 PM,24,110,15,50,5,180,Tuesday,heavy,16:30:00,16,282.5,0.3056,0.6111,1,0,-0.866,-0.5,Afternoon,0,0.4505,0.5841,1.68,244.0,244.0
4:45:00 PM,24,103,17,28,5,153,Tuesday,high,16:45:00,16,210.5,0.2157,0.6732,1,0,-0.866,-0.5,Afternoon,0,0.2692,0.4703,1.25,282.5,252.38
5:00:00 PM,24,136,38,20,5,199,Tuesday,heavy,17:00:00,17,230.0,0.1256,0.6834,1,0,-0.9659,-0.2588,Evening,1,0.146,0.3261,1.37,210.5,241.75
5:15:00 PM,24,119,22,32,9,182,Tuesday,heavy,17:15:00,17,253.0,0.2253,0.6538,1,0,-0.9659,-0.2588,Evening,1,0.2667,0.4862,1.51,230.0,244.0
5:30:00 PM,24,132,17,36,5,190,Tuesday,heavy,17:30:00,17,263.5,0.2158,0.6947,1,0,-0.9659,-0.2588,Evening,1,0.2707,0.4668,1.57,253.0,239.25
5:45:00 PM,24,147,10,41,5,203,Tuesday,heavy,17:45:00,17,290.0,0.2266,0.7241,1,0,-0.9659,-0.2588,Evening,1,0.277,0.4759,1.73,263.5,259.12
6:00:00 PM,24,111,12,44,6,173,Tuesday,heavy,18:00:00,18,267.0,0.289,0.6416,1,0,-1.0,-0.0,Evening,1,0.3929,0.5618,1.59,290.0,268.38
6:15:00 PM,24,102,27,32,5,166,Tuesday,high,18:15:00,18,226.5,0.2229,0.6145,1,0,-1.0,-0.0,Evening,1,0.3107,0.4901,1.35,267.0,261.75
6:30:00 PM,24,137,25,29,7,198,Tuesday,heavy,18:30:00,18,257.5,0.1818,0.6919,1,0,-1.0,-0.0,Evening,1,0.2101,0.4194,1.53,226.5,260.25
6:45:00 PM,24,71,17,15,31,134,Tuesday,high,18:45:00,18,217.5,0.3433,0.5299,1,0,-1.0,-0.0,Evening,1,0.2083,0.6345,1.29,257.5,242.12
7:00:00 PM,24,64,25,11,15,115,Tuesday,normal,19:00:00,19,154.5,0.2261,0.5565,0,0,-0.9659,0.2588,Evening,1,0.1692,0.5049,0.92,217.5,214.0
7:15:00 PM,24,70,16,15,29,130,Tuesday,high,19:15:00,19,210.0,0.3385,0.5385,0,0,-0.9659,0.2588,Evening,1,0.2113,0.6286,1.25,154.5,209.88
7:30:00 PM,24,91,9,11,32,143,Tuesday,high,19:30:00,19,224.5,0.3007,0.6364,0,0,-0.9659,0.2588,Evening,1,0.1196,0.5746,1.34,210.0,201.62
7:45:00 PM,24,95,6,11,35,147,Tuesday,high,19:45:00,19,236.0,0.3129,0.6463,0,0,-0.9659,0.2588,Evening,1,0.1146,0.5847,1.41,224.5,206.25
8:00:00 PM,24,76,16,10,31,133,Tuesday,high,20:00:00,20,207.0,0.3083,0.5714,0,0,-0.866,0.5,Evening,0,0.1299,0.5942,1.23,236.0,219.38
8:15:00 PM,24,87,17,18,7,129,Tuesday,normal,20:15:00,20,170.5,0.1938,0.6744,0,0,-0.866,0.5,Evening,0,0.2045,0.4399,1.02,207.0,209.5
8:30:00 PM,24,63,22,12,29,126,Tuesday,high,20:30:00,20,197.0,0.3254,0.5,0,0,-0.866,0.5,Evening,0,0.1875,0.6244,1.17,170.5,202.62
8:45:00 PM,24,56,17,20,8,101,Tuesday,normal,20:45:00,20,148.5,0.2772,0.5545,0,0,-0.866,0.5,Evening,0,0.3509,0.5657,0.88,197.0,180.75
9:00:00 PM,24,102,18,19,29,168,Tuesday,heavy,21:00:00,21,255.0,0.2857,0.6071,0,0,-0.7071,0.7071,Evening,0,0.1845,0.5647,1.52,148.5,192.75
9:15:00 PM,24,60,23,10,13,106,Tuesday,normal,21:15:00,21,140.5,0.217,0.566,0,0,-0.7071,0.7071,Evening,0,0.1639,0.4911,0.84,255.0,185.25
9:30:00 PM,24,88,6,18,25,137,Tuesday,high,21:30:00,21,220.0,0.3139,0.6423,0,0,-0.7071,0.7071,Evening,0,0.2022,0.5864,1.31,140.5,191.0
9:45:00 PM,24,104,15,10,32,161,Tuesday,high,21:45:00,21,237.5,0.2609,0.646,0,0,-0.7071,0.7071,Evening,0,0.0952,0.5305,1.41,220.0,213.25
10:00:00 PM,24,16,1,1,26,44,Tuesday,normal,22:00:00,22,97.5,0.6136,0.3636,0,0,-0.5,0.866,Night,0,0.0588,0.8308,0.58,237.5,173.88
10:15:00 PM,24,12,1,0,12,25,Tuesday,low,22:15:00,22,48.5,0.48,0.48,0,0,-0.5,0.866,Night,0,0.0,0.7423,0.29,97.5,150.88
10:30:00 PM,24,16,1,0,29,46,Tuesday,normal,22:30:00,22,103.5,0.6304,0.3478,0,0,-0.5,0.866,Night,0,0.0,0.8406,0.62,48.5,121.75
10:45:00 PM,24,13,5,0,31,49,Tuesday,normal,22:45:00,22,108.5,0.6327,0.2653,0,0,-0.5,0.866,Night,0,0.0,0.8571,0.65,103.5,89.5
11:00:00 PM,24,20,1,1,27,49,Tuesday,normal,23:00:00,23,104.5,0.5714,0.4082,0,0,-0.2588,0.9659,Night,0,0.0476,0.8038,0.62,108.5,91.25
11:15:00 PM,24,18,0,0,29,47,Tuesday,normal,23:15:00,23,105.0,0.617,0.383,0,0,-0.2588,0.9659,Night,0,0.0,0.8286,0.63,104.5,105.38
11:30:00 PM,24,16,3,1,26,46,Tuesday,normal,23:30:00,23,98.5,0.587,0.3478,0,0,-0.2588,0.9659,Night,0,0.0588,0.8223,0.59,105.0,104.12
11:45:00 PM,24,18,0,0,21,39,Tuesday,normal,23:45:00,23,81.0,0.5385,0.4615,0,0,-0.2588,0.9659,Night,0,0.0,0.7778,0.48,98.5,97.25
12:00:00 AM,25,11,5,0,24,40,Wednesday,normal,00:00:00,0,85.5,0.6,0.275,0,0,0.0,1.0,Night,0,0.0,0.8421,0.51,85.5,85.5
12:15:00 AM,25,13,1,0,10,24,Wednesday,low,00:15:00,0,43.5,0.4167,0.5417,0,0,0.0,1.0,Night,0,0.0,0.6897,0.26,85.5,64.5
12:30:00 AM,25,10,1,0,26,37,Wednesday,normal,00:30:00,0,88.5,0.7027,0.2703,0,0,0.0,1.0,Night,0,0.0,0.8814,0.53,43.5,72.5
12:45:00 AM,25,19,5,1,22,47,Wednesday,normal,00:45:00,0,90.5,0.4894,0.4043,0,0,0.0,1.0,Night,0,0.05,0.7624,0.54,88.5,77.0
1:00:00 AM,25,20,0,0,10,30,Wednesday,low,01:00:00,1,50.0,0.3333,0.6667,0,0,0.2588,0.9659,Night,0,0.0,0.6,0.3,90.5,68.12
1:15:00 AM,25,16,4,1,39,60,Wednesday,normal,01:15:00,1,138.0,0.6667,0.2667,0,0,0.2588,0.9659,Night,0,0.0588,0.8696,0.82,50.0,91.75
1:30:00 AM,25,19,1,1,11,32,Wednesday,low,01:30:00,1,55.5,0.375,0.5938,0,0,0.2588,0.9659,Night,0,0.05,0.6486,0.33,138.0,83.5
1:45:00 AM,25,20,4,0,38,62,Wednesday,normal,01:45:00,1,136.0,0.6129,0.3226,0,0,0.2588,0.9659,Night,0,0.0,0.8382,0.81,55.5,94.88
2:00:00 AM,25,15,1,1,15,32,Wednesday,normal,02:00:00,2,63.5,0.5,0.4688,0,0,0.5,0.866,Night,0,0.0625,0.7559,0.38,136.0,98.25
2:15:00 AM,25,10,0,0,33,43,Wednesday,normal,02:15:00,2,109.0,0.7674,0.2326,0,0,0.5,0.866,Night,0,0.0,0.9083,0.65,63.5,91.0
2:30:00 AM,25,20,5,0,24,49,Wednesday,normal,02:30:00,2,94.5,0.4898,0.4082,0,0,0.5,0.866,Night,0,0.0,0.7619,0.56,109.0,100.75
2:45:00 AM,25,12,2,1,35,50,Wednesday,normal,02:45:00,2,121.0,0.72,0.24,0,0,0.5,0.866,Night,0,0.0769,0.8926,0.72,94.5,97.0
3:00:00 AM,25,10,4,1,37,52,Wednesday,normal,03:00:00,3,126.0,0.7308,0.1923,0,0,0.7071,0.7071,Night,0,0.0909,0.9048,0.75,121.0,112.62
3:15:00 AM,25,15,4,0,38,57,Wednesday,normal,03:15:00,3,131.0,0.6667,0.2632,0,0,0.7071,0.7071,Night,0,0.0,0.8702,0.78,126.0,118.12
3:30:00 AM,25,19,0,1,39,59,Wednesday,normal,03:30:00,3,139.0,0.678,0.322,0,0,0.7071,0.7071,Night,0,0.05,0.8633,0.83,131.0,129.25
3:45:00 AM,25,16,4,0,35,55,Wednesday,normal,03:45:00,3,123.0,0.6364,0.2909,0,0,0.7071,0.7071,Night,0,0.0,0.8537,0.73,139.0,129.75
4:00:00 AM,25,20,3,1,35,59,Wednesday,normal,04:00:00,4,129.5,0.6102,0.339,0,0,0.866,0.5,Night,0,0.0476,0.834,0.77,123.0,130.62
4:15:00 AM,25,118,1,0,4,123,Wednesday,normal,04:15:00,4,130.5,0.0325,0.9593,0,0,0.866,0.5,Night,0,0.0,0.092,0.78,129.5,130.5
4:30:00 AM,25,89,20,4,17,130,Wednesday,normal,04:30:00,4,162.0,0.1615,0.6846,0,0,0.866,0.5,Night,0,0.0444,0.3889,0.96,130.5,136.25
4:45:00 AM,25,120,18,6,13,157,Wednesday,normal,04:45:00,4,186.0,0.121,0.7643,0,0,0.866,0.5,Night,0,0.0496,0.3065,1.11,162.0,152.0
5:00:00 AM,25,85,7,3,18,113,Wednesday,normal,05:00:00,5,151.5,0.1858,0.7522,0,0,0.9659,0.2588,Morning,0,0.0349,0.4158,0.9,186.0,157.5
5:15:00 AM,25,99,8,2,14,123,Wednesday,normal,05:15:00,5,151.0,0.1301,0.8049,0,0,0.9659,0.2588,Morning,0,0.02,0.3179,0.9,151.5,162.62
5:30:00 AM,25,59,25,2,7,93,Wednesday,low,05:30:00,5,98.5,0.0968,0.6344,0,0,0.9659,0.2588,Morning,0,0.0333,0.2741,0.59,151.0,146.75
5:45:00 AM,25,58,25,2,5,90,Wednesday,low,05:45:00,5,91.5,0.0778,0.6444,0,0,0.9659,0.2588,Morning,0,0.0339,0.2295,0.54,98.5,123.12
6:00:00 AM,25,113,40,36,4,193,Wednesday,heavy,06:00:00,6,253.0,0.2073,0.5855,1,0,1.0,0.0,Morning,0,0.3158,0.4743,1.51,91.5,148.5
6:15:00 AM,25,113,16,50,2,181,Wednesday,heavy,06:15:00,6,277.0,0.2873,0.6243,1,0,1.0,0.0,Morning,0,0.4386,0.5632,1.65,253.0,180.0
6:30:00 AM,25,121,27,50,4,202,Wednesday,heavy,06:30:00,6,296.5,0.2673,0.599,1,0,1.0,0.0,Morning,0,0.4098,0.5464,1.77,277.0,229.5
6:45:00 AM,25,150,17,28,0,195,Wednesday,heavy,06:45:00,6,242.5,0.1436,0.7692,1,0,1.0,0.0,Morning,0,0.1854,0.3464,1.44,296.5,267.25
7:00:00 AM,25,136,29,23,0,188,Wednesday,heavy,07:00:00,7,219.5,0.1223,0.7234,1,0,0.9659,-0.2588,Morning,0,0.1679,0.3144,1.31,242.5,258.88
7:15:00 AM,25,142,32,27,2,203,Wednesday,heavy,07:15:00,7,245.0,0.1429,0.6995,1,0,0.9659,-0.2588,Morning,0,0.1888,0.3551,1.46,219.5,250.88
7:30:00 AM,25,106,32,42,2,182,Wednesday,heavy,07:30:00,7,254.0,0.2418,0.5824,1,0,0.9659,-0.2588,Morning,0,0.3925,0.5197,1.51,245.0,240.25
7:45:00 AM,25,103,21,20,0,144,Wednesday,normal,07:45:00,7,173.5,0.1389,0.7153,1,0,0.9659,-0.2588,Morning,0,0.1923,0.3458,1.03,254.0,223.0
8:00:00 AM,25,131,19,26,1,177,Wednesday,heavy,08:00:00,8,221.5,0.1525,0.7401,1,0,0.866,-0.5,Morning,1,0.197,0.3657,1.32,173.5,223.5
8:15:00 AM,25,133,23,21,3,180,Wednesday,heavy,08:15:00,8,216.5,0.1333,0.7389,1,0,0.866,-0.5,Morning,1,0.1567,0.3326,1.29,221.5,216.38
8:30:00 AM,25,123,17,50,1,191,Wednesday,heavy,08:30:00,8,284.5,0.267,0.644,1,0,0.866,-0.5,Morning,1,0.4032,0.5378,1.69,216.5,224.0
8:45:00 AM,25,124,21,35,2,182,Wednesday,heavy,08:45:00,8,245.5,0.2033,0.6813,1,0,0.866,-0.5,Morning,1,0.28,0.4521,1.46,284.5,242.0
9:00:00 AM,25,136,26,20,4,186,Wednesday,heavy,09:00:00,9,221.0,0.129,0.7312,0,0,0.7071,-0.7071,Morning,1,0.146,0.3258,1.32,245.5,241.88
9:15:00 AM,25,92,10,39,19,160,Wednesday,high,09:15:00,9,271.0,0.3625,0.575,0,0,0.7071,-0.7071,Morning,1,0.4194,0.6421,1.61,221.0,255.5
9:30:00 AM,25,82,7,13,19,121,Wednesday,normal,09:30:00,9,181.5,0.2645,0.6777,0,0,0.7071,-0.7071,Morning,1,0.1566,0.5289,1.08,271.0,229.75
9:45:00 AM,25,42,2,28,27,99,Wednesday,normal,09:45:00,9,208.0,0.5556,0.4242,0,0,0.7071,-0.7071,Morning,1,0.6512,0.7933,1.24,181.5,220.38
10:00:00 AM,25,24,17,17,9,67,Wednesday,normal,10:00:00,10,110.5,0.3881,0.3582,0,0,0.5,-0.866,Morning,0,0.68,0.7059,0.66,208.0,192.75
10:15:00 AM,25,42,19,17,12,90,Wednesday,normal,10:15:00,10,138.5,0.3222,0.4667,0,0,0.5,-0.866,Morning,0,0.3953,0.6282,0.82,110.5,159.62
10:30:00 AM,25,100,12,5,23,140,Wednesday,high,10:30:00,10,190.0,0.2,0.7143,0,0,0.5,-0.866,Morning,0,0.0495,0.4421,1.13,138.5,161.75
10:45:00 AM,25,11,25,30,22,88,Wednesday,normal,10:45:00,10,179.5,0.5909,0.125,0,0,0.5,-0.866,Morning,0,2.5,0.8691,1.07,190.0,154.62
11:00:00 AM,25,27,7,10,22,66,Wednesday,normal,11:00:00,11,126.5,0.4848,0.4091,0,0,0.2588,-0.9659,Morning,0,0.3571,0.7589,0.75,179.5,158.62
11:15:00 AM,25,38,7,11,20,76,Wednesday,normal,11:15:00,11,134.5,0.4079,0.5,0,0,0.2588,-0.9659,Morning,0,0.2821,0.6914,0.8,126.5,157.62
11:30:00 AM,25,49,10,6,27,92,Wednesday,normal,11:30:00,11,153.0,0.3587,0.5326,0,0,0.2588,-0.9659,Morning,0,0.12,0.6471,0.91,134.5,148.38
11:45:00 AM,25,66,9,7,28,110,Wednesday,normal,11:45:00,11,175.5,0.3182,0.6,0,0,0.2588,-0.9659,Morning,0,0.1045,0.5983,1.04,153.0,147.38
12:00:00 PM,25,70,8,3,22,103,Wednesday,normal,12:00:00,12,149.0,0.2427,0.6796,0,0,0.0,-1.0,Afternoon,0,0.0423,0.5034,0.89,175.5,153.0
12:15:00 PM,25,58,7,6,27,98,Wednesday,normal,12:15:00,12,160.5,0.3367,0.5918,0,0,0.0,-1.0,Afternoon,0,0.1017,0.6168,0.96,149.0,159.5
12:30:00 PM,25,53,9,13,29,104,Wednesday,normal,12:30:00,12,183.5,0.4038,0.5096,0,0,0.0,-1.0,Afternoon,0,0.2407,0.6866,1.09,160.5,167.12
12:45:00 PM,25,22,5,6,26,59,Wednesday,normal,12:45:00,12,120.5,0.5424,0.3729,0,0,0.0,-1.0,Afternoon,0,0.2609,0.7967,0.72,183.5,153.38
1:00:00 PM,25,40,10,11,28,89,Wednesday,normal,13:00:00,13,162.0,0.4382,0.4494,0,0,-0.2588,-0.9659,Afternoon,0,0.2683,0.7222,0.96,120.5,156.62
1:15:00 PM,25,58,13,10,12,93,Wednesday,low,13:15:00,13,130.5,0.2366,0.6237,0,0,-0.2588,-0.9659,Afternoon,0,0.1695,0.5057,0.78,162.0,149.12
1:30:00 PM,25,60,25,24,17,126,Wednesday,normal,13:30:00,13,195.5,0.3254,0.4762,0,0,-0.2588,-0.9659,Afternoon,0,0.3934,0.6292,1.16,130.5,152.12
1:45:00 PM,25,25,11,24,17,77,Wednesday,normal,13:45:00,13,153.5,0.5325,0.3247,0,0,-0.2588,-0.9659,Afternoon,0,0.9231,0.8013,0.91,195.5,160.38
2:00:00 PM,25,22,28,11,18,79,Wednesday,normal,14:00:00,14,123.0,0.3671,0.2785,0,0,-0.5,-0.866,Afternoon,0,0.4783,0.7073,0.73,153.5,150.62
2:15:00 PM,25,6,11,37,15,69,Wednesday,normal,14:15:00,14,167.5,0.7536,0.087,0,0,-0.5,-0.866,Afternoon,0,5.2857,0.9313,1.0,123.0,159.88
2:30:00 PM,25,92,18,34,18,162,Wednesday,high,14:30:00,14,257.0,0.321,0.5679,0,0,-0.5,-0.866,Afternoon,0,0.3656,0.607,1.53,167.5,175.25
2:45:00 PM,25,97,17,38,20,172,Wednesday,heavy,14:45:00,14,279.5,0.3372,0.564,0,0,-0.5,-0.866,Afternoon,0,0.3878,0.6225,1.66,257.0,206.75
3:00:00 PM,25,92,18,31,6,147,Wednesday,high,15:00:00,15,212.0,0.2517,0.6259,0,0,-0.7071,-0.7071,Afternoon,0,0.3333,0.5236,1.26,279.5,229.0
3:15:00 PM,25,74,12,17,16,119,Wednesday,normal,15:15:00,15,179.0,0.2773,0.6218,0,0,-0.7071,-0.7071,Afternoon,0,0.2267,0.5531,1.07,212.0,231.88
3:30:00 PM,25,67,22,7,5,101,Wednesday,low,15:30:00,15,114.0,0.1188,0.6634,0,0,-0.7071,-0.7071,Afternoon,0,0.1029,0.3158,0.68,179.0,196.12
3:45:00 PM,25,84,20,25,15,144,Wednesday,normal,15:45:00,15,214.0,0.2778,0.5833,0,0,-0.7071,-0.7071,Afternoon,0,0.2941,0.5607,1.27,114.0,179.75
4:00:00 PM,25,144,15,42,8,209,Wednesday,heavy,16:00:00,16,301.5,0.2392,0.689,1,0,-0.866,-0.5,Afternoon,0,0.2897,0.4975,1.79,214.0,202.12
4:15:00 PM,25,120,11,47,7,185,Wednesday,heavy,16:15:00,16,287.5,0.2919,0.6486,1,0,-0.866,-0.5,Afternoon,0,0.3884,0.5635,1.71,301.5,229.25
4:30:00 PM,25,108,10,36,6,160,Wednesday,high,16:30:00,16,239.0,0.2625,0.675,1,0,-0.866,-0.5,Afternoon,0,0.3303,0.5272,1.42,287.5,260.5
4:45:00 PM,25,141,13,50,6,210,Wednesday,heavy,16:45:00,16,315.5,0.2667,0.6714,1,0,-0.866,-0.5,Afternoon,0,0.3521,0.5325,1.88,239.0,285.88
5:00:00 PM,25,121,37,29,8,195,Wednesday,heavy,17:00:00,17,250.5,0.1897,0.6205,1,0,-0.9659,-0.2588,Evening,1,0.2377,0.4431,1.49,315.5,273.12
5:15:00 PM,25,142,40,22,6,210,Wednesday,heavy,17:15:00,17,246.0,0.1333,0.6762,1,0,-0.9659,-0.2588,Evening,1,0.1538,0.3415,1.46,250.5,262.75
5:30:00 PM,25,137,23,28,7,195,Wednesday,heavy,17:30:00,17,253.5,0.1795,0.7026,1,0,-0.9659,-0.2588,Evening,1,0.2029,0.4142,1.51,246.0,266.38
5:45:00 PM,25,117,10,27,8,162,Wednesday,high,17:45:00,17,227.0,0.216,0.7222,1,0,-0.9659,-0.2588,Evening,1,0.2288,0.4626,1.35,253.5,244.25
6:00:00 PM,25,100,16,37,7,160,Wednesday,high,18:00:00,18,240.0,0.275,0.625,1,0,-1.0,-0.0,Evening,1,0.3663,0.55,1.43,227.0,241.62
6:15:00 PM,25,148,11,42,8,209,Wednesday,heavy,18:15:00,18,303.5,0.2392,0.7081,1,0,-1.0,-0.0,Evening,1,0.2819,0.4942,1.81,240.0,256.0
6:30:00 PM,25,148,27,39,6,220,Wednesday,heavy,18:30:00,18,296.5,0.2045,0.6727,1,0,-1.0,-0.0,Evening,1,0.2617,0.4553,1.77,303.5,266.75
6:45:00 PM,25,65,18,20,21,124,Wednesday,high,18:45:00,18,197.0,0.3306,0.5242,1,0,-1.0,-0.0,Evening,1,0.303,0.6244,1.17,296.5,259.25
7:00:00 PM,25,75,9,14,6,104,Wednesday,low,19:00:00,19,139.5,0.1923,0.7212,0,0,-0.9659,0.2588,Evening,1,0.1842,0.4301,0.83,197.0,234.12
7:15:00 PM,25,85,15,20,29,149,Wednesday,high,19:15:00,19,239.5,0.3289,0.5705,0,0,-0.9659,0.2588,Evening,1,0.2326,0.6138,1.43,139.5,218.12
7:30:00 PM,25,57,21,20,18,116,Wednesday,normal,19:30:00,19,181.5,0.3276,0.4914,0,0,-0.9659,0.2588,Evening,1,0.3448,0.6281,1.08,239.5,189.38
7:45:00 PM,25,50,7,13,30,100,Wednesday,normal,19:45:00,19,182.5,0.43,0.5,0,0,-0.9659,0.2588,Evening,1,0.2549,0.7068,1.09,181.5,185.75
8:00:00 PM,25,87,21,14,34,156,Wednesday,high,20:00:00,20,241.5,0.3077,0.5577,0,0,-0.866,0.5,Evening,0,0.1591,0.5963,1.44,182.5,211.25
8:15:00 PM,25,64,24,11,6,105,Wednesday,low,20:15:00,20,127.0,0.1619,0.6095,0,0,-0.866,0.5,Evening,0,0.1692,0.4016,0.76,241.5,183.12
8:30:00 PM,25,76,6,18,14,114,Wednesday,normal,20:30:00,20,175.0,0.2807,0.6667,0,0,-0.866,0.5,Evening,0,0.2338,0.5486,1.04,127.0,181.5
8:45:00 PM,25,69,11,12,8,100,Wednesday,low,20:45:00,20,134.5,0.2,0.69,0,0,-0.866,0.5,Evening,0,0.1714,0.4461,0.8,175.0,169.5
9:00:00 PM,25,76,9,17,14,116,Wednesday,normal,21:00:00,21,173.5,0.2672,0.6552,0,0,-0.7071,0.7071,Evening,0,0.2208,0.536,1.03,134.5,152.5
9:15:00 PM,25,94,8,15,5,122,Wednesday,normal,21:15:00,21,158.0,0.1639,0.7705,0,0,-0.7071,0.7071,Evening,0,0.1579,0.3797,0.94,173.5,160.25
9:30:00 PM,25,104,10,16,33,163,Wednesday,high,21:30:00,21,256.0,0.3006,0.638,0,0,-0.7071,0.7071,Evening,0,0.1524,0.5742,1.52,158.0,180.5
9:45:00 PM,25,98,13,13,33,157,Wednesday,high,21:45:00,21,242.5,0.293,0.6242,0,0,-0.7071,0.7071,Evening,0,0.1313,0.5691,1.44,256.0,207.5
10:00:00 PM,25,13,5,0,18,36,Wednesday,normal,22:00:00,22,69.5,0.5,0.3611,0,0,-0.5,0.866,Night,0,0.0,0.777,0.41,242.5,181.5
10:15:00 PM,25,17,1,0,11,29,Wednesday,low,22:15:00,22,50.5,0.3793,0.5862,0,0,-0.5,0.866,Night,0,0.0,0.6535,0.3,69.5,154.62
10:30:00 PM,25,18,2,1,34,55,Wednesday,normal,22:30:00,22,124.0,0.6364,0.3273,0,0,-0.5,0.866,Night,0,0.0526,0.8468,0.74,50.5,121.62
10:45:00 PM,25,11,1,0,35,47,Wednesday,normal,22:45:00,22,116.5,0.7447,0.234,0,0,-0.5,0.866,Night,0,0.0,0.9013,0.69,124.0,90.12
11:00:00 PM,25,17,4,0,11,32,Wednesday,low,23:00:00,23,52.0,0.3438,0.5312,0,0,-0.2588,0.9659,Night,0,0.0,0.6346,0.31,116.5,85.75
11:15:00 PM,25,17,1,1,23,42,Wednesday,normal,23:15:00,23,89.5,0.5714,0.4048,0,0,-0.2588,0.9659,Night,0,0.0556,0.8045,0.53,52.0,95.5
11:30:00 PM,25,17,2,0,23,42,Wednesday,normal,23:30:00,23,87.0,0.5476,0.4048,0,0,-0.2588,0.9659,Night,0,0.0,0.7931,0.52,89.5,86.25
11:45:00 PM,25,16,4,1,30,51,Wednesday,normal,23:45:00,23,111.0,0.6078,0.3137,0,0,-0.2588,0.9659,Night,0,0.0588,0.8378,0.66,87.0,84.88
12:00:00 AM,26,15,5,1,23,44,Thursday,normal,00:00:00,0,89.5,0.5455,0.3409,0,0,0.0,1.0,Night,0,0.0625,0.8045,0.53,89.5,89.5
12:15:00 AM,26,18,0,0,31,49,Thursday,normal,00:15:00,0,111.0,0.6327,0.3673,0,0,0.0,1.0,Night,0,0.0,0.8378,0.66,89.5,100.25
12:30:00 AM,26,10,1,0,17,28,Thursday,normal,00:30:00,0,61.5,0.6071,0.3571,0,0,0.0,1.0,Night,0,0.0,0.8293,0.37,111.0,87.33
12:45:00 AM,26,13,2,0,32,47,Thursday,normal,00:45:00,0,110.0,0.6809,0.2766,0,0,0.0,1.0,Night,0,0.0,0.8727,0.65,61.5,93.0
1:00:00 AM,26,16,1,0,38,55,Thursday,normal,01:00:00,1,130.5,0.6909,0.2909,0,0,0.2588,0.9659,Night,0,0.0,0.8736,0.78,110.0,103.25
1:15:00 AM,26,11,4,0,32,47,Thursday,normal,01:15:00,1,109.0,0.6809,0.234,0,0,0.2588,0.9659,Night,0,0.0,0.8807,0.65,130.5,102.75
1:30:00 AM,26,12,2,0,26,40,Thursday,normal,01:30:00,1,91.0,0.65,0.3,0,0,0.2588,0.9659,Night,0,0.0,0.8571,0.54,109.0,110.12
1:45:00 AM,26,14,2,1,14,31,Thursday,normal,01:45:00,1,60.0,0.4839,0.4516,0,0,0.2588,0.9659,Night,0,0.0667,0.75,0.36,91.0,97.62
2:00:00 AM,26,18,2,0,37,57,Thursday,normal,02:00:00,2,130.0,0.6491,0.3158,0,0,0.5,0.866,Night,0,0.0,0.8538,0.77,60.0,97.5
2:15:00 AM,26,17,1,1,22,41,Thursday,normal,02:15:00,2,86.5,0.561,0.4146,0,0,0.5,0.866,Night,0,0.0556,0.7977,0.51,130.0,91.88
2:30:00 AM,26,12,3,0,29,44,Thursday,normal,02:30:00,2,100.5,0.6591,0.2727,0,0,0.5,0.866,Night,0,0.0,0.8657,0.6,86.5,94.25
2:45:00 AM,26,20,5,0,30,55,Thursday,normal,02:45:00,2,112.5,0.5455,0.3636,0,0,0.5,0.866,Night,0,0.0,0.8,0.67,100.5,107.38
3:00:00 AM,26,17,5,1,19,42,Thursday,normal,03:00:00,3,79.5,0.4762,0.4048,0,0,0.7071,0.7071,Night,0,0.0556,0.7547,0.47,112.5,94.75
3:15:00 AM,26,12,0,1,33,46,Thursday,normal,03:15:00,3,114.0,0.7391,0.2609,0,0,0.7071,0.7071,Night,0,0.0769,0.8947,0.68,79.5,101.62
3:30:00 AM,26,19,1,0,20,40,Thursday,normal,03:30:00,3,79.5,0.5,0.475,0,0,0.7071,0.7071,Night,0,0.0,0.7547,0.47,114.0,96.38
3:45:00 AM,26,11,4,1,38,54,Thursday,normal,03:45:00,3,130.0,0.7222,0.2037,0,0,0.7071,0.7071,Night,0,0.0833,0.9,0.77,79.5,100.75
4:00:00 AM,26,14,5,0,39,58,Thursday,normal,04:00:00,4,133.5,0.6724,0.2414,0,0,0.866,0.5,Night,0,0.0,0.8764,0.79,130.0,114.25
4:15:00 AM,26,102,20,4,12,138,Thursday,normal,04:15:00,4,160.0,0.1159,0.7391,0,0,0.866,0.5,Night,0,0.0388,0.3,0.95,133.5,125.75
4:30:00 AM,26,92,4,6,18,120,Thursday,normal,04:30:00,4,166.0,0.2,0.7667,0,0,0.866,0.5,Night,0,0.0645,0.4337,0.99,160.0,147.38
4:45:00 AM,26,54,14,10,16,94,Thursday,normal,04:45:00,4,139.0,0.2766,0.5745,0,0,0.866,0.5,Night,0,0.1818,0.5612,0.83,166.0,149.62
5:00:00 AM,26,55,15,1,10,81,Thursday,low,05:00:00,5,95.5,0.1358,0.679,0,0,0.9659,0.2588,Morning,0,0.0179,0.3455,0.57,139.0,140.12
5:15:00 AM,26,64,27,5,5,101,Thursday,low,05:15:00,5,107.5,0.099,0.6337,0,0,0.9659,0.2588,Morning,0,0.0769,0.2791,0.64,95.5,127.0
5:30:00 AM,26,52,13,5,15,85,Thursday,normal,05:30:00,5,118.5,0.2353,0.6118,0,0,0.9659,0.2588,Morning,0,0.0943,0.5063,0.71,107.5,115.12
5:45:00 AM,26,73,11,4,3,91,Thursday,low,05:45:00,5,99.5,0.0769,0.8022,0,0,0.9659,0.2588,Morning,0,0.0541,0.2111,0.59,118.5,105.25
6:00:00 AM,26,106,27,45,5,183,Thursday,heavy,06:00:00,6,269.5,0.2732,0.5792,1,0,1.0,0.0,Morning,0,0.4206,0.5566,1.6,99.5,148.75
6:15:00 AM,26,145,21,40,5,211,Thursday,heavy,06:15:00,6,290.5,0.2133,0.6872,1,0,1.0,0.0,Morning,0,0.274,0.4647,1.73,269.5,194.5
6:30:00 AM,26,133,19,28,5,185,Thursday,heavy,06:30:00,6,241.5,0.1784,0.7189,1,0,1.0,0.0,Morning,0,0.209,0.4099,1.44,290.5,225.25
6:45:00 AM,26,117,31,49,0,197,Thursday,heavy,06:45:00,6,279.5,0.2487,0.5939,1,0,1.0,0.0,Morning,0,0.4153,0.5259,1.66,241.5,270.25
7:00:00 AM,26,146,17,34,0,197,Thursday,heavy,07:00:00,7,256.5,0.1726,0.7411,1,0,0.9659,-0.2588,Morning,0,0.2313,0.3977,1.53,279.5,267.0
7:15:00 AM,26,101,35,42,3,181,Thursday,heavy,07:15:00,7,253.5,0.2486,0.558,1,0,0.9659,-0.2588,Morning,0,0.4118,0.5325,1.51,256.5,257.75
7:30:00 AM,26,103,28,32,1,164,Thursday,high,07:30:00,7,216.0,0.2012,0.628,1,0,0.9659,-0.2588,Morning,0,0.3077,0.4583,1.29,253.5,251.38
7:45:00 AM,26,150,10,26,0,186,Thursday,heavy,07:45:00,7,233.0,0.1398,0.8065,1,0,0.9659,-0.2588,Morning,0,0.1722,0.3348,1.39,216.0,239.75
8:00:00 AM,26,135,23,48,0,206,Thursday,heavy,08:00:00,8,290.5,0.233,0.6553,1,0,0.866,-0.5,Morning,1,0.3529,0.4957,1.73,233.0,248.25
8:15:00 AM,26,104,10,48,2,164,Thursday,high,08:15:00,8,259.0,0.3049,0.6341,1,0,0.866,-0.5,Morning,1,0.4571,0.5792,1.54,290.5,249.62
8:30:00 AM,26,144,39,50,1,234,Thursday,heavy,08:30:00,8,316.5,0.2179,0.6154,1,0,0.866,-0.5,Morning,1,0.3448,0.4834,1.88,259.0,274.75
8:45:00 AM,26,132,10,49,0,191,Thursday,heavy,08:45:00,8,284.0,0.2565,0.6911,1,0,0.866,-0.5,Morning,1,0.3684,0.5176,1.69,316.5,287.5
9:00:00 AM,26,142,19,31,1,193,Thursday,heavy,09:00:00,9,247.5,0.1658,0.7358,0,0,0.7071,-0.7071,Morning,1,0.2168,0.3879,1.47,284.0,276.75
9:15:00 AM,26,45,4,30,29,108,Thursday,normal,09:15:00,9,224.0,0.5463,0.4167,0,0,0.7071,-0.7071,Morning,1,0.6522,0.7902,1.33,247.5,268.0
9:30:00 AM,26,27,24,10,5,66,Thursday,low,09:30:00,9,84.0,0.2273,0.4091,0,0,0.7071,-0.7071,Morning,1,0.3571,0.5357,0.5,224.0,209.88
9:45:00 AM,26,85,3,14,16,118,Thursday,normal,09:45:00,9,176.5,0.2542,0.7203,0,0,0.7071,-0.7071,Morning,1,0.1628,0.5099,1.05,84.0,183.0
10:00:00 AM,26,84,11,27,26,148,Thursday,high,10:00:00,10,248.5,0.3581,0.5676,0,0,0.5,-0.866,Morning,0,0.3176,0.6398,1.48,176.5,183.25
10:15:00 AM,26,90,4,10,20,124,Thursday,normal,10:15:00,10,182.0,0.2419,0.7258,0,0,0.5,-0.866,Morning,0,0.1099,0.4945,1.08,248.5,172.75
10:30:00 AM,26,13,19,39,12,83,Thursday,normal,10:30:00,10,175.5,0.6145,0.1566,0,0,0.5,-0.866,Morning,0,2.7857,0.8718,1.04,182.0,195.62
10:45:00 AM,26,11,1,37,9,58,Thursday,normal,10:45:00,10,149.5,0.7931,0.1897,0,0,0.5,-0.866,Morning,0,3.0833,0.9231,0.89,175.5,188.88
11:00:00 AM,26,57,10,4,27,98,Thursday,normal,11:00:00,11,155.0,0.3163,0.5816,0,0,0.2588,-0.9659,Morning,0,0.069,0.6,0.92,149.5,165.5
11:15:00 AM,26,52,10,9,23,94,Thursday,normal,11:15:00,11,153.0,0.3404,0.5532,0,0,0.2588,-0.9659,Morning,0,0.1698,0.6275,0.91,155.0,158.25
11:30:00 AM,26,38,7,13,21,79,Thursday,normal,11:30:00,11,143.5,0.4304,0.481,0,0,0.2588,-0.9659,Morning,0,0.3333,0.7108,0.85,153.0,150.25
11:45:00 AM,26,35,7,15,24,81,Thursday,normal,11:45:00,11,155.5,0.4815,0.4321,0,0,0.2588,-0.9659,Morning,0,0.4167,0.7524,0.93,143.5,151.75
12:00:00 PM,26,60,10,12,21,103,Thursday,normal,12:00:00,12,164.0,0.3204,0.5825,0,0,0.0,-1.0,Afternoon,0,0.1967,0.6037,0.98,155.5,154.0
12:15:00 PM,26,70,10,3,30,113,Thursday,high,12:15:00,12,174.0,0.292,0.6195,0,0,0.0,-1.0,Afternoon,0,0.0423,0.569,1.04,164.0,159.25
12:30:00 PM,26,34,8,6,30,78,Thursday,normal,12:30:00,12,146.0,0.4615,0.4359,0,0,0.0,-1.0,Afternoon,0,0.1714,0.7397,0.87,174.0,159.88
12:45:00 PM,26,44,6,4,27,81,Thursday,normal,12:45:00,12,140.0,0.3827,0.5432,0,0,0.0,-1.0,Afternoon,0,0.0889,0.6643,0.83,146.0,156.0
1:00:00 PM,26,21,5,4,25,55,Thursday,normal,13:00:00,13,110.5,0.5273,0.3818,0,0,-0.2588,-0.9659,Afternoon,0,0.1818,0.7873,0.66,140.0,142.62
1:15:00 PM,26,106,10,11,11,138,Thursday,normal,13:15:00,13,177.0,0.1594,0.7681,0,0,-0.2588,-0.9659,Afternoon,0,0.1028,0.3729,1.05,110.5,143.38
1:30:00 PM,26,82,30,32,10,154,Thursday,high,13:30:00,13,223.0,0.2727,0.5325,0,0,-0.2588,-0.9659,Afternoon,0,0.3855,0.565,1.33,177.0,162.62
1:45:00 PM,26,57,12,9,17,95,Thursday,normal,13:45:00,13,141.0,0.2737,0.6,0,0,-0.2588,-0.9659,Afternoon,0,0.1552,0.5532,0.84,223.0,162.88
2:00:00 PM,26,60,18,21,10,109,Thursday,normal,14:00:00,14,162.0,0.2844,0.5505,0,0,-0.5,-0.866,Afternoon,0,0.3443,0.5741,0.96,141.0,175.75
2:15:00 PM,26,79,17,34,8,138,Thursday,high,14:15:00,14,213.5,0.3043,0.5725,0,0,-0.5,-0.866,Afternoon,0,0.425,0.5902,1.27,162.0,184.88
2:30:00 PM,26,78,29,22,13,142,Thursday,normal,14:30:00,14,197.5,0.2465,0.5493,0,0,-0.5,-0.866,Afternoon,0,0.2785,0.5316,1.18,213.5,178.5
2:45:00 PM,26,69,14,32,18,133,Thursday,high,14:45:00,14,226.0,0.3759,0.5188,0,0,-0.5,-0.866,Afternoon,0,0.4571,0.6637,1.35,197.5,199.75
3:00:00 PM,26,84,25,5,9,123,Thursday,normal,15:00:00,15,138.5,0.1138,0.6829,0,0,-0.7071,-0.7071,Afternoon,0,0.0588,0.3032,0.82,226.0,193.88
3:15:00 PM,26,62,11,28,5,106,Thursday,normal,15:15:00,15,166.5,0.3113,0.5849,0,0,-0.7071,-0.7071,Afternoon,0,0.4444,0.5946,0.99,138.5,182.12
3:30:00 PM,26,33,17,22,18,90,Thursday,normal,15:30:00,15,161.5,0.4444,0.3667,0,0,-0.7071,-0.7071,Afternoon,0,0.6471,0.743,0.96,166.5,173.12
3:45:00 PM,26,14,21,23,6,64,Thursday,normal,15:45:00,15,111.5,0.4531,0.2188,0,0,-0.7071,-0.7071,Afternoon,0,1.5333,0.7803,0.66,161.5,144.5
4:00:00 PM,26,127,27,40,5,199,Thursday,heavy,16:00:00,16,275.5,0.2261,0.6382,1,0,-0.866,-0.5,Afternoon,0,0.3125,0.49,1.64,111.5,178.75
4:15:00 PM,26,136,10,27,7,180,Thursday,heavy,16:15:00,16,243.0,0.1889,0.7556,1,0,-0.866,-0.5,Afternoon,0,0.1971,0.4198,1.45,275.5,197.88
4:30:00 PM,26,148,14,37,9,208,Thursday,heavy,16:30:00,16,293.0,0.2212,0.7115,1,0,-0.866,-0.5,Afternoon,0,0.2483,0.471,1.74,243.0,230.75
4:45:00 PM,26,122,16,28,6,172,Thursday,heavy,16:45:00,16,232.0,0.1977,0.7093,1,0,-0.866,-0.5,Afternoon,0,0.2276,0.4397,1.38,293.0,260.88
5:00:00 PM,26,132,12,45,9,198,Thursday,heavy,17:00:00,17,300.0,0.2727,0.6667,1,0,-0.9659,-0.2588,Evening,1,0.3383,0.54,1.79,232.0,267.0
5:15:00 PM,26,136,29,29,10,204,Thursday,heavy,17:15:00,17,267.5,0.1912,0.6667,1,0,-0.9659,-0.2588,Evening,1,0.2117,0.4374,1.59,300.0,273.12
5:30:00 PM,26,103,33,48,10,194,Thursday,heavy,17:30:00,17,293.5,0.299,0.5309,1,0,-0.9659,-0.2588,Evening,1,0.4615,0.5928,1.75,267.5,273.25
5:45:00 PM,26,132,37,23,10,202,Thursday,heavy,17:45:00,17,249.5,0.1634,0.6535,1,0,-0.9659,-0.2588,Evening,1,0.1729,0.3968,1.49,293.5,277.62
6:00:00 PM,26,136,39,39,6,220,Thursday,heavy,18:00:00,18,290.5,0.2045,0.6182,1,0,-1.0,-0.0,Evening,1,0.2847,0.4647,1.73,249.5,275.25
6:15:00 PM,26,120,24,36,5,185,Thursday,heavy,18:15:00,18,255.0,0.2216,0.6486,1,0,-1.0,-0.0,Evening,1,0.2975,0.4824,1.52,290.5,272.12
6:30:00 PM,26,126,34,38,9,207,Thursday,heavy,18:30:00,18,284.0,0.2271,0.6087,1,0,-1.0,-0.0,Evening,1,0.2992,0.4965,1.69,255.0,269.75
6:45:00 PM,26,80,22,14,18,134,Thursday,normal,18:45:00,18,187.0,0.2388,0.597,1,0,-1.0,-0.0,Evening,1,0.1728,0.5134,1.11,284.0,254.12
7:00:00 PM,26,99,9,15,29,152,Thursday,high,19:00:00,19,235.5,0.2895,0.6513,0,0,-0.9659,0.2588,Evening,1,0.15,0.5605,1.4,187.0,240.38
7:15:00 PM,26,81,21,19,7,128,Thursday,normal,19:15:00,19,169.5,0.2031,0.6328,0,0,-0.9659,0.2588,Evening,1,0.2317,0.4602,1.01,235.5,219.0
7:30:00 PM,26,87,9,16,26,138,Thursday,high,19:30:00,19,217.5,0.3043,0.6304,0,0,-0.9659,0.2588,Evening,1,0.1818,0.5793,1.29,169.5,202.38
7:45:00 PM,26,80,17,13,30,140,Thursday,high,19:45:00,19,217.5,0.3071,0.5714,0,0,-0.9659,0.2588,Evening,1,0.1605,0.5931,1.29,217.5,210.0
8:00:00 PM,26,91,18,18,9,136,Thursday,normal,20:00:00,20,181.0,0.1985,0.6691,0,0,-0.866,0.5,Evening,0,0.1957,0.4475,1.08,217.5,196.38
8:15:00 PM,26,90,19,15,13,137,Thursday,normal,20:15:00,20,183.5,0.2044,0.6569,0,0,-0.866,0.5,Evening,0,0.1648,0.4578,1.09,181.0,199.88
8:30:00 PM,26,107,19,10,23,159,Thursday,high,20:30:00,20,215.5,0.2075,0.673,0,0,-0.866,0.5,Evening,0,0.0926,0.4594,1.28,183.5,199.38
8:45:00 PM,26,98,11,14,27,150,Thursday,high,20:45:00,20,226.5,0.2733,0.6533,0,0,-0.866,0.5,Evening,0,0.1414,0.543,1.35,215.5,201.62
9:00:00 PM,26,98,18,20,22,158,Thursday,high,21:00:00,21,233.0,0.2658,0.6203,0,0,-0.7071,0.7071,Evening,0,0.202,0.5408,1.39,226.5,214.62
9:15:00 PM,26,102,5,12,17,136,Thursday,normal,21:15:00,21,191.5,0.2132,0.75,0,0,-0.7071,0.7071,Evening,0,0.1165,0.4543,1.14,233.0,216.62
9:30:00 PM,26,62,13,16,28,119,Thursday,high,21:30:00,21,200.5,0.3697,0.521,0,0,-0.7071,0.7071,Evening,0,0.254,0.6584,1.19,191.5,212.88
9:45:00 PM,26,101,15,12,35,163,Thursday,high,21:45:00,21,249.5,0.2883,0.6196,0,0,-0.7071,0.7071,Evening,0,0.1176,0.5651,1.49,200.5,218.62
10:00:00 PM,26,17,5,1,16,39,Thursday,normal,22:00:00,22,70.5,0.4359,0.4359,0,0,-0.5,0.866,Night,0,0.0556,0.7234,0.42,249.5,178.0
10:15:00 PM,26,10,4,1,37,52,Thursday,normal,22:15:00,22,126.0,0.7308,0.1923,0,0,-0.5,0.866,Night,0,0.0909,0.9048,0.75,70.5,161.62
10:30:00 PM,26,16,4,0,35,55,Thursday,normal,22:30:00,22,123.0,0.6364,0.2909,0,0,-0.5,0.866,Night,0,0.0,0.8537,0.73,126.0,142.25
10:45:00 PM,26,17,2,0,17,36,Thursday,normal,22:45:00,22,69.0,0.4722,0.4722,0,0,-0.5,0.866,Night,0,0.0,0.7391,0.41,123.0,97.12
11:00:00 PM,26,17,0,0,27,44,Thursday,normal,23:00:00,23,98.0,0.6136,0.3864,0,0,-0.2588,0.9659,Night,0,0.0,0.8265,0.58,69.0,104.0
11:15:00 PM,26,17,4,1,25,47,Thursday,normal,23:15:00,23,97.0,0.5532,0.3617,0,0,-0.2588,0.9659,Night,0,0.0556,0.8041,0.58,98.0,96.75
11:30:00 PM,26,15,2,0,15,32,Thursday,normal,23:30:00,23,61.0,0.4688,0.4688,0,0,-0.2588,0.9659,Night,0,0.0,0.7377,0.36,97.0,81.25
11:45:00 PM,26,20,0,1,12,33,Thursday,low,23:45:00,23,59.0,0.3939,0.6061,0,0,-0.2588,0.9659,Night,0,0.0476,0.661,0.35,61.0,78.75
12:00:00 AM,27,16,3,0,28,47,Friday,normal,00:00:00,0,101.5,0.5957,0.3404,0,0,0.0,1.0,Night,0,0.0,0.8276,0.6,101.5,101.5
12:15:00 AM,27,13,2,1,28,44,Friday,normal,00:15:00,0,101.0,0.6591,0.2955,0,0,0.0,1.0,Night,0,0.0714,0.8614,0.6,101.5,101.25
12:30:00 AM,27,15,5,0,26,46,Friday,normal,00:30:00,0,95.5,0.5652,0.3261,0,0,0.0,1.0,Night,0,0.0,0.8168,0.57,101.0,99.33
12:45:00 AM,27,15,2,1,16,34,Friday,normal,00:45:00,0,67.0,0.5,0.4412,0,0,0.0,1.0,Night,0,0.0625,0.7612,0.4,95.5,91.25
1:00:00 AM,27,12,3,0,26,41,Friday,normal,01:00:00,1,91.5,0.6341,0.2927,0,0,0.2588,0.9659,Night,0,0.0,0.8525,0.54,67.0,88.75
1:15:00 AM,27,15,5,0,27,47,Friday,normal,01:15:00,1,98.5,0.5745,0.3191,0,0,0.2588,0.9659,Night,0,0.0,0.8223,0.59,91.5,88.12
1:30:00 AM,27,20,2,0,17,39,Friday,normal,01:30:00,1,72.0,0.4359,0.5128,0,0,0.2588,0.9659,Night,0,0.0,0.7083,0.43,98.5,82.25
1:45:00 AM,27,12,2,0,16,30,Friday,normal,01:45:00,1,61.0,0.5333,0.4,0,0,0.2588,0.9659,Night,0,0.0,0.7869,0.36,72.0,80.75
2:00:00 AM,27,19,1,0,38,58,Friday,normal,02:00:00,2,133.5,0.6552,0.3276,0,0,0.5,0.866,Night,0,0.0,0.8539,0.79,61.0,91.25
2:15:00 AM,27,16,1,1,32,50,Friday,normal,02:15:00,2,115.5,0.66,0.32,0,0,0.5,0.866,Night,0,0.0588,0.8571,0.69,133.5,95.5
2:30:00 AM,27,12,0,0,11,23,Friday,low,02:30:00,2,45.0,0.4783,0.5217,0,0,0.5,0.866,Night,0,0.0,0.7333,0.27,115.5,88.75
2:45:00 AM,27,16,5,1,29,51,Friday,normal,02:45:00,2,108.5,0.5882,0.3137,0,0,0.5,0.866,Night,0,0.0588,0.8295,0.65,45.0,100.62
3:00:00 AM,27,19,5,1,18,43,Friday,normal,03:00:00,3,78.5,0.4419,0.4419,0,0,0.7071,0.7071,Night,0,0.05,0.7261,0.47,108.5,86.88
3:15:00 AM,27,11,0,0,15,26,Friday,normal,03:15:00,3,56.0,0.5769,0.4231,0,0,0.7071,0.7071,Night,0,0.0,0.8036,0.33,78.5,72.0
3:30:00 AM,27,15,4,1,17,37,Friday,normal,03:30:00,3,71.0,0.4865,0.4054,0,0,0.7071,0.7071,Night,0,0.0625,0.7606,0.42,56.0,78.5
3:45:00 AM,27,20,1,0,23,44,Friday,normal,03:45:00,3,89.5,0.5227,0.4545,0,0,0.7071,0.7071,Night,0,0.0,0.7709,0.53,71.0,73.75
4:00:00 AM,27,10,4,0,36,50,Friday,normal,04:00:00,4,120.0,0.72,0.2,0,0,0.866,0.5,Night,0,0.0,0.9,0.71,89.5,84.12
4:15:00 AM,27,39,14,0,15,68,Friday,normal,04:15:00,4,91.0,0.2206,0.5735,0,0,0.866,0.5,Night,0,0.0,0.4945,0.54,120.0,92.88
4:30:00 AM,27,33,7,3,10,53,Friday,low,04:30:00,4,75.5,0.2453,0.6226,0,0,0.866,0.5,Night,0,0.0882,0.5166,0.45,91.0,94.0
4:45:00 AM,27,77,8,7,15,107,Friday,normal,04:45:00,4,147.0,0.2056,0.7196,0,0,0.866,0.5,Night,0,0.0897,0.449,0.88,75.5,108.38
5:00:00 AM,27,80,18,6,11,115,Friday,normal,05:00:00,5,140.0,0.1478,0.6957,0,0,0.9659,0.2588,Morning,0,0.0741,0.3643,0.83,147.0,113.38
5:15:00 AM,27,53,11,7,15,86,Friday,normal,05:15:00,5,124.5,0.2558,0.6163,0,0,0.9659,0.2588,Morning,0,0.1296,0.5301,0.74,140.0,121.75
5:30:00 AM,27,73,17,6,13,109,Friday,normal,05:30:00,5,138.5,0.1743,0.6697,0,0,0.9659,0.2588,Morning,0,0.0811,0.4116,0.82,124.5,137.5
5:45:00 AM,27,77,20,4,13,114,Friday,normal,05:45:00,5,138.0,0.1491,0.6754,0,0,0.9659,0.2588,Morning,0,0.0513,0.3696,0.82,138.5,135.25
6:00:00 AM,27,76,14,1,12,103,Friday,low,06:00:00,6,122.0,0.1262,0.7379,1,0,1.0,0.0,Morning,0,0.013,0.3197,0.73,138.0,130.75
6:15:00 AM,27,58,14,0,15,87,Friday,normal,06:15:00,6,110.0,0.1724,0.6667,1,0,1.0,0.0,Morning,0,0.0,0.4091,0.65,122.0,127.12
6:30:00 AM,27,57,18,7,13,95,Friday,normal,06:30:00,6,126.0,0.2105,0.6,1,0,1.0,0.0,Morning,0,0.1207,0.4762,0.75,110.0,124.0
6:45:00 AM,27,80,16,0,10,106,Friday,low,06:45:00,6,118.0,0.0943,0.7547,1,0,1.0,0.0,Morning,0,0.0,0.2542,0.7,126.0,119.0
7:00:00 AM,27,38,7,1,13,59,Friday,normal,07:00:00,7,83.5,0.2373,0.6441,1,0,0.9659,-0.2588,Morning,0,0.0256,0.503,0.5,118.0,109.38
7:15:00 AM,27,53,20,6,12,91,Friday,low,07:15:00,7,117.0,0.1978,0.5824,1,0,0.9659,-0.2588,Morning,0,0.1111,0.4615,0.7,83.5,111.12
7:30:00 AM,27,30,9,7,10,56,Friday,low,07:30:00,7,85.5,0.3036,0.5357,1,0,0.9659,-0.2588,Morning,0,0.2258,0.5965,0.51,117.0,101.0
7:45:00 AM,27,50,19,4,10,83,Friday,low,07:45:00,7,101.5,0.1687,0.6024,1,0,0.9659,-0.2588,Morning,0,0.0784,0.4138,0.6,85.5,96.88
8:00:00 AM,27,31,14,3,14,62,Friday,normal,08:00:00,8,89.0,0.2742,0.5,1,0,0.866,-0.5,Morning,1,0.0938,0.573,0.53,101.5,98.25
8:15:00 AM,27,28,18,5,10,61,Friday,low,08:15:00,8,82.0,0.2459,0.459,1,0,0.866,-0.5,Morning,1,0.1724,0.5488,0.49,89.0,89.5
8:30:00 AM,27,31,15,4,12,62,Friday,low,08:30:00,8,86.5,0.2581,0.5,1,0,0.866,-0.5,Morning,1,0.125,0.5549,0.51,82.0,89.75
8:45:00 AM,27,52,19,0,10,81,Friday,low,08:45:00,8,91.5,0.1235,0.642,1,0,0.866,-0.5,Morning,1,0.0,0.3279,0.54,86.5,87.25
9:00:00 AM,27,42,9,2,13,66,Friday,normal,09:00:00,9,91.5,0.2273,0.6364,0,0,0.7071,-0.7071,Morning,1,0.0465,0.4918,0.54,91.5,87.88
9:15:00 AM,27,151,55,27,2,235,Friday,heavy,09:15:00,9,265.5,0.1234,0.6426,0,0,0.7071,-0.7071,Morning,1,0.1776,0.3277,1.58,91.5,133.75
9:30:00 AM,27,180,69,29,1,279,Friday,heavy,09:30:00,9,304.5,0.1075,0.6452,0,0,0.7071,-0.7071,Morning,1,0.1602,0.2956,1.81,265.5,188.25
9:45:00 AM,27,149,41,23,3,216,Friday,heavy,09:45:00,9,247.5,0.1204,0.6898,0,0,0.7071,-0.7071,Morning,1,0.1533,0.3152,1.47,304.5,227.25
10:00:00 AM,27,167,60,27,3,257,Friday,heavy,10:00:00,10,287.0,0.1167,0.6498,0,0,0.5,-0.866,Morning,0,0.1607,0.3136,1.71,247.5,276.12
10:15:00 AM,27,134,45,22,3,204,Friday,heavy,10:15:00,10,231.5,0.1225,0.6569,0,0,0.5,-0.866,Morning,0,0.163,0.324,1.38,287.0,267.62
10:30:00 AM,27,180,62,26,4,272,Friday,heavy,10:30:00,10,301.0,0.1103,0.6618,0,0,0.5,-0.866,Morning,0,0.1436,0.299,1.79,231.5,266.75
10:45:00 AM,27,156,54,25,3,238,Friday,heavy,10:45:00,10,267.0,0.1176,0.6555,0,0,0.5,-0.866,Morning,0,0.1592,0.3146,1.59,301.0,271.62
11:00:00 AM,27,171,60,18,1,250,Friday,heavy,11:00:00,11,258.0,0.076,0.684,0,0,0.2588,-0.9659,Morning,0,0.1047,0.2209,1.54,267.0,264.38
11:15:00 AM,27,174,53,10,3,240,Friday,heavy,11:15:00,11,239.5,0.0542,0.725,0,0,0.2588,-0.9659,Morning,0,0.0571,0.1628,1.43,258.0,266.38
11:30:00 AM,27,154,61,16,3,234,Friday,heavy,11:30:00,11,241.5,0.0812,0.6581,0,0,0.2588,-0.9659,Morning,0,0.1032,0.236,1.44,239.5,251.5
11:45:00 AM,27,161,53,11,1,226,Friday,heavy,11:45:00,11,223.5,0.0531,0.7124,0,0,0.2588,-0.9659,Morning,0,0.0679,0.1611,1.33,241.5,240.62
12:00:00 PM,27,148,48,13,2,211,Friday,heavy,12:00:00,12,217.0,0.0711,0.7014,0,0,0.0,-1.0,Afternoon,0,0.0872,0.2074,1.29,223.5,230.38
12:15:00 PM,27,136,60,27,2,225,Friday,heavy,12:15:00,12,253.0,0.1289,0.6044,0,0,0.0,-1.0,Afternoon,0,0.1971,0.3439,1.51,217.0,233.75
12:30:00 PM,27,143,68,16,0,227,Friday,heavy,12:30:00,12,225.0,0.0705,0.63,0,0,0.0,-1.0,Afternoon,0,0.1111,0.2133,1.34,253.0,229.62
12:45:00 PM,27,152,51,22,2,227,Friday,heavy,12:45:00,12,249.5,0.1057,0.6696,0,0,0.0,-1.0,Afternoon,0,0.1438,0.2886,1.49,225.0,236.12
1:00:00 PM,27,132,58,15,4,209,Friday,heavy,13:00:00,13,218.0,0.0909,0.6316,0,0,-0.2588,-0.9659,Afternoon,0,0.1128,0.2615,1.3,249.5,236.38
1:15:00 PM,27,155,58,15,4,232,Friday,heavy,13:15:00,13,241.0,0.0819,0.6681,0,0,-0.2588,-0.9659,Afternoon,0,0.0962,0.2365,1.43,218.0,233.38
1:30:00 PM,27,144,62,12,3,221,Friday,heavy,13:30:00,13,220.0,0.0679,0.6516,0,0,-0.2588,-0.9659,Afternoon,0,0.0828,0.2045,1.31,241.0,232.12
1:45:00 PM,27,161,51,20,1,233,Friday,heavy,13:45:00,13,249.5,0.0901,0.691,0,0,-0.2588,-0.9659,Afternoon,0,0.1235,0.2525,1.49,220.0,232.12
2:00:00 PM,27,137,46,13,2,198,Friday,heavy,14:00:00,14,205.0,0.0758,0.6919,0,0,-0.5,-0.866,Afternoon,0,0.0942,0.2195,1.22,249.5,228.88
2:15:00 PM,27,149,61,16,1,227,Friday,heavy,14:15:00,14,230.5,0.0749,0.6564,0,0,-0.5,-0.866,Afternoon,0,0.1067,0.2213,1.37,205.0,226.25
2:30:00 PM,27,158,46,20,1,225,Friday,heavy,14:30:00,14,244.0,0.0933,0.7022,0,0,-0.5,-0.866,Afternoon,0,0.1258,0.2582,1.45,230.5,232.25
2:45:00 PM,27,134,65,22,0,221,Friday,heavy,14:45:00,14,232.5,0.0995,0.6063,0,0,-0.5,-0.866,Afternoon,0,0.163,0.2839,1.38,244.0,228.0
3:00:00 PM,27,134,65,10,2,211,Friday,heavy,15:00:00,15,202.5,0.0569,0.6351,0,0,-0.7071,-0.7071,Afternoon,0,0.0741,0.1778,1.21,232.5,227.38
3:15:00 PM,27,73,24,4,0,101,Friday,low,15:15:00,15,97.0,0.0396,0.7228,0,0,-0.7071,-0.7071,Afternoon,0,0.0541,0.1237,0.58,202.5,194.0
3:30:00 PM,27,64,23,21,1,109,Friday,normal,15:30:00,15,141.5,0.2018,0.5872,0,0,-0.7071,-0.7071,Afternoon,0,0.3231,0.4664,0.84,97.0,168.38
3:45:00 PM,27,51,27,25,2,105,Friday,normal,15:45:00,15,145.5,0.2571,0.4857,0,0,-0.7071,-0.7071,Afternoon,0,0.4808,0.5567,0.87,141.5,146.62
4:00:00 PM,27,80,22,17,0,119,Friday,normal,16:00:00,16,142.0,0.1429,0.6723,1,0,-0.866,-0.5,Afternoon,0,0.2099,0.3592,0.85,145.5,131.5
4:15:00 PM,27,61,26,8,0,95,Friday,low,16:15:00,16,98.0,0.0842,0.6421,1,0,-0.866,-0.5,Afternoon,0,0.129,0.2449,0.58,142.0,131.75
4:30:00 PM,27,75,24,8,0,107,Friday,low,16:30:00,16,111.0,0.0748,0.7009,1,0,-0.866,-0.5,Afternoon,0,0.1053,0.2162,0.66,98.0,124.12
4:45:00 PM,27,82,20,15,2,119,Friday,normal,16:45:00,16,143.0,0.1429,0.6891,1,0,-0.866,-0.5,Afternoon,0,0.1807,0.3566,0.85,111.0,123.5
5:00:00 PM,27,53,28,21,1,103,Friday,normal,17:00:00,17,133.0,0.2136,0.5146,1,0,-0.9659,-0.2588,Evening,1,0.3889,0.4962,0.79,143.0,121.25
5:15:00 PM,27,68,29,14,0,111,Friday,low,17:15:00,17,124.5,0.1261,0.6126,1,0,-0.9659,-0.2588,Evening,1,0.2029,0.3373,0.74,133.0,127.88
5:30:00 PM,27,63,28,22,0,113,Friday,normal,17:30:00,17,143.0,0.1947,0.5575,1,0,-0.9659,-0.2588,Evening,1,0.3438,0.4615,0.85,124.5,135.88
5:45:00 PM,27,76,30,20,1,127,Friday,normal,17:45:00,17,154.0,0.1654,0.5984,1,0,-0.9659,-0.2588,Evening,1,0.2597,0.4091,0.92,143.0,138.62
6:00:00 PM,27,66,23,10,0,99,Friday,low,18:00:00,18,107.5,0.101,0.6667,1,0,-1.0,-0.0,Evening,1,0.1493,0.2791,0.64,154.0,132.25
6:15:00 PM,27,50,23,1,0,74,Friday,low,18:15:00,18,64.5,0.0135,0.6757,1,0,-1.0,-0.0,Evening,1,0.0196,0.0465,0.38,107.5,117.25
6:30:00 PM,27,60,29,22,2,113,Friday,normal,18:30:00,18,146.5,0.2124,0.531,1,0,-1.0,-0.0,Evening,1,0.3607,0.4915,0.87,64.5,118.12
6:45:00 PM,27,75,26,11,0,112,Friday,normal,18:45:00,18,121.0,0.0982,0.6696,1,0,-1.0,-0.0,Evening,1,0.1447,0.2727,0.72,146.5,109.88
7:00:00 PM,27,81,22,18,2,123,Friday,normal,19:00:00,19,152.0,0.1626,0.6585,0,0,-0.9659,0.2588,Evening,1,0.2195,0.3947,0.9,121.0,121.0
7:15:00 PM,27,33,6,0,4,43,Friday,low,19:15:00,19,48.0,0.093,0.7674,0,0,-0.9659,0.2588,Evening,1,0.0,0.25,0.29,152.0,116.88
7:30:00 PM,27,21,5,6,15,47,Friday,normal,19:30:00,19,86.5,0.4468,0.4468,0,0,-0.9659,0.2588,Evening,1,0.2727,0.7283,0.51,48.0,101.88
7:45:00 PM,27,22,7,1,2,32,Friday,low,19:45:00,19,34.5,0.0938,0.6875,0,0,-0.9659,0.2588,Evening,1,0.0435,0.2609,0.21,86.5,80.25
8:00:00 PM,27,31,6,0,15,52,Friday,normal,20:00:00,20,79.0,0.2885,0.5962,0,0,-0.866,0.5,Evening,0,0.0,0.5696,0.47,34.5,62.0
8:15:00 PM,27,41,8,3,2,54,Friday,low,20:15:00,20,60.0,0.0926,0.7593,0,0,-0.866,0.5,Evening,0,0.0714,0.25,0.36,79.0,65.0
8:30:00 PM,27,24,6,5,11,46,Friday,low,20:30:00,20,75.0,0.3478,0.5217,0,0,-0.866,0.5,Evening,0,0.2,0.64,0.45,60.0,62.12
8:45:00 PM,27,45,6,6,10,67,Friday,low,20:45:00,20,96.0,0.2388,0.6716,0,0,-0.866,0.5,Evening,0,0.1304,0.5,0.57,75.0,77.5
9:00:00 PM,27,24,11,6,2,43,Friday,low,21:00:00,21,53.5,0.186,0.5581,0,0,-0.7071,0.7071,Evening,0,0.24,0.4486,0.32,96.0,71.12
9:15:00 PM,27,47,6,2,12,67,Friday,low,21:15:00,21,92.0,0.209,0.7015,0,0,-0.7071,0.7071,Evening,0,0.0417,0.4565,0.55,53.5,79.12
9:30:00 PM,27,46,1,1,4,52,Friday,low,21:30:00,21,61.5,0.0962,0.8846,0,0,-0.7071,0.7071,Evening,0,0.0213,0.2439,0.37,92.0,75.75
9:45:00 PM,27,26,3,2,3,34,Friday,low,21:45:00,21,42.5,0.1471,0.7647,0,0,-0.7071,0.7071,Evening,0,0.0741,0.3529,0.25,61.5,62.38
10:00:00 PM,27,20,4,0,39,63,Friday,normal,22:00:00,22,139.0,0.619,0.3175,0,0,-0.5,0.866,Night,0,0.0,0.8417,0.83,42.5,83.75
10:15:00 PM,27,20,1,1,27,49,Friday,normal,22:15:00,22,104.5,0.5714,0.4082,0,0,-0.5,0.866,Night,0,0.0476,0.8038,0.62,139.0,86.88
10:30:00 PM,27,19,0,1,17,37,Friday,normal,22:30:00,22,73.0,0.4865,0.5135,0,0,-0.5,0.866,Night,0,0.05,0.7397,0.43,104.5,89.75
10:45:00 PM,27,11,3,1,19,34,Friday,normal,22:45:00,22,72.5,0.5882,0.3235,0,0,-0.5,0.866,Night,0,0.0833,0.8276,0.43,73.0,97.25
11:00:00 PM,27,17,5,1,31,54,Friday,normal,23:00:00,23,115.5,0.5926,0.3148,0,0,-0.2588,0.9659,Night,0,0.0556,0.8312,0.69,72.5,91.38
11:15:00 PM,27,19,4,0,12,35,Friday,low,23:15:00,23,57.0,0.3429,0.5429,0,0,-0.2588,0.9659,Night,0,0.0,0.6316,0.34,115.5,79.5
11:30:00 PM,27,11,1,0,38,50,Friday,normal,23:30:00,23,125.5,0.76,0.22,0,0,-0.2588,0.9659,Night,0,0.0,0.9084,0.75,57.0,92.62
11:45:00 PM,27,12,0,0,17,29,Friday,normal,23:45:00,23,63.0,0.5862,0.4138,0,0,-0.2588,0.9659,Night,0,0.0,0.8095,0.38,125.5,90.25
12:00:00 AM,28,18,0,0,27,45,Saturday,normal,00:00:00,0,99.0,0.6,0.4,0,1,0.0,1.0,Night,0,0.0,0.8182,0.59,99.0,99.0
12:15:00 AM,28,19,4,0,14,37,Saturday,normal,00:15:00,0,63.0,0.3784,0.5135,0,1,0.0,1.0,Night,0,0.0,0.6667,0.38,99.0,81.0
12:30:00 AM,28,13,2,0,28,43,Saturday,normal,00:30:00,0,98.0,0.6512,0.3023,0,1,0.0,1.0,Night,0,0.0,0.8571,0.58,63.0,86.67
12:45:00 AM,28,18,4,1,23,46,Saturday,normal,00:45:00,0,92.0,0.5217,0.3913,0,1,0.0,1.0,Night,0,0.0526,0.7826,0.55,98.0,88.0
1:00:00 AM,28,20,0,0,11,31,Saturday,low,01:00:00,1,53.0,0.3548,0.6452,0,1,0.2588,0.9659,Night,0,0.0,0.6226,0.32,92.0,76.5
1:15:00 AM,28,11,4,1,22,38,Saturday,normal,01:15:00,1,82.0,0.6053,0.2895,0,1,0.2588,0.9659,Night,0,0.0833,0.8415,0.49,53.0,81.25
1:30:00 AM,28,15,2,0,18,35,Saturday,normal,01:30:00,1,70.0,0.5143,0.4286,0,1,0.2588,0.9659,Night,0,0.0,0.7714,0.42,82.0,74.25
1:45:00 AM,28,16,3,0,34,53,Saturday,normal,01:45:00,1,119.5,0.6415,0.3019,0,1,0.2588,0.9659,Night,0,0.0,0.8536,0.71,70.0,81.12
2:00:00 AM,28,11,2,0,18,31,Saturday,normal,02:00:00,2,66.0,0.5806,0.3548,0,1,0.5,0.866,Night,0,0.0,0.8182,0.39,119.5,84.38
2:15:00 AM,28,17,4,1,38,60,Saturday,normal,02:15:00,2,136.0,0.65,0.2833,0,1,0.5,0.866,Night,0,0.0556,0.8603,0.81,66.0,97.88
2:30:00 AM,28,20,4,1,28,53,Saturday,normal,02:30:00,2,109.0,0.5472,0.3774,0,1,0.5,0.866,Night,0,0.0476,0.7982,0.65,136.0,107.62
2:45:00 AM,28,19,0,1,37,57,Saturday,normal,02:45:00,2,133.0,0.6667,0.3333,0,1,0.5,0.866,Night,0,0.05,0.8571,0.79,109.0,111.0
3:00:00 AM,28,10,2,1,34,47,Saturday,normal,03:00:00,3,116.0,0.7447,0.2128,0,1,0.7071,0.7071,Night,0,0.0909,0.9052,0.69,133.0,123.5
3:15:00 AM,28,19,0,0,17,36,Saturday,normal,03:15:00,3,70.0,0.4722,0.5278,0,1,0.7071,0.7071,Night,0,0.0,0.7286,0.42,116.0,107.0
3:30:00 AM,28,15,0,0,30,45,Saturday,normal,03:30:00,3,105.0,0.6667,0.3333,0,1,0.7071,0.7071,Night,0,0.0,0.8571,0.63,70.0,106.0
3:45:00 AM,28,10,2,0,31,43,Saturday,normal,03:45:00,3,104.0,0.7209,0.2326,0,1,0.7071,0.7071,Night,0,0.0,0.8942,0.62,105.0,98.75
4:00:00 AM,28,18,3,0,17,38,Saturday,normal,04:00:00,4,70.5,0.4474,0.4737,0,1,0.866,0.5,Night,0,0.0,0.7234,0.42,104.0,87.38
4:15:00 AM,28,97,22,4,18,141,Saturday,normal,04:15:00,4,174.0,0.156,0.6879,0,1,0.866,0.5,Night,0,0.0408,0.3793,1.04,70.5,113.38
4:30:00 AM,28,111,12,9,17,149,Saturday,normal,04:30:00,4,195.0,0.1745,0.745,0,1,0.866,0.5,Night,0,0.0804,0.4,1.16,174.0,135.88
4:45:00 AM,28,108,10,5,17,140,Saturday,normal,04:45:00,4,179.0,0.1571,0.7714,0,1,0.866,0.5,Night,0,0.0459,0.3687,1.07,195.0,154.62
5:00:00 AM,28,74,24,10,20,128,Saturday,normal,05:00:00,5,176.0,0.2344,0.5781,0,1,0.9659,0.2588,Morning,0,0.1333,0.5114,1.05,179.0,181.0
5:15:00 AM,28,114,4,8,20,146,Saturday,normal,05:15:00,5,200.0,0.1918,0.7808,0,1,0.9659,0.2588,Morning,0,0.0696,0.42,1.19,176.0,187.5
5:30:00 AM,28,91,16,5,11,123,Saturday,normal,05:30:00,5,147.0,0.1301,0.7398,0,1,0.9659,0.2588,Morning,0,0.0543,0.3265,0.88,200.0,175.5
5:45:00 AM,28,66,3,9,19,97,Saturday,normal,05:45:00,5,151.5,0.2887,0.6804,0,1,0.9659,0.2588,Morning,0,0.1343,0.5545,0.9,147.0,168.62
6:00:00 AM,28,104,32,23,5,164,Saturday,normal,06:00:00,6,204.0,0.1707,0.6341,1,1,1.0,0.0,Morning,0,0.219,0.4118,1.21,151.5,175.62
6:15:00 AM,28,128,18,31,3,180,Saturday,heavy,06:15:00,6,239.0,0.1889,0.7111,1,1,1.0,0.0,Morning,0,0.2403,0.4268,1.42,204.0,185.38
6:30:00 AM,28,127,24,27,0,178,Saturday,heavy,06:30:00,6,220.0,0.1517,0.7135,1,1,1.0,0.0,Morning,0,0.2109,0.3682,1.31,239.0,203.62
6:45:00 AM,28,130,31,22,0,183,Saturday,heavy,06:45:00,6,211.5,0.1202,0.7104,1,1,1.0,0.0,Morning,0,0.1679,0.3121,1.26,220.0,218.62
7:00:00 AM,28,108,13,38,1,160,Saturday,high,07:00:00,7,231.5,0.2438,0.675,1,1,0.9659,-0.2588,Morning,0,0.3486,0.5054,1.38,211.5,225.5
7:15:00 AM,28,116,22,37,2,177,Saturday,heavy,07:15:00,7,244.0,0.2203,0.6554,1,1,0.9659,-0.2588,Morning,0,0.3162,0.4795,1.45,231.5,226.75
7:30:00 AM,28,143,28,27,4,202,Saturday,heavy,07:30:00,7,250.0,0.1535,0.7079,1,1,0.9659,-0.2588,Morning,0,0.1875,0.372,1.49,244.0,234.25
7:45:00 AM,28,118,32,21,5,176,Saturday,heavy,07:45:00,7,212.0,0.1477,0.6705,1,1,0.9659,-0.2588,Morning,0,0.1765,0.3679,1.26,250.0,234.38
8:00:00 AM,28,121,35,32,0,188,Saturday,heavy,08:00:00,8,234.5,0.1702,0.6436,1,1,0.866,-0.5,Morning,1,0.2623,0.4094,1.4,212.0,235.12
8:15:00 AM,28,109,28,39,2,178,Saturday,heavy,08:15:00,8,246.0,0.2303,0.6124,1,1,0.866,-0.5,Morning,1,0.3545,0.5,1.46,234.5,235.62
8:30:00 AM,28,135,11,23,5,174,Saturday,heavy,08:30:00,8,224.5,0.1609,0.7759,1,1,0.866,-0.5,Morning,1,0.1691,0.3742,1.34,246.0,229.25
8:45:00 AM,28,100,30,29,2,161,Saturday,high,08:45:00,8,208.0,0.1925,0.6211,1,1,0.866,-0.5,Morning,1,0.2871,0.4471,1.24,224.5,228.25
9:00:00 AM,28,138,32,26,4,200,Saturday,heavy,09:00:00,9,244.0,0.15,0.69,0,1,0.7071,-0.7071,Morning,1,0.1871,0.3689,1.45,208.0,230.62
9:15:00 AM,28,29,9,21,23,82,Saturday,normal,09:15:00,9,165.5,0.5366,0.3537,0,1,0.7071,-0.7071,Morning,1,0.7,0.7976,0.99,244.0,210.5
9:30:00 AM,28,36,17,7,30,90,Saturday,normal,09:30:00,9,155.5,0.4111,0.4,0,1,0.7071,-0.7071,Morning,1,0.1892,0.7138,0.93,165.5,193.25
9:45:00 AM,28,42,9,37,28,116,Saturday,high,09:45:00,9,241.5,0.5603,0.3621,0,1,0.7071,-0.7071,Morning,1,0.8605,0.8075,1.44,155.5,201.62
10:00:00 AM,28,80,6,12,6,104,Saturday,low,10:00:00,10,137.0,0.1731,0.7692,0,1,0.5,-0.866,Morning,0,0.1481,0.3942,0.82,241.5,174.88
10:15:00 AM,28,37,21,28,6,92,Saturday,normal,10:15:00,10,149.5,0.3696,0.4022,0,1,0.5,-0.866,Morning,0,0.7368,0.6823,0.89,137.0,170.88
10:30:00 AM,28,44,17,27,30,118,Saturday,high,10:30:00,10,223.5,0.4831,0.3729,0,1,0.5,-0.866,Morning,0,0.6,0.7651,1.33,149.5,187.88
10:45:00 AM,28,25,12,13,5,55,Saturday,low,10:45:00,10,85.0,0.3273,0.4545,0,1,0.5,-0.866,Morning,0,0.5,0.6353,0.51,223.5,148.75
11:00:00 AM,28,36,9,9,30,84,Saturday,normal,11:00:00,11,157.5,0.4643,0.4286,0,1,0.2588,-0.9659,Morning,0,0.2432,0.7429,0.94,85.0,153.88
11:15:00 AM,28,63,7,10,29,109,Saturday,normal,11:15:00,11,183.5,0.3578,0.578,0,1,0.2588,-0.9659,Morning,0,0.1562,0.6376,1.09,157.5,162.38
11:30:00 AM,28,20,5,13,22,60,Saturday,normal,11:30:00,11,127.5,0.5833,0.3333,0,1,0.2588,-0.9659,Morning,0,0.619,0.8235,0.76,183.5,138.38
11:45:00 AM,28,53,8,6,23,90,Saturday,normal,11:45:00,11,144.0,0.3222,0.5889,0,1,0.2588,-0.9659,Morning,0,0.1111,0.6042,0.86,127.5,153.12
12:00:00 PM,28,41,7,5,26,79,Saturday,normal,12:00:00,12,137.5,0.3924,0.519,0,1,0.0,-1.0,Afternoon,0,0.119,0.6764,0.82,144.0,148.12
12:15:00 PM,28,36,9,13,29,87,Saturday,normal,12:15:00,12,166.5,0.4828,0.4138,0,1,0.0,-1.0,Afternoon,0,0.3514,0.7568,0.99,137.5,143.88
12:30:00 PM,28,65,10,8,22,105,Saturday,normal,12:30:00,12,160.0,0.2857,0.619,0,1,0.0,-1.0,Afternoon,0,0.1212,0.5625,0.95,166.5,152.0
12:45:00 PM,28,55,6,5,27,93,Saturday,normal,12:45:00,12,154.0,0.3441,0.5914,0,1,0.0,-1.0,Afternoon,0,0.0893,0.6234,0.92,160.0,154.5
1:00:00 PM,28,63,8,15,30,116,Saturday,high,13:00:00,13,202.0,0.3879,0.5431,0,1,-0.2588,-0.9659,Afternoon,0,0.2344,0.6683,1.2,154.0,170.62
1:15:00 PM,28,19,26,32,18,95,Saturday,normal,13:15:00,13,182.0,0.5263,0.2,0,1,-0.2588,-0.9659,Afternoon,0,1.6,0.8242,1.08,202.0,174.5
1:30:00 PM,28,84,11,11,9,115,Saturday,normal,13:30:00,13,149.5,0.1739,0.7304,0,1,-0.2588,-0.9659,Afternoon,0,0.1294,0.4013,0.89,182.0,171.88
1:45:00 PM,28,110,23,34,9,176,Saturday,heavy,13:45:00,13,250.5,0.2443,0.625,0,1,-0.2588,-0.9659,Afternoon,0,0.3063,0.515,1.49,149.5,196.0
2:00:00 PM,28,46,20,18,5,89,Saturday,normal,14:00:00,14,125.0,0.2584,0.5169,0,1,-0.5,-0.866,Afternoon,0,0.383,0.552,0.74,250.5,176.75
2:15:00 PM,28,67,12,10,20,109,Saturday,normal,14:15:00,14,163.0,0.2752,0.6147,0,1,-0.5,-0.866,Afternoon,0,0.1471,0.5521,0.97,125.0,172.0
2:30:00 PM,28,42,25,20,19,106,Saturday,normal,14:30:00,14,171.5,0.3679,0.3962,0,1,-0.5,-0.866,Afternoon,0,0.4651,0.6822,1.02,163.0,177.5
2:45:00 PM,28,87,17,18,6,128,Saturday,normal,14:45:00,14,167.5,0.1875,0.6797,0,1,-0.5,-0.866,Afternoon,0,0.2045,0.4299,1.0,171.5,156.75
3:00:00 PM,28,45,24,31,11,111,Saturday,normal,15:00:00,15,183.0,0.3784,0.4054,0,1,-0.7071,-0.7071,Afternoon,0,0.6739,0.6885,1.09,167.5,171.25
3:15:00 PM,28,80,26,35,6,147,Saturday,high,15:15:00,15,216.0,0.2789,0.5442,0,1,-0.7071,-0.7071,Afternoon,0,0.4321,0.5694,1.29,183.0,184.5
3:30:00 PM,28,83,18,6,15,122,Saturday,normal,15:30:00,15,155.0,0.1721,0.6803,0,1,-0.7071,-0.7071,Afternoon,0,0.0714,0.4065,0.92,216.0,180.38
3:45:00 PM,28,68,19,15,11,113,Saturday,normal,15:45:00,15,155.5,0.2301,0.6018,0,1,-0.7071,-0.7071,Afternoon,0,0.2174,0.5016,0.93,155.0,177.38
4:00:00 PM,28,101,37,48,9,195,Saturday,heavy,16:00:00,16,290.5,0.2923,0.5179,1,1,-0.866,-0.5,Afternoon,0,0.4706,0.5886,1.73,155.5,204.25
4:15:00 PM,28,149,32,29,10,220,Saturday,heavy,16:15:00,16,282.0,0.1773,0.6773,1,1,-0.866,-0.5,Afternoon,0,0.1933,0.4149,1.68,290.5,220.75
4:30:00 PM,28,136,21,33,9,199,Saturday,heavy,16:30:00,16,272.5,0.2111,0.6834,1,1,-0.866,-0.5,Afternoon,0,0.2409,0.4624,1.62,282.0,250.12
4:45:00 PM,28,105,20,23,7,155,Saturday,normal,16:45:00,16,205.0,0.1935,0.6774,1,1,-0.866,-0.5,Afternoon,0,0.217,0.439,1.22,272.5,262.5
5:00:00 PM,28,125,12,20,8,165,Saturday,normal,17:00:00,17,215.0,0.1697,0.7576,1,1,-0.9659,-0.2588,Evening,1,0.1587,0.3907,1.28,205.0,243.62
5:15:00 PM,28,125,14,26,5,170,Saturday,heavy,17:15:00,17,225.0,0.1824,0.7353,1,1,-0.9659,-0.2588,Evening,1,0.2063,0.4133,1.34,215.0,229.38
5:30:00 PM,28,118,28,23,8,177,Saturday,heavy,17:30:00,17,225.0,0.1751,0.6667,1,1,-0.9659,-0.2588,Evening,1,0.1933,0.4133,1.34,225.0,217.5
5:45:00 PM,28,114,32,45,6,197,Saturday,heavy,17:45:00,17,283.0,0.2589,0.5787,1,1,-0.9659,-0.2588,Evening,1,0.3913,0.5406,1.68,225.0,237.0
6:00:00 PM,28,123,37,46,8,214,Saturday,heavy,18:00:00,18,303.5,0.2523,0.5748,1,1,-1.0,-0.0,Evening,1,0.371,0.5338,1.81,283.0,259.12
6:15:00 PM,28,115,23,22,7,167,Saturday,normal,18:15:00,18,213.5,0.1737,0.6886,1,1,-1.0,-0.0,Evening,1,0.1897,0.4075,1.27,303.5,256.25
6:30:00 PM,28,111,25,35,10,181,Saturday,heavy,18:30:00,18,258.5,0.2486,0.6133,1,1,-1.0,-0.0,Evening,1,0.3125,0.5222,1.54,213.5,264.62
6:45:00 PM,28,66,8,11,9,94,Saturday,low,18:45:00,18,130.0,0.2128,0.7021,1,1,-1.0,-0.0,Evening,1,0.1642,0.4615,0.77,258.5,226.38
7:00:00 PM,28,103,12,17,23,155,Saturday,high,19:00:00,19,229.0,0.2581,0.6645,0,1,-0.9659,0.2588,Evening,1,0.1635,0.524,1.36,130.0,207.75
7:15:00 PM,28,94,14,14,24,146,Saturday,high,19:15:00,19,215.0,0.2603,0.6438,0,1,-0.9659,0.2588,Evening,1,0.1474,0.5302,1.28,229.0,208.12
7:30:00 PM,28,105,23,15,18,161,Saturday,normal,19:30:00,19,215.5,0.205,0.6522,0,1,-0.9659,0.2588,Evening,1,0.1415,0.4594,1.28,215.0,197.38
7:45:00 PM,28,53,22,14,35,124,Saturday,high,19:45:00,19,211.0,0.3952,0.4274,0,1,-0.9659,0.2588,Evening,1,0.2593,0.6967,1.26,215.5,217.62
8:00:00 PM,28,74,10,12,32,128,Saturday,high,20:00:00,20,211.0,0.3438,0.5781,0,1,-0.866,0.5,Evening,0,0.16,0.6256,1.26,211.0,213.12
8:15:00 PM,28,71,24,15,26,136,Saturday,high,20:15:00,20,206.0,0.3015,0.5221,0,1,-0.866,0.5,Evening,0,0.2083,0.5971,1.23,211.0,210.88
8:30:00 PM,28,61,21,15,32,129,Saturday,high,20:30:00,20,212.5,0.3643,0.4729,0,1,-0.866,0.5,Evening,0,0.2419,0.6635,1.27,206.0,210.12
8:45:00 PM,28,101,25,18,8,152,Saturday,normal,20:45:00,20,191.5,0.1711,0.6645,0,1,-0.866,0.5,Evening,0,0.1765,0.4073,1.14,212.5,205.25
9:00:00 PM,28,104,22,10,14,150,Saturday,normal,21:00:00,21,187.0,0.16,0.6933,0,1,-0.7071,0.7071,Evening,0,0.0952,0.385,1.11,191.5,199.25
9:15:00 PM,28,79,20,15,18,132,Saturday,normal,21:15:00,21,188.0,0.25,0.5985,0,1,-0.7071,0.7071,Evening,0,0.1875,0.5266,1.12,187.0,194.75
9:30:00 PM,28,70,20,11,14,115,Saturday,normal,21:30:00,21,155.0,0.2174,0.6087,0,1,-0.7071,0.7071,Evening,0,0.1549,0.4839,0.92,188.0,180.38
9:45:00 PM,28,74,16,14,34,138,Saturday,high,21:45:00,21,226.0,0.3478,0.5362,0,1,-0.7071,0.7071,Evening,0,0.1867,0.6372,1.35,155.0,189.0
10:00:00 PM,28,20,5,0,21,46,Saturday,normal,22:00:00,22,85.5,0.4565,0.4348,0,1,-0.5,0.866,Night,0,0.0,0.7368,0.51,226.0,163.62
10:15:00 PM,28,16,0,0,36,52,Saturday,normal,22:15:00,22,124.0,0.6923,0.3077,0,1,-0.5,0.866,Night,0,0.0,0.871,0.74,85.5,147.62
10:30:00 PM,28,14,3,0,20,37,Saturday,normal,22:30:00,22,75.5,0.5405,0.3784,0,1,-0.5,0.866,Night,0,0.0,0.7947,0.45,124.0,127.75
10:45:00 PM,28,14,1,1,30,46,Saturday,normal,22:45:00,22,107.5,0.6739,0.3043,0,1,-0.5,0.866,Night,0,0.0667,0.8651,0.64,75.5,98.12
11:00:00 PM,28,17,0,1,12,30,Saturday,low,23:00:00,23,56.0,0.4333,0.5667,0,1,-0.2588,0.9659,Night,0,0.0556,0.6964,0.33,107.5,90.75
11:15:00 PM,28,14,0,0,14,28,Saturday,normal,23:15:00,23,56.0,0.5,0.5,0,1,-0.2588,0.9659,Night,0,0.0,0.75,0.33,56.0,73.75
11:30:00 PM,28,18,5,0,40,63,Saturday,normal,23:30:00,23,140.5,0.6349,0.2857,0,1,-0.2588,0.9659,Night,0,0.0,0.8541,0.84,56.0,90.0
11:45:00 PM,28,17,2,0,18,37,Saturday,normal,23:45:00,23,72.0,0.4865,0.4595,0,1,-0.2588,0.9659,Night,0,0.0,0.75,0.43,140.5,81.12
12:00:00 AM,29,14,1,1,35,51,Sunday,normal,00:00:00,0,122.5,0.7059,0.2745,0,1,0.0,1.0,Night,0,0.0667,0.8816,0.73,122.5,122.5
12:15:00 AM,29,14,2,1,26,43,Sunday,normal,00:15:00,0,96.0,0.6279,0.3256,0,1,0.0,1.0,Night,0,0.0667,0.8437,0.57,122.5,109.25
12:30:00 AM,29,16,0,1,37,54,Sunday,normal,00:30:00,0,130.0,0.7037,0.2963,0,1,0.0,1.0,Night,0,0.0588,0.8769,0.77,96.0,116.17
12:45:00 AM,29,14,4,1,32,51,Sunday,normal,00:45:00,0,115.0,0.6471,0.2745,0,1,0.0,1.0,Night,0,0.0667,0.8609,0.68,130.0,115.88
1:00:00 AM,29,19,5,0,12,36,Sunday,low,01:00:00,1,57.5,0.3333,0.5278,0,1,0.2588,0.9659,Night,0,0.0,0.6261,0.34,115.0,99.62
1:15:00 AM,29,11,0,1,31,43,Sunday,normal,01:15:00,1,107.0,0.7442,0.2558,0,1,0.2588,0.9659,Night,0,0.0833,0.8972,0.64,57.5,102.38
1:30:00 AM,29,12,0,0,32,44,Sunday,normal,01:30:00,1,108.0,0.7273,0.2727,0,1,0.2588,0.9659,Night,0,0.0,0.8889,0.64,107.0,96.88
1:45:00 AM,29,12,3,0,32,47,Sunday,normal,01:45:00,1,109.5,0.6809,0.2553,0,1,0.2588,0.9659,Night,0,0.0,0.8767,0.65,108.0,95.5
2:00:00 AM,29,18,4,1,31,54,Sunday,normal,02:00:00,2,116.0,0.5926,0.3333,0,1,0.5,0.866,Night,0,0.0526,0.8276,0.69,109.5,110.12
2:15:00 AM,29,17,4,1,20,42,Sunday,normal,02:15:00,2,82.0,0.5,0.4048,0,1,0.5,0.866,Night,0,0.0556,0.7683,0.49,116.0,103.88
2:30:00 AM,29,17,0,0,22,39,Sunday,normal,02:30:00,2,83.0,0.5641,0.4359,0,1,0.5,0.866,Night,0,0.0,0.7952,0.49,82.0,97.62
2:45:00 AM,29,19,2,1,12,34,Sunday,low,02:45:00,2,59.0,0.3824,0.5588,0,1,0.5,0.866,Night,0,0.05,0.661,0.35,83.0,85.0
3:00:00 AM,29,18,2,1,19,40,Sunday,normal,03:00:00,3,79.0,0.5,0.45,0,1,0.7071,0.7071,Night,0,0.0526,0.7595,0.47,59.0,75.75
3:15:00 AM,29,19,5,0,26,50,Sunday,normal,03:15:00,3,99.5,0.52,0.38,0,1,0.7071,0.7071,Night,0,0.0,0.7839,0.59,79.0,80.12
3:30:00 AM,29,19,5,1,35,60,Sunday,normal,03:30:00,3,129.5,0.6,0.3167,0,1,0.7071,0.7071,Night,0,0.05,0.834,0.77,99.5,91.75
3:45:00 AM,29,18,0,0,20,38,Sunday,normal,03:45:00,3,78.0,0.5263,0.4737,0,1,0.7071,0.7071,Night,0,0.0,0.7692,0.46,129.5,96.5
4:00:00 AM,29,16,0,0,30,46,Sunday,normal,04:00:00,4,106.0,0.6522,0.3478,0,1,0.866,0.5,Night,0,0.0,0.8491,0.63,78.0,103.25
4:15:00 AM,29,114,30,9,7,160,Sunday,normal,04:15:00,4,177.0,0.1,0.7125,0,1,0.866,0.5,Night,0,0.0783,0.2712,1.05,106.0,122.62
4:30:00 AM,29,102,17,2,14,135,Sunday,normal,04:30:00,4,158.5,0.1185,0.7556,0,1,0.866,0.5,Night,0,0.0194,0.3028,0.94,177.0,129.88
4:45:00 AM,29,55,4,7,13,79,Sunday,normal,04:45:00,4,117.0,0.2532,0.6962,0,1,0.866,0.5,Night,0,0.125,0.5128,0.7,158.5,139.62
5:00:00 AM,29,82,2,4,14,102,Sunday,normal,05:00:00,5,137.0,0.1765,0.8039,0,1,0.9659,0.2588,Morning,0,0.0482,0.3942,0.82,117.0,147.38
5:15:00 AM,29,66,16,9,19,110,Sunday,normal,05:15:00,5,158.0,0.2545,0.6,0,1,0.9659,0.2588,Morning,0,0.1343,0.5316,0.94,137.0,142.62
5:30:00 AM,29,86,5,1,13,105,Sunday,normal,05:30:00,5,130.5,0.1333,0.819,0,1,0.9659,0.2588,Morning,0,0.0115,0.3218,0.78,158.0,135.62
5:45:00 AM,29,108,24,2,19,153,Sunday,normal,05:45:00,5,183.0,0.1373,0.7059,0,1,0.9659,0.2588,Morning,0,0.0183,0.3443,1.09,130.5,152.12
6:00:00 AM,29,112,30,26,0,168,Sunday,heavy,06:00:00,6,205.0,0.1548,0.6667,1,1,1.0,0.0,Morning,0,0.2301,0.3805,1.22,183.0,169.12
6:15:00 AM,29,147,31,46,0,224,Sunday,heavy,06:15:00,6,300.5,0.2054,0.6562,1,1,1.0,0.0,Morning,0,0.3108,0.4592,1.79,205.0,204.75
6:30:00 AM,29,116,20,40,2,178,Sunday,heavy,06:30:00,6,252.0,0.236,0.6517,1,1,1.0,0.0,Morning,0,0.3419,0.5,1.5,300.5,235.12
6:45:00 AM,29,138,13,21,5,177,Sunday,heavy,06:45:00,6,222.5,0.1469,0.7797,1,1,1.0,0.0,Morning,0,0.1511,0.3506,1.32,252.0,245.0
7:00:00 AM,29,132,25,40,2,199,Sunday,heavy,07:00:00,7,270.5,0.2111,0.6633,1,1,0.9659,-0.2588,Morning,0,0.3008,0.4658,1.61,222.5,261.38
7:15:00 AM,29,124,14,31,4,173,Sunday,heavy,07:15:00,7,236.0,0.2023,0.7168,1,1,0.9659,-0.2588,Morning,0,0.248,0.4449,1.41,270.5,245.25
7:30:00 AM,29,106,27,25,1,159,Sunday,normal,07:30:00,7,197.5,0.1635,0.6667,1,1,0.9659,-0.2588,Morning,0,0.2336,0.3949,1.18,236.0,231.62
7:45:00 AM,29,104,24,29,5,162,Sunday,high,07:45:00,7,218.0,0.2099,0.642,1,1,0.9659,-0.2588,Morning,0,0.2762,0.4679,1.3,197.5,230.5
8:00:00 AM,29,140,31,21,4,196,Sunday,heavy,08:00:00,8,230.5,0.1276,0.7143,1,1,0.866,-0.5,Morning,1,0.1489,0.3254,1.37,218.0,220.5
8:15:00 AM,29,121,35,37,3,196,Sunday,heavy,08:15:00,8,258.5,0.2041,0.6173,1,1,0.866,-0.5,Morning,1,0.3033,0.4642,1.54,230.5,226.12
8:30:00 AM,29,135,23,37,5,200,Sunday,heavy,08:30:00,8,272.5,0.21,0.675,1,1,0.866,-0.5,Morning,1,0.2721,0.4624,1.62,258.5,244.88
8:45:00 AM,29,149,20,30,5,204,Sunday,heavy,08:45:00,8,264.0,0.1716,0.7304,1,1,0.866,-0.5,Morning,1,0.2,0.3977,1.57,272.5,256.38
9:00:00 AM,29,117,14,39,0,170,Sunday,heavy,09:00:00,9,241.0,0.2294,0.6882,0,1,0.7071,-0.7071,Morning,1,0.3305,0.4855,1.43,264.0,259.0
9:15:00 AM,29,39,8,23,13,83,Sunday,normal,09:15:00,9,151.0,0.4337,0.4699,0,1,0.7071,-0.7071,Morning,1,0.575,0.7152,0.9,241.0,232.12
9:30:00 AM,29,40,14,18,21,93,Sunday,normal,09:30:00,9,164.0,0.4194,0.4301,0,1,0.7071,-0.7071,Morning,1,0.439,0.7134,0.98,151.0,205.0
9:45:00 AM,29,49,1,35,18,103,Sunday,normal,09:45:00,9,208.5,0.5146,0.4757,0,1,0.7071,-0.7071,Morning,1,0.7,0.7626,1.24,164.0,191.12
10:00:00 AM,29,38,12,35,25,110,Sunday,normal,10:00:00,10,224.0,0.5455,0.3455,0,1,0.5,-0.866,Morning,0,0.8974,0.8036,1.33,208.5,186.88
10:15:00 AM,29,26,15,25,6,72,Sunday,normal,10:15:00,10,126.5,0.4306,0.3611,0,1,0.5,-0.866,Morning,0,0.9259,0.7352,0.75,224.0,180.75
10:30:00 AM,29,93,14,10,25,142,Sunday,high,10:30:00,10,205.0,0.2465,0.6549,0,1,0.5,-0.866,Morning,0,0.1064,0.5122,1.22,126.5,191.0
10:45:00 AM,29,54,24,37,20,135,Sunday,high,10:45:00,10,237.0,0.4222,0.4,0,1,0.5,-0.866,Morning,0,0.6727,0.7215,1.41,205.0,198.12
11:00:00 AM,29,32,6,10,23,71,Sunday,normal,11:00:00,11,134.0,0.4648,0.4507,0,1,0.2588,-0.9659,Morning,0,0.303,0.7388,0.8,237.0,175.62
11:15:00 AM,29,43,7,12,23,85,Sunday,normal,11:15:00,11,151.5,0.4118,0.5059,0,1,0.2588,-0.9659,Morning,0,0.2727,0.6931,0.9,134.0,181.88
11:30:00 AM,29,23,6,15,20,64,Sunday,normal,11:30:00,11,131.0,0.5469,0.3594,0,1,0.2588,-0.9659,Morning,0,0.625,0.8015,0.78,151.5,163.38
11:45:00 AM,29,26,5,8,25,64,Sunday,normal,11:45:00,11,127.5,0.5156,0.4062,0,1,0.2588,-0.9659,Morning,0,0.2963,0.7765,0.76,131.0,136.0
12:00:00 PM,29,55,7,8,27,97,Sunday,normal,12:00:00,12,163.5,0.3608,0.567,0,1,0.0,-1.0,Afternoon,0,0.1429,0.6422,0.97,127.5,143.38
12:15:00 PM,29,70,10,8,25,113,Sunday,high,12:15:00,12,174.0,0.292,0.6195,0,1,0.0,-1.0,Afternoon,0,0.1127,0.569,1.04,163.5,149.0
12:30:00 PM,29,66,10,3,29,108,Sunday,normal,12:30:00,12,167.0,0.2963,0.6111,0,1,0.0,-1.0,Afternoon,0,0.0448,0.5749,0.99,174.0,158.0
12:45:00 PM,29,66,7,15,26,114,Sunday,high,12:45:00,12,192.5,0.3596,0.5789,0,1,0.0,-1.0,Afternoon,0,0.2239,0.639,1.15,167.0,174.25
1:00:00 PM,29,46,6,7,21,80,Sunday,normal,13:00:00,13,133.0,0.35,0.575,0,1,-0.2588,-0.9659,Afternoon,0,0.1489,0.6316,0.79,192.5,166.62
1:15:00 PM,29,47,26,6,20,99,Sunday,normal,13:15:00,13,138.0,0.2626,0.4747,0,1,-0.2588,-0.9659,Afternoon,0,0.125,0.5652,0.82,133.0,157.62
1:30:00 PM,29,75,20,7,11,113,Sunday,normal,13:30:00,13,139.0,0.1593,0.6637,0,1,-0.2588,-0.9659,Afternoon,0,0.0921,0.3885,0.83,138.0,150.62
1:45:00 PM,29,76,29,15,19,139,Sunday,normal,13:45:00,13,192.5,0.2446,0.5468,0,1,-0.2588,-0.9659,Afternoon,0,0.1948,0.5299,1.15,139.0,150.62
2:00:00 PM,29,56,14,38,12,120,Sunday,high,14:00:00,14,213.0,0.4167,0.4667,0,1,-0.5,-0.866,Afternoon,0,0.6667,0.7042,1.27,192.5,170.62
2:15:00 PM,29,19,26,36,17,98,Sunday,normal,14:15:00,14,191.0,0.5408,0.1939,0,1,-0.5,-0.866,Afternoon,0,1.8,0.8325,1.14,213.0,183.88
2:30:00 PM,29,29,18,10,9,66,Sunday,low,14:30:00,14,95.0,0.2879,0.4394,0,1,-0.5,-0.866,Afternoon,0,0.3333,0.6,0.57,191.0,172.88
2:45:00 PM,29,15,12,18,15,60,Sunday,normal,14:45:00,14,120.0,0.55,0.25,0,1,-0.5,-0.866,Afternoon,0,1.125,0.825,0.71,95.0,154.75
3:00:00 PM,29,53,27,27,17,124,Sunday,high,15:00:00,15,198.5,0.3548,0.4274,0,1,-0.7071,-0.7071,Afternoon,0,0.5,0.665,1.18,120.0,151.12
3:15:00 PM,29,95,22,28,9,154,Sunday,high,15:15:00,15,217.0,0.2403,0.6169,0,1,-0.7071,-0.7071,Afternoon,0,0.2917,0.5115,1.29,198.5,157.62
3:30:00 PM,29,27,27,32,10,96,Sunday,normal,15:30:00,15,166.5,0.4375,0.2812,0,1,-0.7071,-0.7071,Afternoon,0,1.1429,0.7568,0.99,217.0,175.5
3:45:00 PM,29,68,28,31,15,142,Sunday,high,15:45:00,15,220.0,0.3239,0.4789,0,1,-0.7071,-0.7071,Afternoon,0,0.4493,0.6273,1.31,166.5,200.5
4:00:00 PM,29,120,14,25,8,167,Sunday,normal,16:00:00,16,226.0,0.1976,0.7186,1,1,-0.866,-0.5,Afternoon,0,0.2066,0.4381,1.35,220.0,207.38
4:15:00 PM,29,144,28,24,8,204,Sunday,heavy,16:15:00,16,254.0,0.1569,0.7059,1,1,-0.866,-0.5,Afternoon,0,0.1655,0.378,1.51,226.0,216.62
4:30:00 PM,29,112,31,43,8,194,Sunday,heavy,16:30:00,16,280.5,0.2629,0.5773,1,1,-0.866,-0.5,Afternoon,0,0.3805,0.5455,1.67,254.0,245.12
4:45:00 PM,29,149,28,20,10,207,Sunday,heavy,16:45:00,16,253.0,0.1449,0.7198,1,1,-0.866,-0.5,Afternoon,0,0.1333,0.3557,1.51,280.5,253.38
5:00:00 PM,29,131,29,34,8,202,Sunday,heavy,17:00:00,17,271.5,0.2079,0.6485,1,1,-0.9659,-0.2588,Evening,1,0.2576,0.4641,1.62,253.0,264.75
5:15:00 PM,29,104,31,41,9,185,Sunday,heavy,17:15:00,17,269.5,0.2703,0.5622,1,1,-0.9659,-0.2588,Evening,1,0.3905,0.5566,1.6,271.5,268.62
5:30:00 PM,29,141,30,27,7,205,Sunday,heavy,17:30:00,17,258.0,0.1659,0.6878,1,1,-0.9659,-0.2588,Evening,1,0.1901,0.3953,1.54,269.5,263.0
5:45:00 PM,29,117,10,47,9,183,Sunday,heavy,17:45:00,17,290.0,0.306,0.6393,1,1,-0.9659,-0.2588,Evening,1,0.3983,0.5793,1.73,258.0,272.25
6:00:00 PM,29,112,13,37,6,168,Sunday,heavy,18:00:00,18,247.5,0.256,0.6667,1,1,-1.0,-0.0,Evening,1,0.3274,0.5212,1.47,290.0,266.25
6:15:00 PM,29,127,40,39,8,214,Sunday,heavy,18:15:00,18,288.0,0.2196,0.5935,1,1,-1.0,-0.0,Evening,1,0.3047,0.4896,1.71,247.5,270.88
6:30:00 PM,29,131,15,31,6,183,Sunday,heavy,18:30:00,18,249.5,0.2022,0.7158,1,1,-1.0,-0.0,Evening,1,0.2348,0.4449,1.49,288.0,268.75
6:45:00 PM,29,66,8,10,11,95,Sunday,low,18:45:00,18,133.0,0.2211,0.6947,1,1,-1.0,-0.0,Evening,1,0.1493,0.4737,0.79,249.5,229.5
7:00:00 PM,29,61,23,18,34,136,Sunday,high,19:00:00,19,228.5,0.3824,0.4485,0,1,-0.9659,0.2588,Evening,1,0.2903,0.6827,1.36,133.0,224.75
7:15:00 PM,29,55,25,13,26,119,Sunday,high,19:15:00,19,184.5,0.3277,0.4622,0,1,-0.9659,0.2588,Evening,1,0.2321,0.6341,1.1,228.5,198.88
7:30:00 PM,29,85,23,20,6,134,Sunday,normal,19:30:00,19,174.5,0.194,0.6343,0,1,-0.9659,0.2588,Evening,1,0.2326,0.447,1.04,184.5,180.12
7:45:00 PM,29,75,20,19,19,133,Sunday,normal,19:45:00,19,199.0,0.2857,0.5639,0,1,-0.9659,0.2588,Evening,1,0.25,0.5729,1.18,174.5,196.62
8:00:00 PM,29,58,17,20,22,117,Sunday,high,20:00:00,20,192.5,0.359,0.4957,0,1,-0.866,0.5,Evening,0,0.339,0.6545,1.15,199.0,187.62
8:15:00 PM,29,60,23,11,26,120,Sunday,high,20:15:00,20,182.5,0.3083,0.5,0,1,-0.866,0.5,Evening,0,0.1803,0.6082,1.09,192.5,187.12
8:30:00 PM,29,80,21,11,7,119,Sunday,normal,20:30:00,20,144.5,0.1513,0.6723,0,1,-0.866,0.5,Evening,0,0.1358,0.3737,0.86,182.5,179.62
8:45:00 PM,29,74,9,14,35,132,Sunday,high,20:45:00,20,225.5,0.3712,0.5606,0,1,-0.866,0.5,Evening,0,0.1867,0.6519,1.34,144.5,186.25
9:00:00 PM,29,57,14,11,16,98,Sunday,normal,21:00:00,21,145.0,0.2755,0.5816,0,1,-0.7071,0.7071,Evening,0,0.1897,0.5586,0.86,225.5,174.38
9:15:00 PM,29,73,9,13,5,100,Sunday,low,21:15:00,21,131.5,0.18,0.73,0,1,-0.7071,0.7071,Evening,0,0.1757,0.4106,0.78,145.0,161.62
9:30:00 PM,29,80,25,19,26,150,Sunday,high,21:30:00,21,227.5,0.3,0.5333,0,1,-0.7071,0.7071,Evening,0,0.2346,0.5934,1.35,131.5,182.38
9:45:00 PM,29,82,13,12,21,128,Sunday,high,21:45:00,21,187.5,0.2578,0.6406,0,1,-0.7071,0.7071,Evening,0,0.1446,0.528,1.12,227.5,172.88
10:00:00 PM,29,15,4,0,27,46,Sunday,normal,22:00:00,22,98.0,0.587,0.3261,0,1,-0.5,0.866,Night,0,0.0,0.8265,0.58,187.5,161.12
10:15:00 PM,29,20,2,0,29,51,Sunday,normal,22:15:00,22,108.0,0.5686,0.3922,0,1,-0.5,0.866,Night,0,0.0,0.8056,0.64,98.0,155.25
10:30:00 PM,29,12,2,0,39,53,Sunday,normal,22:30:00,22,130.0,0.7358,0.2264,0,1,-0.5,0.866,Night,0,0.0,0.9,0.77,108.0,130.88
10:45:00 PM,29,10,4,1,13,28,Sunday,normal,22:45:00,22,54.0,0.5,0.3571,0,1,-0.5,0.866,Night,0,0.0909,0.7778,0.32,130.0,97.5
11:00:00 PM,29,16,0,1,29,46,Sunday,normal,23:00:00,23,106.0,0.6522,0.3478,0,1,-0.2588,0.9659,Night,0,0.0588,0.8491,0.63,54.0,99.5
11:15:00 PM,29,18,0,0,34,52,Sunday,normal,23:15:00,23,120.0,0.6538,0.3462,0,1,-0.2588,0.9659,Night,0,0.0,0.85,0.71,106.0,102.5
11:30:00 PM,29,11,5,1,19,36,Sunday,normal,23:30:00,23,73.5,0.5556,0.3056,0,1,-0.2588,0.9659,Night,0,0.0833,0.8163,0.44,120.0,88.38
11:45:00 PM,29,16,1,0,12,29,Sunday,low,23:45:00,23,52.5,0.4138,0.5517,0,1,-0.2588,0.9659,Night,0,0.0,0.6857,0.31,73.5,88.0
12:00:00 AM,30,13,3,1,12,29,Monday,low,00:00:00,0,53.5,0.4483,0.4483,0,0,0.0,1.0,Night,0,0.0714,0.729,0.32,53.5,53.5
12:15:00 AM,30,19,2,0,22,43,Monday,normal,00:15:00,0,86.0,0.5116,0.4419,0,0,0.0,1.0,Night,0,0.0,0.7674,0.51,53.5,69.75
12:30:00 AM,30,13,3,0,39,55,Monday,normal,00:30:00,0,131.5,0.7091,0.2364,0,0,0.0,1.0,Night,0,0.0,0.8897,0.78,86.0,90.33
12:45:00 AM,30,12,0,0,24,36,Monday,normal,00:45:00,0,84.0,0.6667,0.3333,0,0,0.0,1.0,Night,0,0.0,0.8571,0.5,131.5,88.75
1:00:00 AM,30,10,3,1,12,26,Monday,low,01:00:00,1,50.5,0.5,0.3846,0,0,0.2588,0.9659,Night,0,0.0909,0.7723,0.3,84.0,88.0
1:15:00 AM,30,11,4,0,38,53,Monday,normal,01:15:00,1,127.0,0.717,0.2075,0,0,0.2588,0.9659,Night,0,0.0,0.8976,0.76,50.5,98.25
1:30:00 AM,30,18,4,0,31,53,Monday,normal,01:30:00,1,113.0,0.5849,0.3396,0,0,0.2588,0.9659,Night,0,0.0,0.823,0.67,127.0,93.62
1:45:00 AM,30,19,1,0,34,54,Monday,normal,01:45:00,1,121.5,0.6296,0.3519,0,0,0.2588,0.9659,Night,0,0.0,0.8395,0.72,113.0,103.0
2:00:00 AM,30,18,1,0,27,46,Monday,normal,02:00:00,2,99.5,0.587,0.3913,0,0,0.5,0.866,Night,0,0.0,0.8141,0.59,121.5,115.25
2:15:00 AM,30,13,0,0,26,39,Monday,normal,02:15:00,2,91.0,0.6667,0.3333,0,0,0.5,0.866,Night,0,0.0,0.8571,0.54,99.5,106.25
2:30:00 AM,30,12,2,0,35,49,Monday,normal,02:30:00,2,118.0,0.7143,0.2449,0,0,0.5,0.866,Night,0,0.0,0.8898,0.7,91.0,107.5
2:45:00 AM,30,15,4,0,12,31,Monday,low,02:45:00,2,53.0,0.3871,0.4839,0,0,0.5,0.866,Night,0,0.0,0.6792,0.32,118.0,90.38
3:00:00 AM,30,10,5,0,33,48,Monday,normal,03:00:00,3,111.5,0.6875,0.2083,0,0,0.7071,0.7071,Night,0,0.0,0.8879,0.66,53.0,93.38
3:15:00 AM,30,14,0,0,15,29,Monday,normal,03:15:00,3,59.0,0.5172,0.4828,0,0,0.7071,0.7071,Night,0,0.0,0.7627,0.35,111.5,85.38
3:30:00 AM,30,16,0,0,16,32,Monday,normal,03:30:00,3,64.0,0.5,0.5,0,0,0.7071,0.7071,Night,0,0.0,0.75,0.38,59.0,71.88
3:45:00 AM,30,15,3,1,26,45,Monday,normal,03:45:00,3,97.5,0.6,0.3333,0,0,0.7071,0.7071,Night,0,0.0625,0.8308,0.58,64.0,83.0
4:00:00 AM,30,20,4,0,34,58,Monday,normal,04:00:00,4,124.0,0.5862,0.3448,0,0,0.866,0.5,Night,0,0.0,0.8226,0.74,97.5,86.12
4:15:00 AM,30,82,20,10,11,123,Monday,normal,04:15:00,4,155.0,0.1707,0.6667,0,0,0.866,0.5,Night,0,0.1205,0.4065,0.92,124.0,110.12
4:30:00 AM,30,99,7,3,6,115,Monday,normal,04:30:00,4,129.5,0.0783,0.8609,0,0,0.866,0.5,Night,0,0.03,0.2085,0.77,155.0,126.5
4:45:00 AM,30,74,29,9,4,116,Monday,normal,04:45:00,4,127.5,0.1121,0.6379,0,0,0.866,0.5,Night,0,0.12,0.3059,0.76,129.5,134.0
5:00:00 AM,30,94,1,1,14,110,Monday,normal,05:00:00,5,139.5,0.1364,0.8545,0,0,0.9659,0.2588,Morning,0,0.0105,0.3226,0.83,127.5,137.88
5:15:00 AM,30,63,12,10,17,102,Monday,normal,05:15:00,5,150.0,0.2647,0.6176,0,0,0.9659,0.2588,Morning,0,0.1562,0.54,0.89,139.5,136.62
5:30:00 AM,30,101,4,3,12,120,Monday,normal,05:30:00,5,148.0,0.125,0.8417,0,0,0.9659,0.2588,Morning,0,0.0294,0.3041,0.88,150.0,141.25
5:45:00 AM,30,106,9,3,10,128,Monday,normal,05:45:00,5,149.5,0.1016,0.8281,0,0,0.9659,0.2588,Morning,0,0.028,0.2609,0.89,148.0,146.75
6:00:00 AM,30,112,15,24,1,152,Monday,normal,06:00:00,6,194.5,0.1645,0.7368,1,0,1.0,0.0,Morning,0,0.2124,0.3856,1.16,149.5,160.5
6:15:00 AM,30,148,26,25,0,199,Monday,heavy,06:15:00,6,236.0,0.1256,0.7437,1,0,1.0,0.0,Morning,0,0.1678,0.3178,1.41,194.5,182.0
6:30:00 AM,30,115,20,31,3,169,Monday,heavy,06:30:00,6,227.0,0.2012,0.6805,1,0,1.0,0.0,Morning,0,0.2672,0.4493,1.35,236.0,201.75
6:45:00 AM,30,125,11,24,0,160,Monday,normal,06:45:00,6,202.5,0.15,0.7812,1,0,1.0,0.0,Morning,0,0.1905,0.3556,1.21,227.0,215.0
7:00:00 AM,30,140,38,38,0,216,Monday,heavy,07:00:00,7,273.0,0.1759,0.6481,1,0,0.9659,-0.2588,Morning,0,0.2695,0.4176,1.63,202.5,234.62
7:15:00 AM,30,150,17,35,5,207,Monday,heavy,07:15:00,7,278.5,0.1932,0.7246,1,0,0.9659,-0.2588,Morning,0,0.2318,0.4309,1.66,273.0,245.25
7:30:00 AM,30,149,11,42,2,204,Monday,heavy,07:30:00,7,286.5,0.2157,0.7304,1,0,0.9659,-0.2588,Morning,0,0.28,0.4607,1.71,278.5,260.12
7:45:00 AM,30,150,22,38,3,213,Monday,heavy,07:45:00,7,284.0,0.1925,0.7042,1,0,0.9659,-0.2588,Morning,0,0.2517,0.4331,1.69,286.5,280.5
8:00:00 AM,30,147,32,25,4,208,Monday,heavy,08:00:00,8,250.0,0.1394,0.7067,1,0,0.866,-0.5,Morning,1,0.1689,0.348,1.49,284.0,274.75
8:15:00 AM,30,138,39,45,4,226,Monday,heavy,08:15:00,8,304.5,0.2168,0.6106,1,0,0.866,-0.5,Morning,1,0.3237,0.4828,1.81,250.0,281.25
8:30:00 AM,30,149,16,49,1,215,Monday,heavy,08:30:00,8,307.0,0.2326,0.693,1,0,0.866,-0.5,Morning,1,0.3267,0.4886,1.83,304.5,286.38
8:45:00 AM,30,139,10,50,2,201,Monday,heavy,08:45:00,8,300.0,0.2587,0.6915,1,0,0.866,-0.5,Morning,1,0.3571,0.52,1.79,307.0,290.38
9:00:00 AM,30,109,25,49,2,185,Monday,heavy,09:00:00,9,274.5,0.2757,0.5892,0,0,0.7071,-0.7071,Morning,1,0.4455,0.5574,1.63,300.0,296.5
9:15:00 AM,30,84,24,12,28,148,Monday,high,09:15:00,9,216.0,0.2703,0.5676,0,0,0.7071,-0.7071,Morning,1,0.1412,0.5556,1.29,274.5,274.38
9:30:00 AM,30,38,8,6,5,57,Monday,low,09:30:00,9,75.0,0.193,0.6667,0,0,0.7071,-0.7071,Morning,1,0.1538,0.44,0.45,216.0,216.38
9:45:00 AM,30,45,16,6,21,88,Monday,normal,09:45:00,9,134.0,0.3068,0.5114,0,0,0.7071,-0.7071,Morning,1,0.1304,0.6045,0.8,75.0,174.88
10:00:00 AM,30,57,4,36,14,111,Monday,normal,10:00:00,10,209.0,0.4505,0.5135,0,0,0.5,-0.866,Morning,0,0.6207,0.7177,1.24,134.0,158.5
10:15:00 AM,30,84,12,6,28,130,Monday,high,10:15:00,10,192.0,0.2615,0.6462,0,0,0.5,-0.866,Morning,0,0.0706,0.5312,1.14,209.0,152.5
10:30:00 AM,30,55,25,33,21,134,Monday,high,10:30:00,10,229.5,0.403,0.4104,0,0,0.5,-0.866,Morning,0,0.5893,0.7059,1.37,192.0,191.12
10:45:00 AM,30,14,15,5,21,55,Monday,normal,10:45:00,10,99.5,0.4727,0.2545,0,0,0.5,-0.866,Morning,0,0.3333,0.7839,0.59,229.5,182.5
11:00:00 AM,30,26,8,11,20,65,Monday,normal,11:00:00,11,123.0,0.4769,0.4,0,0,0.2588,-0.9659,Morning,0,0.4074,0.7561,0.73,99.5,161.0
11:15:00 AM,30,60,10,9,27,106,Monday,normal,11:15:00,11,173.0,0.3396,0.566,0,0,0.2588,-0.9659,Morning,0,0.1475,0.6243,1.03,123.0,156.25
11:30:00 AM,30,34,6,7,25,72,Monday,normal,11:30:00,11,133.0,0.4444,0.4722,0,0,0.2588,-0.9659,Morning,0,0.2,0.7218,0.79,173.0,132.12
11:45:00 AM,30,22,9,8,26,65,Monday,normal,11:45:00,11,128.5,0.5231,0.3385,0,0,0.2588,-0.9659,Morning,0,0.3478,0.7938,0.77,133.0,139.38
12:00:00 PM,30,59,10,11,30,110,Monday,normal,12:00:00,12,187.0,0.3727,0.5364,0,0,0.0,-1.0,Afternoon,0,0.1833,0.6578,1.11,128.5,155.38
12:15:00 PM,30,48,6,14,28,96,Monday,normal,12:15:00,12,177.0,0.4375,0.5,0,0,0.0,-1.0,Afternoon,0,0.2857,0.7119,1.05,187.0,156.38
12:30:00 PM,30,46,9,11,23,89,Monday,normal,12:30:00,12,152.5,0.382,0.5169,0,0,0.0,-1.0,Afternoon,0,0.234,0.6689,0.91,177.0,161.25
12:45:00 PM,30,37,9,8,20,74,Monday,normal,12:45:00,12,125.5,0.3784,0.5,0,0,0.0,-1.0,Afternoon,0,0.2105,0.6693,0.75,152.5,160.5
1:00:00 PM,30,67,9,11,21,108,Monday,normal,13:00:00,13,167.5,0.2963,0.6204,0,0,-0.2588,-0.9659,Afternoon,0,0.1618,0.5731,1.0,125.5,155.62
1:15:00 PM,30,32,19,39,9,99,Monday,normal,13:15:00,13,185.5,0.4848,0.3232,0,0,-0.2588,-0.9659,Afternoon,0,1.1818,0.7763,1.1,167.5,157.75
1:30:00 PM,30,63,12,22,5,102,Monday,normal,13:30:00,13,150.0,0.2647,0.6176,0,0,-0.2588,-0.9659,Afternoon,0,0.3438,0.54,0.89,185.5,157.12
1:45:00 PM,30,32,29,25,11,97,Monday,normal,13:45:00,13,154.5,0.3711,0.3299,0,0,-0.2588,-0.9659,Afternoon,0,0.7576,0.699,0.92,150.0,164.38
2:00:00 PM,30,83,22,40,20,165,Monday,high,14:00:00,14,274.0,0.3636,0.503,0,0,-0.5,-0.866,Afternoon,0,0.4762,0.6569,1.63,154.5,191.0
2:15:00 PM,30,40,14,31,19,104,Monday,normal,14:15:00,14,197.0,0.4808,0.3846,0,0,-0.5,-0.866,Afternoon,0,0.7561,0.7614,1.17,274.0,193.88
2:30:00 PM,30,101,22,39,19,181,Monday,heavy,14:30:00,14,286.0,0.3204,0.558,0,0,-0.5,-0.866,Afternoon,0,0.3824,0.6084,1.7,197.0,227.88
2:45:00 PM,30,62,29,31,11,133,Monday,high,14:45:00,14,202.5,0.3158,0.4662,0,0,-0.5,-0.866,Afternoon,0,0.4921,0.6222,1.21,286.0,239.88
3:00:00 PM,30,20,19,25,8,72,Monday,normal,15:00:00,15,128.5,0.4583,0.2778,0,0,-0.7071,-0.7071,Afternoon,0,1.1905,0.7704,0.77,202.5,203.5
3:15:00 PM,30,42,22,5,9,78,Monday,low,15:15:00,15,95.0,0.1795,0.5385,0,0,-0.7071,-0.7071,Afternoon,0,0.1163,0.4421,0.57,128.5,178.0
3:30:00 PM,30,37,17,12,16,82,Monday,normal,15:30:00,15,129.5,0.3415,0.4512,0,0,-0.7071,-0.7071,Afternoon,0,0.3158,0.6486,0.77,95.0,138.88
3:45:00 PM,30,95,12,20,15,142,Monday,normal,15:45:00,15,206.0,0.2465,0.669,0,0,-0.7071,-0.7071,Afternoon,0,0.2083,0.5097,1.23,129.5,139.75
4:00:00 PM,30,137,14,41,10,202,Monday,heavy,16:00:00,16,297.0,0.2525,0.6782,1,0,-0.866,-0.5,Afternoon,0,0.2971,0.5152,1.77,206.0,181.88
4:15:00 PM,30,122,21,20,10,173,Monday,heavy,16:15:00,16,222.5,0.1734,0.7052,1,0,-0.866,-0.5,Afternoon,0,0.1626,0.4045,1.32,297.0,213.75
4:30:00 PM,30,104,19,39,9,171,Monday,heavy,16:30:00,16,257.5,0.2807,0.6082,1,0,-0.866,-0.5,Afternoon,0,0.3714,0.5592,1.53,222.5,245.75
4:45:00 PM,30,147,21,40,9,217,Monday,heavy,16:45:00,16,304.5,0.2258,0.6774,1,0,-0.866,-0.5,Afternoon,0,0.2703,0.4828,1.81,257.5,270.38
5:00:00 PM,30,105,38,34,7,184,Monday,heavy,17:00:00,17,247.0,0.2228,0.5707,1,0,-0.9659,-0.2588,Evening,1,0.3208,0.498,1.47,304.5,257.88
5:15:00 PM,30,124,23,46,5,198,Monday,heavy,17:15:00,17,288.5,0.2576,0.6263,1,0,-0.9659,-0.2588,Evening,1,0.368,0.5303,1.72,247.0,274.38
5:30:00 PM,30,135,18,20,5,178,Monday,heavy,17:30:00,17,219.0,0.1404,0.7584,1,0,-0.9659,-0.2588,Evening,1,0.1471,0.3425,1.3,288.5,264.75
5:45:00 PM,30,107,35,23,8,173,Monday,heavy,17:45:00,17,217.5,0.1792,0.6185,1,0,-0.9659,-0.2588,Evening,1,0.213,0.4276,1.29,219.0,243.0
6:00:00 PM,30,109,21,24,10,164,Monday,normal,18:00:00,18,221.5,0.2073,0.6646,1,0,-1.0,-0.0,Evening,1,0.2182,0.4605,1.32,217.5,236.62
6:15:00 PM,30,136,32,26,8,202,Monday,heavy,18:15:00,18,254.0,0.1683,0.6733,1,0,-1.0,-0.0,Evening,1,0.1898,0.4016,1.51,221.5,228.0
6:30:00 PM,30,134,23,49,8,214,Monday,heavy,18:30:00,18,316.5,0.2664,0.6262,1,0,-1.0,-0.0,Evening,1,0.363,0.5403,1.88,254.0,252.38
6:45:00 PM,30,90,20,11,25,146,Monday,high,18:45:00,18,208.0,0.2466,0.6164,1,0,-1.0,-0.0,Evening,1,0.1209,0.5192,1.24,316.5,250.0
7:00:00 PM,30,104,5,16,16,141,Monday,normal,19:00:00,19,202.5,0.227,0.7376,0,0,-0.9659,0.2588,Evening,1,0.1524,0.4741,1.21,208.0,245.25
7:15:00 PM,30,60,21,13,6,100,Monday,low,19:15:00,19,127.5,0.19,0.6,0,0,-0.9659,0.2588,Evening,1,0.2131,0.4471,0.76,202.5,213.62
7:30:00 PM,30,104,22,11,13,150,Monday,normal,19:30:00,19,187.0,0.16,0.6933,0,0,-0.9659,0.2588,Evening,1,0.1048,0.385,1.11,127.5,181.25
7:45:00 PM,30,54,23,10,25,112,Monday,high,19:45:00,19,170.5,0.3125,0.4821,0,0,-0.9659,0.2588,Evening,1,0.1818,0.6158,1.02,187.0,171.88
8:00:00 PM,30,68,6,15,34,123,Monday,high,20:00:00,20,218.0,0.3984,0.5528,0,0,-0.866,0.5,Evening,0,0.2174,0.6743,1.3,170.5,175.75
8:15:00 PM,30,88,13,19,19,139,Monday,normal,20:15:00,20,208.5,0.2734,0.6331,0,0,-0.866,0.5,Evening,0,0.2135,0.5468,1.24,218.0,196.0
8:30:00 PM,30,64,22,16,16,118,Monday,normal,20:30:00,20,171.0,0.2712,0.5424,0,0,-0.866,0.5,Evening,0,0.2462,0.5614,1.02,208.5,192.0
8:45:00 PM,30,58,24,14,24,120,Monday,high,20:45:00,20,184.0,0.3167,0.4833,0,0,-0.866,0.5,Evening,0,0.2373,0.6196,1.1,171.0,195.38
9:00:00 PM,30,67,19,12,9,107,Monday,low,21:00:00,21,139.5,0.1963,0.6262,0,0,-0.7071,0.7071,Evening,0,0.1765,0.4516,0.83,184.0,175.75
9:15:00 PM,30,73,20,18,7,118,Monday,normal,21:15:00,21,158.0,0.2119,0.6186,0,0,-0.7071,0.7071,Evening,0,0.2432,0.4747,0.94,139.5,163.12
9:30:00 PM,30,109,25,16,20,170,Monday,heavy,21:30:00,21,229.5,0.2118,0.6412,0,0,-0.7071,0.7071,Evening,0,0.1455,0.4706,1.37,158.0,177.75
9:45:00 PM,30,63,15,11,23,112,Monday,high,21:45:00,21,172.5,0.3036,0.5625,0,0,-0.7071,0.7071,Evening,0,0.1719,0.5913,1.03,229.5,174.88
10:00:00 PM,30,19,4,1,26,50,Monday,normal,22:00:00,22,102.0,0.54,0.38,0,0,-0.5,0.866,Night,0,0.05,0.7941,0.61,172.5,165.5
10:15:00 PM,30,15,1,0,34,50,Monday,normal,22:15:00,22,117.5,0.68,0.3,0,0,-0.5,0.866,Night,0,0.0,0.8681,0.7,102.0,155.38
10:30:00 PM,30,15,5,1,14,35,Monday,normal,22:30:00,22,62.5,0.4286,0.4286,0,0,-0.5,0.866,Night,0,0.0625,0.72,0.37,117.5,113.62
10:45:00 PM,30,19,3,1,33,56,Monday,normal,22:45:00,22,122.5,0.6071,0.3393,0,0,-0.5,0.866,Night,0,0.05,0.8327,0.73,62.5,101.12
11:00:00 PM,30,18,4,0,11,33,Monday,low,23:00:00,23,53.0,0.3333,0.5455,0,0,-0.2588,0.9659,Night,0,0.0,0.6226,0.32,122.5,88.88
11:15:00 PM,30,14,1,0,27,42,Monday,normal,23:15:00,23,95.5,0.6429,0.3333,0,0,-0.2588,0.9659,Night,0,0.0,0.8482,0.57,53.0,83.38
11:30:00 PM,30,19,0,0,37,56,Monday,normal,23:30:00,23,130.0,0.6607,0.3393,0,0,-0.2588,0.9659,Night,0,0.0,0.8538,0.77,95.5,100.25
11:45:00 PM,30,19,0,0,29,48,Monday,normal,23:45:00,23,106.0,0.6042,0.3958,0,0,-0.2588,0.9659,Night,0,0.0,0.8208,0.63,130.0,96.12
12:00:00 AM,31,18,1,0,30,49,Tuesday,normal,00:00:00,0,108.5,0.6122,0.3673,0,0,0.0,1.0,Night,0,0.0,0.8295,0.65,108.5,108.5
12:15:00 AM,31,19,3,0,18,40,Tuesday,normal,00:15:00,0,74.5,0.45,0.475,0,0,0.0,1.0,Night,0,0.0,0.7248,0.44,108.5,91.5
12:30:00 AM,31,15,2,1,34,52,Tuesday,normal,00:30:00,0,121.0,0.6731,0.2885,0,0,0.0,1.0,Night,0,0.0625,0.8678,0.72,74.5,101.33
12:45:00 AM,31,17,0,1,14,32,Tuesday,normal,00:45:00,0,62.0,0.4688,0.5312,0,0,0.0,1.0,Night,0,0.0556,0.7258,0.37,121.0,91.5
1:00:00 AM,31,12,0,0,33,45,Tuesday,normal,01:00:00,1,111.0,0.7333,0.2667,0,0,0.2588,0.9659,Night,0,0.0,0.8919,0.66,62.0,92.12
1:15:00 AM,31,20,0,1,20,41,Tuesday,normal,01:15:00,1,83.0,0.5122,0.4878,0,0,0.2588,0.9659,Night,0,0.0476,0.759,0.49,111.0,94.25
1:30:00 AM,31,10,2,0,18,30,Tuesday,normal,01:30:00,1,65.0,0.6,0.3333,0,0,0.2588,0.9659,Night,0,0.0,0.8308,0.39,83.0,80.25
1:45:00 AM,31,13,3,0,31,47,Tuesday,normal,01:45:00,1,107.5,0.6596,0.2766,0,0,0.2588,0.9659,Night,0,0.0,0.8651,0.64,65.0,91.62
2:00:00 AM,31,10,0,1,38,49,Tuesday,normal,02:00:00,2,127.0,0.7959,0.2041,0,0,0.5,0.866,Night,0,0.0909,0.9213,0.76,107.5,95.62
2:15:00 AM,31,19,1,1,28,49,Tuesday,normal,02:15:00,2,106.5,0.5918,0.3878,0,0,0.5,0.866,Night,0,0.05,0.8169,0.63,127.0,101.5
2:30:00 AM,31,19,4,0,16,39,Tuesday,normal,02:30:00,2,69.0,0.4103,0.4872,0,0,0.5,0.866,Night,0,0.0,0.6957,0.41,106.5,102.5
2:45:00 AM,31,16,1,0,15,32,Tuesday,normal,02:45:00,2,61.5,0.4688,0.5,0,0,0.5,0.866,Night,0,0.0,0.7317,0.37,69.0,91.0
3:00:00 AM,31,17,1,0,34,52,Tuesday,normal,03:00:00,3,119.5,0.6538,0.3269,0,0,0.7071,0.7071,Night,0,0.0,0.8536,0.71,61.5,89.12
3:15:00 AM,31,19,1,0,21,41,Tuesday,normal,03:15:00,3,82.5,0.5122,0.4634,0,0,0.7071,0.7071,Night,0,0.0,0.7636,0.49,119.5,83.12
3:30:00 AM,31,10,1,0,39,50,Tuesday,normal,03:30:00,3,127.5,0.78,0.2,0,0,0.7071,0.7071,Night,0,0.0,0.9176,0.76,82.5,97.75
3:45:00 AM,31,16,4,0,15,35,Tuesday,normal,03:45:00,3,63.0,0.4286,0.4571,0,0,0.7071,0.7071,Night,0,0.0,0.7143,0.38,127.5,98.12
4:00:00 AM,31,13,0,0,16,29,Tuesday,normal,04:00:00,4,61.0,0.5517,0.4483,0,0,0.866,0.5,Night,0,0.0,0.7869,0.36,63.0,83.5
4:15:00 AM,31,98,5,1,17,121,Tuesday,normal,04:15:00,4,154.5,0.1488,0.8099,0,0,0.866,0.5,Night,0,0.0101,0.3495,0.92,61.0,101.5
4:30:00 AM,31,65,10,3,8,86,Tuesday,low,04:30:00,4,103.0,0.1279,0.7558,0,0,0.866,0.5,Night,0,0.0455,0.3204,0.61,154.5,95.38
4:45:00 AM,31,98,17,0,20,135,Tuesday,normal,04:45:00,4,166.5,0.1481,0.7259,0,0,0.866,0.5,Night,0,0.0,0.3604,0.99,103.0,121.25
5:00:00 AM,31,60,20,5,6,91,Tuesday,low,05:00:00,5,103.0,0.1209,0.6593,0,0,0.9659,0.2588,Morning,0,0.082,0.3204,0.61,166.5,131.75
5:15:00 AM,31,110,18,10,11,149,Tuesday,normal,05:15:00,5,182.0,0.1409,0.7383,0,0,0.9659,0.2588,Morning,0,0.0901,0.3462,1.08,103.0,138.62
5:30:00 AM,31,70,13,4,13,100,Tuesday,normal,05:30:00,5,127.5,0.17,0.7,0,0,0.9659,0.2588,Morning,0,0.0563,0.4,0.76,182.0,144.75
5:45:00 AM,31,96,12,7,17,132,Tuesday,normal,05:45:00,5,174.0,0.1818,0.7273,0,0,0.9659,0.2588,Morning,0,0.0722,0.4138,1.04,127.5,146.62
6:00:00 AM,31,129,31,36,1,197,Tuesday,heavy,06:00:00,6,255.5,0.1878,0.6548,1,0,1.0,0.0,Morning,0,0.2769,0.4344,1.52,174.0,184.75
6:15:00 AM,31,146,28,47,3,224,Tuesday,heavy,06:15:00,6,310.0,0.2232,0.6518,1,0,1.0,0.0,Morning,0,0.3197,0.4839,1.85,255.5,216.75
6:30:00 AM,31,137,23,27,0,187,Tuesday,heavy,06:30:00,6,229.5,0.1444,0.7326,1,0,1.0,0.0,Morning,0,0.1957,0.3529,1.37,310.0,242.25
6:45:00 AM,31,131,28,24,0,183,Tuesday,heavy,06:45:00,6,217.0,0.1311,0.7158,1,0,1.0,0.0,Morning,0,0.1818,0.3318,1.29,229.5,253.0
7:00:00 AM,31,134,10,44,0,188,Tuesday,heavy,07:00:00,7,271.0,0.234,0.7128,1,0,0.9659,-0.2588,Morning,0,0.3259,0.4871,1.61,217.0,256.88
7:15:00 AM,31,109,25,24,0,158,Tuesday,normal,07:15:00,7,193.5,0.1519,0.6899,1,0,0.9659,-0.2588,Morning,0,0.2182,0.3721,1.15,271.0,227.75
7:30:00 AM,31,108,35,22,3,168,Tuesday,heavy,07:30:00,7,200.5,0.1488,0.6429,1,0,0.9659,-0.2588,Morning,0,0.2018,0.3741,1.19,193.5,220.5
7:45:00 AM,31,146,14,37,2,199,Tuesday,heavy,07:45:00,7,270.0,0.196,0.7337,1,0,0.9659,-0.2588,Morning,0,0.2517,0.4333,1.61,200.5,233.75
8:00:00 AM,31,147,21,41,5,214,Tuesday,heavy,08:00:00,8,295.5,0.215,0.6869,1,0,0.866,-0.5,Morning,1,0.277,0.467,1.76,270.0,239.88
8:15:00 AM,31,110,34,35,0,179,Tuesday,heavy,08:15:00,8,232.0,0.1955,0.6145,1,0,0.866,-0.5,Morning,1,0.3153,0.4526,1.38,295.5,249.5
8:30:00 AM,31,110,40,50,2,202,Tuesday,heavy,08:30:00,8,286.0,0.2574,0.5446,1,0,0.866,-0.5,Morning,1,0.4505,0.5455,1.7,232.0,270.88
8:45:00 AM,31,123,12,22,3,160,Tuesday,normal,08:45:00,8,204.0,0.1562,0.7688,1,0,0.866,-0.5,Morning,1,0.1774,0.3676,1.21,286.0,254.38
9:00:00 AM,31,145,25,20,5,195,Tuesday,heavy,09:00:00,9,232.5,0.1282,0.7436,0,0,0.7071,-0.7071,Morning,1,0.137,0.3226,1.38,204.0,238.62
9:15:00 AM,31,82,15,16,29,142,Tuesday,high,09:15:00,9,224.5,0.3169,0.5775,0,0,0.7071,-0.7071,Morning,1,0.1928,0.6013,1.34,232.5,236.75
9:30:00 AM,31,62,2,7,22,93,Tuesday,normal,09:30:00,9,150.0,0.3118,0.6667,0,0,0.7071,-0.7071,Morning,1,0.1111,0.58,0.89,224.5,202.75
9:45:00 AM,31,92,8,11,21,132,Tuesday,high,09:45:00,9,192.0,0.2424,0.697,0,0,0.7071,-0.7071,Morning,1,0.1183,0.5,1.14,150.0,199.75
10:00:00 AM,31,35,22,22,18,97,Tuesday,normal,10:00:00,10,166.0,0.4124,0.3608,0,0,0.5,-0.866,Morning,0,0.6111,0.7229,0.99,192.0,183.12
10:15:00 AM,31,66,25,13,13,117,Tuesday,normal,10:15:00,10,156.5,0.2222,0.5641,0,0,0.5,-0.866,Morning,0,0.194,0.4984,0.93,166.0,166.12
10:30:00 AM,31,50,2,25,12,89,Tuesday,normal,10:30:00,10,162.0,0.4157,0.5618,0,0,0.5,-0.866,Morning,0,0.4902,0.6852,0.96,156.5,169.12
10:45:00 AM,31,50,22,24,7,103,Tuesday,normal,10:45:00,10,154.0,0.301,0.4854,0,0,0.5,-0.866,Morning,0,0.4706,0.6039,0.92,162.0,159.62
11:00:00 AM,31,50,8,5,24,87,Tuesday,normal,11:00:00,11,141.0,0.3333,0.5747,0,0,0.2588,-0.9659,Morning,0,0.098,0.617,0.84,154.0,153.38
11:15:00 AM,31,55,5,5,21,86,Tuesday,normal,11:15:00,11,135.5,0.3023,0.6395,0,0,0.2588,-0.9659,Morning,0,0.0893,0.5756,0.81,141.0,148.12
11:30:00 AM,31,51,10,14,24,99,Tuesday,normal,11:30:00,11,170.0,0.3838,0.5152,0,0,0.2588,-0.9659,Morning,0,0.2692,0.6706,1.01,135.5,150.12
11:45:00 AM,31,34,8,14,21,77,Tuesday,normal,11:45:00,11,143.0,0.4545,0.4416,0,0,0.2588,-0.9659,Morning,0,0.4,0.7343,0.85,170.0,147.38
12:00:00 PM,31,25,7,5,20,57,Tuesday,normal,12:00:00,12,103.5,0.4386,0.4386,0,0,0.0,-1.0,Afternoon,0,0.1923,0.7246,0.62,143.0,138.0
12:15:00 PM,31,59,7,9,21,96,Tuesday,normal,12:15:00,12,152.5,0.3125,0.6146,0,0,0.0,-1.0,Afternoon,0,0.15,0.5902,0.91,103.5,142.25
12:30:00 PM,31,38,10,9,24,81,Tuesday,normal,12:30:00,12,142.0,0.4074,0.4691,0,0,0.0,-1.0,Afternoon,0,0.2308,0.6972,0.85,152.5,135.25
12:45:00 PM,31,70,10,9,23,112,Tuesday,high,12:45:00,12,171.0,0.2857,0.625,0,0,0.0,-1.0,Afternoon,0,0.1268,0.5614,1.02,142.0,142.25
1:00:00 PM,31,63,8,13,22,106,Tuesday,normal,13:00:00,13,172.0,0.3302,0.5943,0,0,-0.2588,-0.9659,Afternoon,0,0.2031,0.6105,1.02,171.0,159.38
1:15:00 PM,31,6,24,12,13,55,Tuesday,normal,13:15:00,13,93.0,0.4545,0.1091,0,0,-0.2588,-0.9659,Afternoon,0,1.7143,0.8065,0.55,172.0,144.5
1:30:00 PM,31,108,17,16,16,157,Tuesday,normal,13:30:00,13,212.5,0.2038,0.6879,0,0,-0.2588,-0.9659,Afternoon,0,0.1468,0.4518,1.27,93.0,162.12
1:45:00 PM,31,41,20,32,12,105,Tuesday,normal,13:45:00,13,183.0,0.419,0.3905,0,0,-0.2588,-0.9659,Afternoon,0,0.7619,0.7213,1.09,212.5,165.12
2:00:00 PM,31,54,10,20,9,93,Tuesday,normal,14:00:00,14,146.0,0.3118,0.5806,0,0,-0.5,-0.866,Afternoon,0,0.3636,0.5959,0.87,183.0,158.62
2:15:00 PM,31,60,19,14,7,100,Tuesday,low,14:15:00,14,132.5,0.21,0.6,0,0,-0.5,-0.866,Afternoon,0,0.2295,0.4755,0.79,146.0,168.5
2:30:00 PM,31,102,11,9,11,133,Tuesday,normal,14:30:00,14,167.5,0.1504,0.7669,0,0,-0.5,-0.866,Afternoon,0,0.0874,0.3582,1.0,132.5,157.25
2:45:00 PM,31,50,24,30,5,109,Tuesday,normal,14:45:00,14,167.0,0.3211,0.4587,0,0,-0.5,-0.866,Afternoon,0,0.5882,0.6287,0.99,167.5,153.25
3:00:00 PM,31,25,24,19,10,78,Tuesday,normal,15:00:00,15,124.0,0.3718,0.3205,0,0,-0.7071,-0.7071,Afternoon,0,0.7308,0.7016,0.74,167.0,147.75
3:15:00 PM,31,90,25,18,20,153,Tuesday,normal,15:15:00,15,216.5,0.2484,0.5882,0,0,-0.7071,-0.7071,Afternoon,0,0.1978,0.5266,1.29,124.0,168.75
3:30:00 PM,31,86,13,27,11,137,Tuesday,high,15:30:00,15,206.5,0.2774,0.6277,0,0,-0.7071,-0.7071,Afternoon,0,0.3103,0.5521,1.23,216.5,178.5
3:45:00 PM,31,44,19,17,9,89,Tuesday,normal,15:45:00,15,131.5,0.2921,0.4944,0,0,-0.7071,-0.7071,Afternoon,0,0.3778,0.5932,0.78,206.5,169.62
4:00:00 PM,31,126,24,35,8,193,Tuesday,heavy,16:00:00,16,267.0,0.2228,0.6528,1,0,-0.866,-0.5,Afternoon,0,0.2756,0.4831,1.59,131.5,205.38
4:15:00 PM,31,146,26,42,9,223,Tuesday,normal,16:15:00,16,312.0,0.2287,0.6547,1,0,-0.866,-0.5,Afternoon,0,0.2857,0.4904,1.86,267.0,229.25
4:30:00 PM,31,117,28,33,10,188,Tuesday,heavy,16:30:00,16,260.0,0.2287,0.6223,1,0,-0.866,-0.5,Afternoon,0,0.2797,0.4962,1.55,312.0,242.62
4:45:00 PM,31,144,36,49,10,239,Tuesday,heavy,16:45:00,16,339.0,0.2469,0.6025,1,0,-0.866,-0.5,Afternoon,0,0.3379,0.5221,2.02,260.0,294.5
5:00:00 PM,31,137,19,23,9,188,Tuesday,heavy,17:00:00,17,242.5,0.1702,0.7287,1,0,-0.9659,-0.2588,Evening,1,0.1667,0.3959,1.44,339.0,288.38
5:15:00 PM,31,118,19,48,5,190,Tuesday,heavy,17:15:00,17,286.5,0.2789,0.6211,1,0,-0.9659,-0.2588,Evening,1,0.4034,0.555,1.71,242.5,282.0
5:30:00 PM,31,119,27,28,8,182,Tuesday,heavy,17:30:00,17,240.5,0.1978,0.6538,1,0,-0.9659,-0.2588,Evening,1,0.2333,0.4491,1.43,286.5,277.12
5:45:00 PM,31,149,26,43,5,223,Tuesday,normal,17:45:00,17,306.0,0.2152,0.6682,1,0,-0.9659,-0.2588,Evening,1,0.2867,0.4706,1.82,240.5,268.88
6:00:00 PM,31,117,34,36,10,197,Tuesday,heavy,18:00:00,18,272.0,0.2335,0.5939,1,0,-1.0,-0.0,Evening,1,0.3051,0.5074,1.62,306.0,276.25
6:15:00 PM,31,124,30,44,10,208,Tuesday,heavy,18:15:00,18,301.0,0.2596,0.5962,1,0,-1.0,-0.0,Evening,1,0.352,0.5382,1.79,272.0,279.88
6:30:00 PM,31,141,36,48,5,230,Tuesday,heavy,18:30:00,18,318.0,0.2304,0.613,1,0,-1.0,-0.0,Evening,1,0.338,0.5,1.89,301.0,299.25
6:45:00 PM,31,78,6,11,28,123,Tuesday,high,18:45:00,18,198.0,0.3171,0.6341,1,0,-1.0,-0.0,Evening,1,0.1392,0.5909,1.18,318.0,272.25
7:00:00 PM,31,102,23,16,24,165,Tuesday,high,19:00:00,19,233.5,0.2424,0.6182,0,0,-0.9659,0.2588,Evening,1,0.1553,0.5139,1.39,198.0,262.62
7:15:00 PM,31,104,18,18,23,163,Tuesday,high,19:15:00,19,236.0,0.2515,0.638,0,0,-0.9659,0.2588,Evening,1,0.1714,0.5212,1.41,233.5,246.38
7:30:00 PM,31,95,9,19,7,130,Tuesday,normal,19:30:00,19,177.5,0.2,0.7308,0,0,-0.9659,0.2588,Evening,1,0.1979,0.4394,1.06,236.0,211.25
7:45:00 PM,31,105,13,12,20,150,Tuesday,normal,19:45:00,19,207.5,0.2133,0.7,0,0,-0.9659,0.2588,Evening,1,0.1132,0.4627,1.24,177.5,213.62
8:00:00 PM,31,100,18,16,34,168,Tuesday,heavy,20:00:00,20,259.0,0.2976,0.5952,0,0,-0.866,0.5,Evening,0,0.1584,0.5792,1.54,207.5,220.0
8:15:00 PM,31,80,14,20,15,129,Tuesday,normal,20:15:00,20,192.0,0.2713,0.6202,0,0,-0.866,0.5,Evening,0,0.2469,0.5469,1.14,259.0,209.0
8:30:00 PM,31,86,8,19,7,120,Tuesday,normal,20:30:00,20,168.0,0.2167,0.7167,0,0,-0.866,0.5,Evening,0,0.2184,0.4643,1.0,192.0,206.62
8:45:00 PM,31,108,20,14,15,157,Tuesday,normal,20:45:00,20,205.0,0.1847,0.6879,0,0,-0.866,0.5,Evening,0,0.1284,0.4244,1.22,168.0,206.0
9:00:00 PM,31,69,13,13,8,103,Tuesday,low,21:00:00,21,138.5,0.2039,0.6699,0,0,-0.7071,0.7071,Evening,0,0.1857,0.4549,0.82,205.0,175.88
9:15:00 PM,31,64,14,10,6,94,Tuesday,low,21:15:00,21,119.0,0.1702,0.6809,0,0,-0.7071,0.7071,Evening,0,0.1538,0.4034,0.71,138.5,157.62
9:30:00 PM,31,71,14,17,10,112,Tuesday,normal,21:30:00,21,159.0,0.2411,0.6339,0,0,-0.7071,0.7071,Evening,0,0.2361,0.5094,0.95,119.0,155.38
9:45:00 PM,31,61,9,18,24,112,Tuesday,high,21:45:00,21,191.5,0.375,0.5446,0,0,-0.7071,0.7071,Evening,0,0.2903,0.658,1.14,159.0,152.0
10:00:00 PM,31,11,4,0,31,46,Tuesday,normal,22:00:00,22,106.0,0.6739,0.2391,0,0,-0.5,0.866,Night,0,0.0,0.8774,0.63,191.5,143.88
10:15:00 PM,31,17,5,0,14,36,Tuesday,normal,22:15:00,22,61.5,0.3889,0.4722,0,0,-0.5,0.866,Night,0,0.0,0.6829,0.37,106.0,129.5
10:30:00 PM,31,15,5,0,18,38,Tuesday,normal,22:30:00,22,71.5,0.4737,0.3947,0,0,-0.5,0.866,Night,0,0.0,0.7552,0.43,61.5,107.62
10:45:00 PM,31,14,2,0,40,56,Tuesday,normal,22:45:00,22,135.0,0.7143,0.25,0,0,-0.5,0.866,Night,0,0.0,0.8889,0.8,71.5,93.5
11:00:00 PM,31,12,2,1,28,43,Tuesday,normal,23:00:00,23,100.0,0.6744,0.2791,0,0,-0.2588,0.9659,Night,0,0.0769,0.87,0.6,135.0,92.0
11:15:00 PM,31,18,0,1,40,59,Tuesday,normal,23:15:00,23,141.0,0.6949,0.3051,0,0,-0.2588,0.9659,Night,0,0.0526,0.8723,0.84,100.0,111.88
11:30:00 PM,31,14,5,0,13,32,Tuesday,normal,23:30:00,23,55.5,0.4062,0.4375,0,0,-0.2588,0.9659,Night,0,0.0,0.7027,0.33,141.0,107.88
11:45:00 PM,31,18,1,0,26,45,Tuesday,normal,23:45:00,23,96.5,0.5778,0.4,0,0,-0.2588,0.9659,Night,0,0.0,0.8083,0.57,55.5,98.25
